{"ts": "2026-05-11T07:11:51.261Z", "lvl": "INFO", "cat": "dependency", "component": "dependency", "msg": "DuckDB connected", "event_type": "DEPENDENCY_CONNECTED", "service": "DUCKDB", "status": "CONNECTED", "error_message": null, "retry_count": null, "symbol": "XAUUSD", "strategy": "alpha_breakout", "system_mode": "TEST", "session": "LONDON", "regime": "STRONG_TREND"}
{"ts": "2026-05-11T07:11:51.261Z", "lvl": "ERROR", "cat": "dependency", "component": "dependency", "msg": "Redis unavailable", "event_type": "DEPENDENCY_FAILED", "service": "REDIS", "status": "FAILED", "error_message": "Connection refused", "retry_count": null, "symbol": "XAUUSD", "strategy": "alpha_breakout", "system_mode": "TEST", "session": "LONDON", "regime": "STRONG_TREND"}
{"ts": "2026-05-11T07:26:17.708Z", "lvl": "DEBUG", "cat": "dependency", "component": "storage_service", "msg": "SQLite tables ensured"}
{"ts": "2026-05-11T07:26:17.709Z", "lvl": "INFO", "cat": "dependency", "component": "storage_service", "msg": "SQLite initialized: C:\\Users\\p venkata naveen\\Cursor ai\\Quant_Forex_V3\\QUANT_ENGINE_2026\\data\\journal.db"}
{"ts": "2026-05-11T07:26:17.709Z", "lvl": "WARNING", "cat": "dependency", "component": "storage_service", "msg": "DuckDB not installed.  Market data hub will be unavailable. Run: pip install duckdb"}
{"ts": "2026-05-11T07:26:17.710Z", "lvl": "INFO", "cat": "dependency", "component": "storage_service", "msg": "StorageService ready — DuckDB:C:\\Users\\p venkata naveen\\Cursor ai\\Quant_Forex_V3\\QUANT_ENGINE_2026\\data\\market.duckdb, SQLite:C:\\Users\\p venkata naveen\\Cursor ai\\Quant_Forex_V3\\QUANT_ENGINE_2026\\data\\journal.db"}
{"ts": "2026-05-11T07:32:26.189Z", "lvl": "DEBUG", "cat": "dependency", "component": "storage_service", "msg": "SQLite tables ensured"}
{"ts": "2026-05-11T07:32:26.190Z", "lvl": "INFO", "cat": "dependency", "component": "storage_service", "msg": "SQLite initialized: C:\\Users\\p venkata naveen\\Cursor ai\\Quant_Forex_V3\\QUANT_ENGINE_2026\\data\\journal.db"}
{"ts": "2026-05-11T07:32:26.191Z", "lvl": "WARNING", "cat": "dependency", "component": "storage_service", "msg": "DuckDB not installed.  Market data hub will be unavailable. Run: pip install duckdb"}
{"ts": "2026-05-11T07:32:26.191Z", "lvl": "INFO", "cat": "dependency", "component": "storage_service", "msg": "StorageService ready — DuckDB:C:\\Users\\p venkata naveen\\Cursor ai\\Quant_Forex_V3\\QUANT_ENGINE_2026\\data\\market.duckdb, SQLite:C:\\Users\\p venkata naveen\\Cursor ai\\Quant_Forex_V3\\QUANT_ENGINE_2026\\data\\journal.db"}
{"ts": "2026-05-11T07:32:41.737Z", "lvl": "DEBUG", "cat": "dependency", "component": "storage_service", "msg": "DuckDB not available — skipping read"}
{"ts": "2026-05-11T07:36:01.639Z", "lvl": "DEBUG", "cat": "dependency", "component": "storage_service", "msg": "DuckDB not available — skipping read"}
{"ts": "2026-05-11T07:38:20.717Z", "lvl": "DEBUG", "cat": "dependency", "component": "storage_service", "msg": "SQLite tables ensured"}
{"ts": "2026-05-11T07:38:20.717Z", "lvl": "INFO", "cat": "dependency", "component": "storage_service", "msg": "SQLite initialized: C:\\Users\\p venkata naveen\\Cursor ai\\Quant_Forex_V3\\QUANT_ENGINE_2026\\data\\journal.db"}
{"ts": "2026-05-11T07:38:20.718Z", "lvl": "WARNING", "cat": "dependency", "component": "storage_service", "msg": "DuckDB not installed.  Market data hub will be unavailable. Run: pip install duckdb"}
{"ts": "2026-05-11T07:38:20.718Z", "lvl": "INFO", "cat": "dependency", "component": "storage_service", "msg": "StorageService ready — DuckDB:C:\\Users\\p venkata naveen\\Cursor ai\\Quant_Forex_V3\\QUANT_ENGINE_2026\\data\\market.duckdb, SQLite:C:\\Users\\p venkata naveen\\Cursor ai\\Quant_Forex_V3\\QUANT_ENGINE_2026\\data\\journal.db"}
{"ts": "2026-05-11T07:38:36.808Z", "lvl": "DEBUG", "cat": "dependency", "component": "storage_service", "msg": "DuckDB not available — skipping read"}
{"ts": "2026-05-11T07:48:07.315Z", "lvl": "DEBUG", "cat": "dependency", "component": "storage_service", "msg": "SQLite tables ensured"}
{"ts": "2026-05-11T07:48:07.315Z", "lvl": "INFO", "cat": "dependency", "component": "storage_service", "msg": "SQLite initialized: C:\\Users\\p venkata naveen\\Cursor ai\\Quant_Forex_V3\\QUANT_ENGINE_2026\\data\\journal.db"}
{"ts": "2026-05-11T07:48:07.316Z", "lvl": "WARNING", "cat": "dependency", "component": "storage_service", "msg": "DuckDB not installed.  Market data hub will be unavailable. Run: pip install duckdb"}
{"ts": "2026-05-11T07:48:07.316Z", "lvl": "INFO", "cat": "dependency", "component": "storage_service", "msg": "StorageService ready — DuckDB:C:\\Users\\p venkata naveen\\Cursor ai\\Quant_Forex_V3\\QUANT_ENGINE_2026\\data\\market.duckdb, SQLite:C:\\Users\\p venkata naveen\\Cursor ai\\Quant_Forex_V3\\QUANT_ENGINE_2026\\data\\journal.db"}
{"ts": "2026-05-11T07:48:07.316Z", "lvl": "DEBUG", "cat": "dependency", "component": "storage_service", "msg": "DuckDB not available — skipping write"}
{"ts": "2026-05-11T07:48:07.332Z", "lvl": "DEBUG", "cat": "dependency", "component": "storage_service", "msg": "DuckDB not available — skipping write"}
{"ts": "2026-05-11T07:48:07.345Z", "lvl": "DEBUG", "cat": "dependency", "component": "storage_service", "msg": "DuckDB not available — skipping write"}
{"ts": "2026-05-11T07:48:07.361Z", "lvl": "DEBUG", "cat": "dependency", "component": "storage_service", "msg": "DuckDB not available — skipping write"}
{"ts": "2026-05-11T07:48:09.212Z", "lvl": "DEBUG", "cat": "dependency", "component": "storage_service", "msg": "SQLite tables ensured"}
{"ts": "2026-05-11T07:48:09.212Z", "lvl": "INFO", "cat": "dependency", "component": "storage_service", "msg": "SQLite initialized: C:\\Users\\PVENKA~1\\AppData\\Local\\Temp\\tmp8ybbv78l\\test_journal.db"}
{"ts": "2026-05-11T07:48:09.213Z", "lvl": "WARNING", "cat": "dependency", "component": "storage_service", "msg": "DuckDB not installed.  Market data hub will be unavailable. Run: pip install duckdb"}
{"ts": "2026-05-11T07:48:09.213Z", "lvl": "INFO", "cat": "dependency", "component": "storage_service", "msg": "StorageService ready — DuckDB:C:\\Users\\PVENKA~1\\AppData\\Local\\Temp\\tmp8ybbv78l\\test_market.duckdb, SQLite:C:\\Users\\PVENKA~1\\AppData\\Local\\Temp\\tmp8ybbv78l\\test_journal.db"}
{"ts": "2026-05-11T07:48:09.237Z", "lvl": "DEBUG", "cat": "dependency", "component": "storage_service", "msg": "SQLite tables ensured"}
{"ts": "2026-05-11T07:48:09.237Z", "lvl": "INFO", "cat": "dependency", "component": "storage_service", "msg": "SQLite initialized: C:\\Users\\PVENKA~1\\AppData\\Local\\Temp\\tmp283ko5tu\\test_journal.db"}
{"ts": "2026-05-11T07:48:09.237Z", "lvl": "WARNING", "cat": "dependency", "component": "storage_service", "msg": "DuckDB not installed.  Market data hub will be unavailable. Run: pip install duckdb"}
{"ts": "2026-05-11T07:48:09.237Z", "lvl": "INFO", "cat": "dependency", "component": "storage_service", "msg": "StorageService ready — DuckDB:C:\\Users\\PVENKA~1\\AppData\\Local\\Temp\\tmp283ko5tu\\test_market.duckdb, SQLite:C:\\Users\\PVENKA~1\\AppData\\Local\\Temp\\tmp283ko5tu\\test_journal.db"}
{"ts": "2026-05-11T07:48:09.251Z", "lvl": "DEBUG", "cat": "dependency", "component": "storage_service", "msg": "SQLite tables ensured"}
{"ts": "2026-05-11T07:48:09.252Z", "lvl": "INFO", "cat": "dependency", "component": "storage_service", "msg": "SQLite initialized: C:\\Users\\PVENKA~1\\AppData\\Local\\Temp\\tmp5h3i3hos\\test_journal.db"}
{"ts": "2026-05-11T07:48:09.252Z", "lvl": "WARNING", "cat": "dependency", "component": "storage_service", "msg": "DuckDB not installed.  Market data hub will be unavailable. Run: pip install duckdb"}
{"ts": "2026-05-11T07:48:09.252Z", "lvl": "INFO", "cat": "dependency", "component": "storage_service", "msg": "StorageService ready — DuckDB:C:\\Users\\PVENKA~1\\AppData\\Local\\Temp\\tmp5h3i3hos\\test_market.duckdb, SQLite:C:\\Users\\PVENKA~1\\AppData\\Local\\Temp\\tmp5h3i3hos\\test_journal.db"}
{"ts": "2026-05-11T07:48:09.270Z", "lvl": "DEBUG", "cat": "dependency", "component": "storage_service", "msg": "SQLite tables ensured"}
{"ts": "2026-05-11T07:48:09.270Z", "lvl": "INFO", "cat": "dependency", "component": "storage_service", "msg": "SQLite initialized: C:\\Users\\PVENKA~1\\AppData\\Local\\Temp\\tmp73k6y671\\test_journal.db"}
{"ts": "2026-05-11T07:48:09.270Z", "lvl": "WARNING", "cat": "dependency", "component": "storage_service", "msg": "DuckDB not installed.  Market data hub will be unavailable. Run: pip install duckdb"}
{"ts": "2026-05-11T07:48:09.271Z", "lvl": "INFO", "cat": "dependency", "component": "storage_service", "msg": "StorageService ready — DuckDB:C:\\Users\\PVENKA~1\\AppData\\Local\\Temp\\tmp73k6y671\\test_market.duckdb, SQLite:C:\\Users\\PVENKA~1\\AppData\\Local\\Temp\\tmp73k6y671\\test_journal.db"}
{"ts": "2026-05-11T07:48:09.285Z", "lvl": "DEBUG", "cat": "dependency", "component": "storage_service", "msg": "SQLite tables ensured"}
{"ts": "2026-05-11T07:48:09.285Z", "lvl": "INFO", "cat": "dependency", "component": "storage_service", "msg": "SQLite initialized: C:\\Users\\PVENKA~1\\AppData\\Local\\Temp\\tmpbj8gzfe6\\test_journal.db"}
{"ts": "2026-05-11T07:48:09.286Z", "lvl": "WARNING", "cat": "dependency", "component": "storage_service", "msg": "DuckDB not installed.  Market data hub will be unavailable. Run: pip install duckdb"}
{"ts": "2026-05-11T07:48:09.286Z", "lvl": "INFO", "cat": "dependency", "component": "storage_service", "msg": "StorageService ready — DuckDB:C:\\Users\\PVENKA~1\\AppData\\Local\\Temp\\tmpbj8gzfe6\\test_market.duckdb, SQLite:C:\\Users\\PVENKA~1\\AppData\\Local\\Temp\\tmpbj8gzfe6\\test_journal.db"}
{"ts": "2026-05-11T07:48:09.299Z", "lvl": "DEBUG", "cat": "dependency", "component": "storage_service", "msg": "SQLite tables ensured"}
{"ts": "2026-05-11T07:48:09.299Z", "lvl": "INFO", "cat": "dependency", "component": "storage_service", "msg": "SQLite initialized: C:\\Users\\PVENKA~1\\AppData\\Local\\Temp\\tmpb1syqodg\\test_journal.db"}
{"ts": "2026-05-11T07:48:09.299Z", "lvl": "WARNING", "cat": "dependency", "component": "storage_service", "msg": "DuckDB not installed.  Market data hub will be unavailable. Run: pip install duckdb"}
{"ts": "2026-05-11T07:48:09.299Z", "lvl": "INFO", "cat": "dependency", "component": "storage_service", "msg": "StorageService ready — DuckDB:C:\\Users\\PVENKA~1\\AppData\\Local\\Temp\\tmpb1syqodg\\test_market.duckdb, SQLite:C:\\Users\\PVENKA~1\\AppData\\Local\\Temp\\tmpb1syqodg\\test_journal.db"}
{"ts": "2026-05-11T07:48:09.320Z", "lvl": "DEBUG", "cat": "dependency", "component": "storage_service", "msg": "SQLite tables ensured"}
{"ts": "2026-05-11T07:48:09.320Z", "lvl": "INFO", "cat": "dependency", "component": "storage_service", "msg": "SQLite initialized: C:\\Users\\PVENKA~1\\AppData\\Local\\Temp\\tmp80djoj49\\test_journal.db"}
{"ts": "2026-05-11T07:48:09.320Z", "lvl": "WARNING", "cat": "dependency", "component": "storage_service", "msg": "DuckDB not installed.  Market data hub will be unavailable. Run: pip install duckdb"}
{"ts": "2026-05-11T07:48:09.320Z", "lvl": "INFO", "cat": "dependency", "component": "storage_service", "msg": "StorageService ready — DuckDB:C:\\Users\\PVENKA~1\\AppData\\Local\\Temp\\tmp80djoj49\\test_market.duckdb, SQLite:C:\\Users\\PVENKA~1\\AppData\\Local\\Temp\\tmp80djoj49\\test_journal.db"}
{"ts": "2026-05-11T07:48:09.332Z", "lvl": "DEBUG", "cat": "dependency", "component": "storage_service", "msg": "SQLite tables ensured"}
{"ts": "2026-05-11T07:48:09.332Z", "lvl": "INFO", "cat": "dependency", "component": "storage_service", "msg": "SQLite initialized: C:\\Users\\PVENKA~1\\AppData\\Local\\Temp\\tmp7xm5sjp0\\test_journal.db"}
{"ts": "2026-05-11T07:48:09.333Z", "lvl": "WARNING", "cat": "dependency", "component": "storage_service", "msg": "DuckDB not installed.  Market data hub will be unavailable. Run: pip install duckdb"}
{"ts": "2026-05-11T07:48:09.333Z", "lvl": "INFO", "cat": "dependency", "component": "storage_service", "msg": "StorageService ready — DuckDB:C:\\Users\\PVENKA~1\\AppData\\Local\\Temp\\tmp7xm5sjp0\\test_market.duckdb, SQLite:C:\\Users\\PVENKA~1\\AppData\\Local\\Temp\\tmp7xm5sjp0\\test_journal.db"}
{"ts": "2026-05-11T07:48:09.343Z", "lvl": "DEBUG", "cat": "dependency", "component": "storage_service", "msg": "SQLite tables ensured"}
{"ts": "2026-05-11T07:48:09.344Z", "lvl": "INFO", "cat": "dependency", "component": "storage_service", "msg": "SQLite initialized: C:\\Users\\PVENKA~1\\AppData\\Local\\Temp\\tmpttdod7ks\\test_journal.db"}
{"ts": "2026-05-11T07:48:09.344Z", "lvl": "WARNING", "cat": "dependency", "component": "storage_service", "msg": "DuckDB not installed.  Market data hub will be unavailable. Run: pip install duckdb"}
{"ts": "2026-05-11T07:48:09.344Z", "lvl": "INFO", "cat": "dependency", "component": "storage_service", "msg": "StorageService ready — DuckDB:C:\\Users\\PVENKA~1\\AppData\\Local\\Temp\\tmpttdod7ks\\test_market.duckdb, SQLite:C:\\Users\\PVENKA~1\\AppData\\Local\\Temp\\tmpttdod7ks\\test_journal.db"}
{"ts": "2026-05-11T07:48:09.355Z", "lvl": "DEBUG", "cat": "dependency", "component": "storage_service", "msg": "SQLite tables ensured"}
{"ts": "2026-05-11T07:48:09.356Z", "lvl": "INFO", "cat": "dependency", "component": "storage_service", "msg": "SQLite initialized: C:\\Users\\PVENKA~1\\AppData\\Local\\Temp\\tmpw3j85q54\\test_journal.db"}
{"ts": "2026-05-11T07:48:09.356Z", "lvl": "WARNING", "cat": "dependency", "component": "storage_service", "msg": "DuckDB not installed.  Market data hub will be unavailable. Run: pip install duckdb"}
{"ts": "2026-05-11T07:48:09.356Z", "lvl": "INFO", "cat": "dependency", "component": "storage_service", "msg": "StorageService ready — DuckDB:C:\\Users\\PVENKA~1\\AppData\\Local\\Temp\\tmpw3j85q54\\test_market.duckdb, SQLite:C:\\Users\\PVENKA~1\\AppData\\Local\\Temp\\tmpw3j85q54\\test_journal.db"}
{"ts": "2026-05-11T07:48:09.373Z", "lvl": "DEBUG", "cat": "dependency", "component": "storage_service", "msg": "SQLite tables ensured"}
{"ts": "2026-05-11T07:48:09.373Z", "lvl": "INFO", "cat": "dependency", "component": "storage_service", "msg": "SQLite initialized: C:\\Users\\PVENKA~1\\AppData\\Local\\Temp\\tmpdc7keb5t\\test_journal.db"}
{"ts": "2026-05-11T07:48:09.373Z", "lvl": "WARNING", "cat": "dependency", "component": "storage_service", "msg": "DuckDB not installed.  Market data hub will be unavailable. Run: pip install duckdb"}
{"ts": "2026-05-11T07:48:09.374Z", "lvl": "INFO", "cat": "dependency", "component": "storage_service", "msg": "StorageService ready — DuckDB:C:\\Users\\PVENKA~1\\AppData\\Local\\Temp\\tmpdc7keb5t\\test_market.duckdb, SQLite:C:\\Users\\PVENKA~1\\AppData\\Local\\Temp\\tmpdc7keb5t\\test_journal.db"}
{"ts": "2026-05-11T07:48:09.384Z", "lvl": "DEBUG", "cat": "dependency", "component": "storage_service", "msg": "SQLite tables ensured"}
{"ts": "2026-05-11T07:48:09.385Z", "lvl": "INFO", "cat": "dependency", "component": "storage_service", "msg": "SQLite initialized: C:\\Users\\PVENKA~1\\AppData\\Local\\Temp\\tmpct9n5za1\\test_journal.db"}
{"ts": "2026-05-11T07:48:09.385Z", "lvl": "WARNING", "cat": "dependency", "component": "storage_service", "msg": "DuckDB not installed.  Market data hub will be unavailable. Run: pip install duckdb"}
{"ts": "2026-05-11T07:48:09.386Z", "lvl": "INFO", "cat": "dependency", "component": "storage_service", "msg": "StorageService ready — DuckDB:C:\\Users\\PVENKA~1\\AppData\\Local\\Temp\\tmpct9n5za1\\test_market.duckdb, SQLite:C:\\Users\\PVENKA~1\\AppData\\Local\\Temp\\tmpct9n5za1\\test_journal.db"}
{"ts": "2026-05-11T07:49:14.527Z", "lvl": "DEBUG", "cat": "dependency", "component": "storage_service", "msg": "SQLite tables ensured"}
{"ts": "2026-05-11T07:49:14.528Z", "lvl": "INFO", "cat": "dependency", "component": "storage_service", "msg": "SQLite initialized: C:\\Users\\p venkata naveen\\Cursor ai\\Quant_Forex_V3\\QUANT_ENGINE_2026\\data\\journal.db"}
{"ts": "2026-05-11T07:49:14.528Z", "lvl": "WARNING", "cat": "dependency", "component": "storage_service", "msg": "DuckDB not installed.  Market data hub will be unavailable. Run: pip install duckdb"}
{"ts": "2026-05-11T07:49:14.529Z", "lvl": "INFO", "cat": "dependency", "component": "storage_service", "msg": "StorageService ready — DuckDB:C:\\Users\\p venkata naveen\\Cursor ai\\Quant_Forex_V3\\QUANT_ENGINE_2026\\data\\market.duckdb, SQLite:C:\\Users\\p venkata naveen\\Cursor ai\\Quant_Forex_V3\\QUANT_ENGINE_2026\\data\\journal.db"}
{"ts": "2026-05-11T07:49:22.770Z", "lvl": "DEBUG", "cat": "dependency", "component": "storage_service", "msg": "DuckDB not available — skipping read"}
{"ts": "2026-05-11T07:49:24.867Z", "lvl": "DEBUG", "cat": "dependency", "component": "storage_service", "msg": "DuckDB not available — skipping read"}
{"ts": "2026-05-11T07:49:33.327Z", "lvl": "DEBUG", "cat": "dependency", "component": "storage_service", "msg": "DuckDB not available — skipping read"}
{"ts": "2026-05-11T08:10:55.174Z", "lvl": "DEBUG", "cat": "dependency", "component": "storage_service", "msg": "SQLite tables ensured"}
{"ts": "2026-05-11T08:10:55.175Z", "lvl": "INFO", "cat": "dependency", "component": "storage_service", "msg": "SQLite initialized: C:\\Users\\p venkata naveen\\Cursor ai\\Quant_Forex_V3\\QUANT_ENGINE_2026\\data\\journal.db"}
{"ts": "2026-05-11T08:10:55.176Z", "lvl": "WARNING", "cat": "dependency", "component": "storage_service", "msg": "DuckDB not installed.  Market data hub will be unavailable. Run: pip install duckdb"}
{"ts": "2026-05-11T08:10:55.177Z", "lvl": "INFO", "cat": "dependency", "component": "storage_service", "msg": "StorageService ready — DuckDB:C:\\Users\\p venkata naveen\\Cursor ai\\Quant_Forex_V3\\QUANT_ENGINE_2026\\data\\market.duckdb, SQLite:C:\\Users\\p venkata naveen\\Cursor ai\\Quant_Forex_V3\\QUANT_ENGINE_2026\\data\\journal.db"}
{"ts": "2026-05-11T08:11:25.552Z", "lvl": "DEBUG", "cat": "dependency", "component": "storage_service", "msg": "DuckDB not available — skipping read"}
{"ts": "2026-05-11T08:11:29.009Z", "lvl": "DEBUG", "cat": "dependency", "component": "storage_service", "msg": "DuckDB not available — skipping read"}
{"ts": "2026-05-11T08:12:54.728Z", "lvl": "DEBUG", "cat": "dependency", "component": "storage_service", "msg": "SQLite tables ensured"}
{"ts": "2026-05-11T08:12:54.728Z", "lvl": "INFO", "cat": "dependency", "component": "storage_service", "msg": "SQLite initialized: C:\\Users\\p venkata naveen\\Cursor ai\\Quant_Forex_V3\\QUANT_ENGINE_2026\\data\\journal.db"}
{"ts": "2026-05-11T08:12:54.803Z", "lvl": "DEBUG", "cat": "dependency", "component": "storage_service", "msg": "DuckDB tables ensured"}
{"ts": "2026-05-11T08:12:54.803Z", "lvl": "INFO", "cat": "dependency", "component": "storage_service", "msg": "DuckDB initialized: C:\\Users\\p venkata naveen\\Cursor ai\\Quant_Forex_V3\\QUANT_ENGINE_2026\\data\\market.duckdb"}
{"ts": "2026-05-11T08:12:54.803Z", "lvl": "INFO", "cat": "dependency", "component": "storage_service", "msg": "StorageService ready — DuckDB:C:\\Users\\p venkata naveen\\Cursor ai\\Quant_Forex_V3\\QUANT_ENGINE_2026\\data\\market.duckdb, SQLite:C:\\Users\\p venkata naveen\\Cursor ai\\Quant_Forex_V3\\QUANT_ENGINE_2026\\data\\journal.db"}
{"ts": "2026-05-11T08:13:05.236Z", "lvl": "DEBUG", "cat": "dependency", "component": "storage_service", "msg": "SQLite tables ensured"}
{"ts": "2026-05-11T08:13:05.236Z", "lvl": "INFO", "cat": "dependency", "component": "storage_service", "msg": "SQLite initialized: C:\\Users\\p venkata naveen\\Cursor ai\\Quant_Forex_V3\\QUANT_ENGINE_2026\\data\\journal.db"}
{"ts": "2026-05-11T08:13:05.272Z", "lvl": "DEBUG", "cat": "dependency", "component": "storage_service", "msg": "DuckDB tables ensured"}
{"ts": "2026-05-11T08:13:05.273Z", "lvl": "INFO", "cat": "dependency", "component": "storage_service", "msg": "DuckDB initialized: C:\\Users\\p venkata naveen\\Cursor ai\\Quant_Forex_V3\\QUANT_ENGINE_2026\\data\\market.duckdb"}
{"ts": "2026-05-11T08:13:05.273Z", "lvl": "INFO", "cat": "dependency", "component": "storage_service", "msg": "StorageService ready — DuckDB:C:\\Users\\p venkata naveen\\Cursor ai\\Quant_Forex_V3\\QUANT_ENGINE_2026\\data\\market.duckdb, SQLite:C:\\Users\\p venkata naveen\\Cursor ai\\Quant_Forex_V3\\QUANT_ENGINE_2026\\data\\journal.db"}
{"ts": "2026-05-11T08:14:50.795Z", "lvl": "DEBUG", "cat": "dependency", "component": "storage_service", "msg": "SQLite tables ensured"}
{"ts": "2026-05-11T08:14:50.796Z", "lvl": "INFO", "cat": "dependency", "component": "storage_service", "msg": "SQLite initialized: C:\\Users\\p venkata naveen\\Cursor ai\\Quant_Forex_V3\\QUANT_ENGINE_2026\\data\\journal.db"}
{"ts": "2026-05-11T08:14:51.206Z", "lvl": "ERROR", "cat": "dependency", "component": "storage_service", "msg": "DuckDB init failed: IO Error: Cannot open file \"C:\\Users\\p venkata naveen\\Cursor ai\\Quant_Forex_V3\\QUANT_ENGINE_2026\\data\\market.duckdb\": The process cannot access the file because it is being used by another process.\r\n\nFile is already open in \nC:\\Python312\\python.exe (PID 18760)", "stack_trace": "Traceback (most recent call last):\n  File \"C:\\Users\\p venkata naveen\\Cursor ai\\Quant_Forex_V3\\QUANT_ENGINE_2026\\services\\storage_service.py\", line 279, in _init_duckdb\n    conn = duckdb.connect(str(DUCKDB_PATH))\n           ^^^^^^^^^^^^^^^^^^^^^^^^^^^^^^^^\n_duckdb.IOException: IO Error: Cannot open file \"C:\\Users\\p venkata naveen\\Cursor ai\\Quant_Forex_V3\\QUANT_ENGINE_2026\\data\\market.duckdb\": The process cannot access the file because it is being used by another process.\r\n\nFile is already open in \nC:\\Python312\\python.exe (PID 18760)"}
{"ts": "2026-05-11T08:14:51.210Z", "lvl": "INFO", "cat": "dependency", "component": "storage_service", "msg": "StorageService ready — DuckDB:C:\\Users\\p venkata naveen\\Cursor ai\\Quant_Forex_V3\\QUANT_ENGINE_2026\\data\\market.duckdb, SQLite:C:\\Users\\p venkata naveen\\Cursor ai\\Quant_Forex_V3\\QUANT_ENGINE_2026\\data\\journal.db"}
{"ts": "2026-05-11T08:17:57.136Z", "lvl": "DEBUG", "cat": "dependency", "component": "storage_service", "msg": "SQLite tables ensured"}
{"ts": "2026-05-11T08:17:57.137Z", "lvl": "INFO", "cat": "dependency", "component": "storage_service", "msg": "SQLite initialized: C:\\Users\\p venkata naveen\\Cursor ai\\Quant_Forex_V3\\QUANT_ENGINE_2026\\data\\journal.db"}
{"ts": "2026-05-11T08:17:57.181Z", "lvl": "DEBUG", "cat": "dependency", "component": "storage_service", "msg": "DuckDB tables ensured"}
{"ts": "2026-05-11T08:17:57.181Z", "lvl": "INFO", "cat": "dependency", "component": "storage_service", "msg": "DuckDB initialized: C:\\Users\\p venkata naveen\\Cursor ai\\Quant_Forex_V3\\QUANT_ENGINE_2026\\data\\market.duckdb"}
{"ts": "2026-05-11T08:17:57.181Z", "lvl": "INFO", "cat": "dependency", "component": "storage_service", "msg": "StorageService ready — DuckDB:C:\\Users\\p venkata naveen\\Cursor ai\\Quant_Forex_V3\\QUANT_ENGINE_2026\\data\\market.duckdb, SQLite:C:\\Users\\p venkata naveen\\Cursor ai\\Quant_Forex_V3\\QUANT_ENGINE_2026\\data\\journal.db"}
{"ts": "2026-05-11T08:19:59.856Z", "lvl": "DEBUG", "cat": "dependency", "component": "storage_service", "msg": "SQLite tables ensured"}
{"ts": "2026-05-11T08:19:59.856Z", "lvl": "INFO", "cat": "dependency", "component": "storage_service", "msg": "SQLite initialized: C:\\Users\\p venkata naveen\\Cursor ai\\Quant_Forex_V3\\QUANT_ENGINE_2026\\data\\journal.db"}
{"ts": "2026-05-11T08:19:59.991Z", "lvl": "DEBUG", "cat": "dependency", "component": "storage_service", "msg": "DuckDB tables ensured"}
{"ts": "2026-05-11T08:19:59.991Z", "lvl": "INFO", "cat": "dependency", "component": "storage_service", "msg": "DuckDB initialized: C:\\Users\\p venkata naveen\\Cursor ai\\Quant_Forex_V3\\QUANT_ENGINE_2026\\data\\market.duckdb"}
{"ts": "2026-05-11T08:19:59.992Z", "lvl": "INFO", "cat": "dependency", "component": "storage_service", "msg": "StorageService ready — DuckDB:C:\\Users\\p venkata naveen\\Cursor ai\\Quant_Forex_V3\\QUANT_ENGINE_2026\\data\\market.duckdb, SQLite:C:\\Users\\p venkata naveen\\Cursor ai\\Quant_Forex_V3\\QUANT_ENGINE_2026\\data\\journal.db"}
{"ts": "2026-05-11T08:20:01.564Z", "lvl": "DEBUG", "cat": "dependency", "component": "storage_service", "msg": "SQLite tables ensured"}
{"ts": "2026-05-11T08:20:01.565Z", "lvl": "INFO", "cat": "dependency", "component": "storage_service", "msg": "SQLite initialized: C:\\Users\\p venkata naveen\\Cursor ai\\Quant_Forex_V3\\QUANT_ENGINE_2026\\data\\journal.db"}
{"ts": "2026-05-11T08:20:01.780Z", "lvl": "ERROR", "cat": "dependency", "component": "storage_service", "msg": "DuckDB init failed: IO Error: Cannot open file \"C:\\Users\\p venkata naveen\\Cursor ai\\Quant_Forex_V3\\QUANT_ENGINE_2026\\data\\market.duckdb\": The process cannot access the file because it is being used by another process.\r\n\nFile is already open in \nC:\\Python312\\python.exe (PID 48468)", "stack_trace": "Traceback (most recent call last):\n  File \"C:\\Users\\p venkata naveen\\Cursor ai\\Quant_Forex_V3\\QUANT_ENGINE_2026\\services\\storage_service.py\", line 279, in _init_duckdb\n    conn = duckdb.connect(str(DUCKDB_PATH))\n           ^^^^^^^^^^^^^^^^^^^^^^^^^^^^^^^^\n_duckdb.IOException: IO Error: Cannot open file \"C:\\Users\\p venkata naveen\\Cursor ai\\Quant_Forex_V3\\QUANT_ENGINE_2026\\data\\market.duckdb\": The process cannot access the file because it is being used by another process.\r\n\nFile is already open in \nC:\\Python312\\python.exe (PID 48468)"}
{"ts": "2026-05-11T08:20:01.783Z", "lvl": "INFO", "cat": "dependency", "component": "storage_service", "msg": "StorageService ready — DuckDB:C:\\Users\\p venkata naveen\\Cursor ai\\Quant_Forex_V3\\QUANT_ENGINE_2026\\data\\market.duckdb, SQLite:C:\\Users\\p venkata naveen\\Cursor ai\\Quant_Forex_V3\\QUANT_ENGINE_2026\\data\\journal.db"}
{"ts": "2026-05-11T08:21:09.021Z", "lvl": "DEBUG", "cat": "dependency", "component": "storage_service", "msg": "SQLite tables ensured"}
{"ts": "2026-05-11T08:21:09.021Z", "lvl": "INFO", "cat": "dependency", "component": "storage_service", "msg": "SQLite initialized: C:\\Users\\p venkata naveen\\Cursor ai\\Quant_Forex_V3\\QUANT_ENGINE_2026\\data\\journal.db"}
{"ts": "2026-05-11T08:21:09.206Z", "lvl": "ERROR", "cat": "dependency", "component": "storage_service", "msg": "DuckDB init failed: IO Error: Cannot open file \"C:\\Users\\p venkata naveen\\Cursor ai\\Quant_Forex_V3\\QUANT_ENGINE_2026\\data\\market.duckdb\": The process cannot access the file because it is being used by another process.\r\n\nFile is already open in \nC:\\Python312\\python.exe (PID 48468)", "stack_trace": "Traceback (most recent call last):\n  File \"C:\\Users\\p venkata naveen\\Cursor ai\\Quant_Forex_V3\\QUANT_ENGINE_2026\\services\\storage_service.py\", line 279, in _init_duckdb\n    conn = duckdb.connect(str(DUCKDB_PATH))\n           ^^^^^^^^^^^^^^^^^^^^^^^^^^^^^^^^\n_duckdb.IOException: IO Error: Cannot open file \"C:\\Users\\p venkata naveen\\Cursor ai\\Quant_Forex_V3\\QUANT_ENGINE_2026\\data\\market.duckdb\": The process cannot access the file because it is being used by another process.\r\n\nFile is already open in \nC:\\Python312\\python.exe (PID 48468)"}
{"ts": "2026-05-11T08:21:09.207Z", "lvl": "INFO", "cat": "dependency", "component": "storage_service", "msg": "StorageService ready — DuckDB:C:\\Users\\p venkata naveen\\Cursor ai\\Quant_Forex_V3\\QUANT_ENGINE_2026\\data\\market.duckdb, SQLite:C:\\Users\\p venkata naveen\\Cursor ai\\Quant_Forex_V3\\QUANT_ENGINE_2026\\data\\journal.db"}
{"ts": "2026-05-11T08:21:09.207Z", "lvl": "DEBUG", "cat": "dependency", "component": "storage_service", "msg": "DuckDB not available — skipping write"}
{"ts": "2026-05-11T08:21:09.222Z", "lvl": "DEBUG", "cat": "dependency", "component": "storage_service", "msg": "DuckDB not available — skipping write"}
{"ts": "2026-05-11T08:21:09.235Z", "lvl": "DEBUG", "cat": "dependency", "component": "storage_service", "msg": "DuckDB not available — skipping write"}
{"ts": "2026-05-11T08:21:09.250Z", "lvl": "DEBUG", "cat": "dependency", "component": "storage_service", "msg": "DuckDB not available — skipping write"}
{"ts": "2026-05-11T08:21:11.238Z", "lvl": "DEBUG", "cat": "dependency", "component": "storage_service", "msg": "SQLite tables ensured"}
{"ts": "2026-05-11T08:21:11.238Z", "lvl": "INFO", "cat": "dependency", "component": "storage_service", "msg": "SQLite initialized: C:\\Users\\PVENKA~1\\AppData\\Local\\Temp\\tmptw36f2a2\\test_journal.db"}
{"ts": "2026-05-11T08:21:11.260Z", "lvl": "DEBUG", "cat": "dependency", "component": "storage_service", "msg": "DuckDB tables ensured"}
{"ts": "2026-05-11T08:21:11.260Z", "lvl": "INFO", "cat": "dependency", "component": "storage_service", "msg": "DuckDB initialized: C:\\Users\\PVENKA~1\\AppData\\Local\\Temp\\tmptw36f2a2\\test_market.duckdb"}
{"ts": "2026-05-11T08:21:11.260Z", "lvl": "INFO", "cat": "dependency", "component": "storage_service", "msg": "StorageService ready — DuckDB:C:\\Users\\PVENKA~1\\AppData\\Local\\Temp\\tmptw36f2a2\\test_market.duckdb, SQLite:C:\\Users\\PVENKA~1\\AppData\\Local\\Temp\\tmptw36f2a2\\test_journal.db"}
{"ts": "2026-05-11T08:21:11.338Z", "lvl": "DEBUG", "cat": "dependency", "component": "storage_service", "msg": "SQLite tables ensured"}
{"ts": "2026-05-11T08:21:11.338Z", "lvl": "INFO", "cat": "dependency", "component": "storage_service", "msg": "SQLite initialized: C:\\Users\\PVENKA~1\\AppData\\Local\\Temp\\tmp9vj60i35\\test_journal.db"}
{"ts": "2026-05-11T08:21:11.356Z", "lvl": "DEBUG", "cat": "dependency", "component": "storage_service", "msg": "DuckDB tables ensured"}
{"ts": "2026-05-11T08:21:11.357Z", "lvl": "INFO", "cat": "dependency", "component": "storage_service", "msg": "DuckDB initialized: C:\\Users\\PVENKA~1\\AppData\\Local\\Temp\\tmp9vj60i35\\test_market.duckdb"}
{"ts": "2026-05-11T08:21:11.357Z", "lvl": "INFO", "cat": "dependency", "component": "storage_service", "msg": "StorageService ready — DuckDB:C:\\Users\\PVENKA~1\\AppData\\Local\\Temp\\tmp9vj60i35\\test_market.duckdb, SQLite:C:\\Users\\PVENKA~1\\AppData\\Local\\Temp\\tmp9vj60i35\\test_journal.db"}
{"ts": "2026-05-11T08:21:11.420Z", "lvl": "DEBUG", "cat": "dependency", "component": "storage_service", "msg": "SQLite tables ensured"}
{"ts": "2026-05-11T08:21:11.420Z", "lvl": "INFO", "cat": "dependency", "component": "storage_service", "msg": "SQLite initialized: C:\\Users\\PVENKA~1\\AppData\\Local\\Temp\\tmpbq237f0b\\test_journal.db"}
{"ts": "2026-05-11T08:21:11.440Z", "lvl": "DEBUG", "cat": "dependency", "component": "storage_service", "msg": "DuckDB tables ensured"}
{"ts": "2026-05-11T08:21:11.440Z", "lvl": "INFO", "cat": "dependency", "component": "storage_service", "msg": "DuckDB initialized: C:\\Users\\PVENKA~1\\AppData\\Local\\Temp\\tmpbq237f0b\\test_market.duckdb"}
{"ts": "2026-05-11T08:21:11.440Z", "lvl": "INFO", "cat": "dependency", "component": "storage_service", "msg": "StorageService ready — DuckDB:C:\\Users\\PVENKA~1\\AppData\\Local\\Temp\\tmpbq237f0b\\test_market.duckdb, SQLite:C:\\Users\\PVENKA~1\\AppData\\Local\\Temp\\tmpbq237f0b\\test_journal.db"}
{"ts": "2026-05-11T08:21:11.503Z", "lvl": "DEBUG", "cat": "dependency", "component": "storage_service", "msg": "SQLite tables ensured"}
{"ts": "2026-05-11T08:21:11.503Z", "lvl": "INFO", "cat": "dependency", "component": "storage_service", "msg": "SQLite initialized: C:\\Users\\PVENKA~1\\AppData\\Local\\Temp\\tmpnzbc_n67\\test_journal.db"}
{"ts": "2026-05-11T08:21:11.524Z", "lvl": "DEBUG", "cat": "dependency", "component": "storage_service", "msg": "DuckDB tables ensured"}
{"ts": "2026-05-11T08:21:11.524Z", "lvl": "INFO", "cat": "dependency", "component": "storage_service", "msg": "DuckDB initialized: C:\\Users\\PVENKA~1\\AppData\\Local\\Temp\\tmpnzbc_n67\\test_market.duckdb"}
{"ts": "2026-05-11T08:21:11.524Z", "lvl": "INFO", "cat": "dependency", "component": "storage_service", "msg": "StorageService ready — DuckDB:C:\\Users\\PVENKA~1\\AppData\\Local\\Temp\\tmpnzbc_n67\\test_market.duckdb, SQLite:C:\\Users\\PVENKA~1\\AppData\\Local\\Temp\\tmpnzbc_n67\\test_journal.db"}
{"ts": "2026-05-11T08:21:11.595Z", "lvl": "DEBUG", "cat": "dependency", "component": "storage_service", "msg": "SQLite tables ensured"}
{"ts": "2026-05-11T08:21:11.596Z", "lvl": "INFO", "cat": "dependency", "component": "storage_service", "msg": "SQLite initialized: C:\\Users\\PVENKA~1\\AppData\\Local\\Temp\\tmptf_myx3u\\test_journal.db"}
{"ts": "2026-05-11T08:21:11.616Z", "lvl": "DEBUG", "cat": "dependency", "component": "storage_service", "msg": "DuckDB tables ensured"}
{"ts": "2026-05-11T08:21:11.616Z", "lvl": "INFO", "cat": "dependency", "component": "storage_service", "msg": "DuckDB initialized: C:\\Users\\PVENKA~1\\AppData\\Local\\Temp\\tmptf_myx3u\\test_market.duckdb"}
{"ts": "2026-05-11T08:21:11.616Z", "lvl": "INFO", "cat": "dependency", "component": "storage_service", "msg": "StorageService ready — DuckDB:C:\\Users\\PVENKA~1\\AppData\\Local\\Temp\\tmptf_myx3u\\test_market.duckdb, SQLite:C:\\Users\\PVENKA~1\\AppData\\Local\\Temp\\tmptf_myx3u\\test_journal.db"}
{"ts": "2026-05-11T08:21:11.676Z", "lvl": "DEBUG", "cat": "dependency", "component": "storage_service", "msg": "SQLite tables ensured"}
{"ts": "2026-05-11T08:21:11.677Z", "lvl": "INFO", "cat": "dependency", "component": "storage_service", "msg": "SQLite initialized: C:\\Users\\PVENKA~1\\AppData\\Local\\Temp\\tmp5vjs5tk1\\test_journal.db"}
{"ts": "2026-05-11T08:21:11.696Z", "lvl": "DEBUG", "cat": "dependency", "component": "storage_service", "msg": "DuckDB tables ensured"}
{"ts": "2026-05-11T08:21:11.697Z", "lvl": "INFO", "cat": "dependency", "component": "storage_service", "msg": "DuckDB initialized: C:\\Users\\PVENKA~1\\AppData\\Local\\Temp\\tmp5vjs5tk1\\test_market.duckdb"}
{"ts": "2026-05-11T08:21:11.697Z", "lvl": "INFO", "cat": "dependency", "component": "storage_service", "msg": "StorageService ready — DuckDB:C:\\Users\\PVENKA~1\\AppData\\Local\\Temp\\tmp5vjs5tk1\\test_market.duckdb, SQLite:C:\\Users\\PVENKA~1\\AppData\\Local\\Temp\\tmp5vjs5tk1\\test_journal.db"}
{"ts": "2026-05-11T08:21:11.756Z", "lvl": "DEBUG", "cat": "dependency", "component": "storage_service", "msg": "SQLite tables ensured"}
{"ts": "2026-05-11T08:21:11.757Z", "lvl": "INFO", "cat": "dependency", "component": "storage_service", "msg": "SQLite initialized: C:\\Users\\PVENKA~1\\AppData\\Local\\Temp\\tmpgfpksrbh\\test_journal.db"}
{"ts": "2026-05-11T08:21:11.777Z", "lvl": "DEBUG", "cat": "dependency", "component": "storage_service", "msg": "DuckDB tables ensured"}
{"ts": "2026-05-11T08:21:11.777Z", "lvl": "INFO", "cat": "dependency", "component": "storage_service", "msg": "DuckDB initialized: C:\\Users\\PVENKA~1\\AppData\\Local\\Temp\\tmpgfpksrbh\\test_market.duckdb"}
{"ts": "2026-05-11T08:21:11.777Z", "lvl": "INFO", "cat": "dependency", "component": "storage_service", "msg": "StorageService ready — DuckDB:C:\\Users\\PVENKA~1\\AppData\\Local\\Temp\\tmpgfpksrbh\\test_market.duckdb, SQLite:C:\\Users\\PVENKA~1\\AppData\\Local\\Temp\\tmpgfpksrbh\\test_journal.db"}
{"ts": "2026-05-11T08:21:11.831Z", "lvl": "DEBUG", "cat": "dependency", "component": "storage_service", "msg": "SQLite tables ensured"}
{"ts": "2026-05-11T08:21:11.832Z", "lvl": "INFO", "cat": "dependency", "component": "storage_service", "msg": "SQLite initialized: C:\\Users\\PVENKA~1\\AppData\\Local\\Temp\\tmpz01lfkqf\\test_journal.db"}
{"ts": "2026-05-11T08:21:11.852Z", "lvl": "DEBUG", "cat": "dependency", "component": "storage_service", "msg": "DuckDB tables ensured"}
{"ts": "2026-05-11T08:21:11.852Z", "lvl": "INFO", "cat": "dependency", "component": "storage_service", "msg": "DuckDB initialized: C:\\Users\\PVENKA~1\\AppData\\Local\\Temp\\tmpz01lfkqf\\test_market.duckdb"}
{"ts": "2026-05-11T08:21:11.852Z", "lvl": "INFO", "cat": "dependency", "component": "storage_service", "msg": "StorageService ready — DuckDB:C:\\Users\\PVENKA~1\\AppData\\Local\\Temp\\tmpz01lfkqf\\test_market.duckdb, SQLite:C:\\Users\\PVENKA~1\\AppData\\Local\\Temp\\tmpz01lfkqf\\test_journal.db"}
{"ts": "2026-05-11T08:21:11.928Z", "lvl": "DEBUG", "cat": "dependency", "component": "storage_service", "msg": "SQLite tables ensured"}
{"ts": "2026-05-11T08:21:11.929Z", "lvl": "INFO", "cat": "dependency", "component": "storage_service", "msg": "SQLite initialized: C:\\Users\\PVENKA~1\\AppData\\Local\\Temp\\tmp6_yk0zmr\\test_journal.db"}
{"ts": "2026-05-11T08:21:11.947Z", "lvl": "DEBUG", "cat": "dependency", "component": "storage_service", "msg": "DuckDB tables ensured"}
{"ts": "2026-05-11T08:21:11.947Z", "lvl": "INFO", "cat": "dependency", "component": "storage_service", "msg": "DuckDB initialized: C:\\Users\\PVENKA~1\\AppData\\Local\\Temp\\tmp6_yk0zmr\\test_market.duckdb"}
{"ts": "2026-05-11T08:21:11.947Z", "lvl": "INFO", "cat": "dependency", "component": "storage_service", "msg": "StorageService ready — DuckDB:C:\\Users\\PVENKA~1\\AppData\\Local\\Temp\\tmp6_yk0zmr\\test_market.duckdb, SQLite:C:\\Users\\PVENKA~1\\AppData\\Local\\Temp\\tmp6_yk0zmr\\test_journal.db"}
{"ts": "2026-05-11T08:21:12.002Z", "lvl": "DEBUG", "cat": "dependency", "component": "storage_service", "msg": "SQLite tables ensured"}
{"ts": "2026-05-11T08:21:12.002Z", "lvl": "INFO", "cat": "dependency", "component": "storage_service", "msg": "SQLite initialized: C:\\Users\\PVENKA~1\\AppData\\Local\\Temp\\tmpt7q_l3ux\\test_journal.db"}
{"ts": "2026-05-11T08:21:12.022Z", "lvl": "DEBUG", "cat": "dependency", "component": "storage_service", "msg": "DuckDB tables ensured"}
{"ts": "2026-05-11T08:21:12.023Z", "lvl": "INFO", "cat": "dependency", "component": "storage_service", "msg": "DuckDB initialized: C:\\Users\\PVENKA~1\\AppData\\Local\\Temp\\tmpt7q_l3ux\\test_market.duckdb"}
{"ts": "2026-05-11T08:21:12.023Z", "lvl": "INFO", "cat": "dependency", "component": "storage_service", "msg": "StorageService ready — DuckDB:C:\\Users\\PVENKA~1\\AppData\\Local\\Temp\\tmpt7q_l3ux\\test_market.duckdb, SQLite:C:\\Users\\PVENKA~1\\AppData\\Local\\Temp\\tmpt7q_l3ux\\test_journal.db"}
{"ts": "2026-05-11T08:21:12.073Z", "lvl": "DEBUG", "cat": "dependency", "component": "storage_service", "msg": "SQLite tables ensured"}
{"ts": "2026-05-11T08:21:12.074Z", "lvl": "INFO", "cat": "dependency", "component": "storage_service", "msg": "SQLite initialized: C:\\Users\\PVENKA~1\\AppData\\Local\\Temp\\tmpxchm8mbl\\test_journal.db"}
{"ts": "2026-05-11T08:21:12.093Z", "lvl": "DEBUG", "cat": "dependency", "component": "storage_service", "msg": "DuckDB tables ensured"}
{"ts": "2026-05-11T08:21:12.093Z", "lvl": "INFO", "cat": "dependency", "component": "storage_service", "msg": "DuckDB initialized: C:\\Users\\PVENKA~1\\AppData\\Local\\Temp\\tmpxchm8mbl\\test_market.duckdb"}
{"ts": "2026-05-11T08:21:12.093Z", "lvl": "INFO", "cat": "dependency", "component": "storage_service", "msg": "StorageService ready — DuckDB:C:\\Users\\PVENKA~1\\AppData\\Local\\Temp\\tmpxchm8mbl\\test_market.duckdb, SQLite:C:\\Users\\PVENKA~1\\AppData\\Local\\Temp\\tmpxchm8mbl\\test_journal.db"}
{"ts": "2026-05-11T08:21:12.147Z", "lvl": "DEBUG", "cat": "dependency", "component": "storage_service", "msg": "SQLite tables ensured"}
{"ts": "2026-05-11T08:21:12.147Z", "lvl": "INFO", "cat": "dependency", "component": "storage_service", "msg": "SQLite initialized: C:\\Users\\PVENKA~1\\AppData\\Local\\Temp\\tmpijbinz7d\\test_journal.db"}
{"ts": "2026-05-11T08:21:12.166Z", "lvl": "DEBUG", "cat": "dependency", "component": "storage_service", "msg": "DuckDB tables ensured"}
{"ts": "2026-05-11T08:21:12.166Z", "lvl": "INFO", "cat": "dependency", "component": "storage_service", "msg": "DuckDB initialized: C:\\Users\\PVENKA~1\\AppData\\Local\\Temp\\tmpijbinz7d\\test_market.duckdb"}
{"ts": "2026-05-11T08:21:12.166Z", "lvl": "INFO", "cat": "dependency", "component": "storage_service", "msg": "StorageService ready — DuckDB:C:\\Users\\PVENKA~1\\AppData\\Local\\Temp\\tmpijbinz7d\\test_market.duckdb, SQLite:C:\\Users\\PVENKA~1\\AppData\\Local\\Temp\\tmpijbinz7d\\test_journal.db"}
{"ts": "2026-05-11T08:21:26.733Z", "lvl": "DEBUG", "cat": "dependency", "component": "storage_service", "msg": "SQLite tables ensured"}
{"ts": "2026-05-11T08:21:26.733Z", "lvl": "INFO", "cat": "dependency", "component": "storage_service", "msg": "SQLite initialized: C:\\Users\\p venkata naveen\\Cursor ai\\Quant_Forex_V3\\QUANT_ENGINE_2026\\data\\journal.db"}
{"ts": "2026-05-11T08:21:26.902Z", "lvl": "ERROR", "cat": "dependency", "component": "storage_service", "msg": "DuckDB init failed: IO Error: Cannot open file \"C:\\Users\\p venkata naveen\\Cursor ai\\Quant_Forex_V3\\QUANT_ENGINE_2026\\data\\market.duckdb\": The process cannot access the file because it is being used by another process.\r\n\nFile is already open in \nC:\\Python312\\python.exe (PID 48468)", "stack_trace": "Traceback (most recent call last):\n  File \"C:\\Users\\p venkata naveen\\Cursor ai\\Quant_Forex_V3\\QUANT_ENGINE_2026\\services\\storage_service.py\", line 279, in _init_duckdb\n    conn = duckdb.connect(str(DUCKDB_PATH))\n           ^^^^^^^^^^^^^^^^^^^^^^^^^^^^^^^^\n_duckdb.IOException: IO Error: Cannot open file \"C:\\Users\\p venkata naveen\\Cursor ai\\Quant_Forex_V3\\QUANT_ENGINE_2026\\data\\market.duckdb\": The process cannot access the file because it is being used by another process.\r\n\nFile is already open in \nC:\\Python312\\python.exe (PID 48468)"}
{"ts": "2026-05-11T08:21:26.903Z", "lvl": "INFO", "cat": "dependency", "component": "storage_service", "msg": "StorageService ready — DuckDB:C:\\Users\\p venkata naveen\\Cursor ai\\Quant_Forex_V3\\QUANT_ENGINE_2026\\data\\market.duckdb, SQLite:C:\\Users\\p venkata naveen\\Cursor ai\\Quant_Forex_V3\\QUANT_ENGINE_2026\\data\\journal.db"}
{"ts": "2026-05-11T08:21:26.903Z", "lvl": "DEBUG", "cat": "dependency", "component": "storage_service", "msg": "DuckDB not available — skipping write"}
{"ts": "2026-05-11T08:21:26.919Z", "lvl": "DEBUG", "cat": "dependency", "component": "storage_service", "msg": "DuckDB not available — skipping write"}
{"ts": "2026-05-11T08:21:26.930Z", "lvl": "DEBUG", "cat": "dependency", "component": "storage_service", "msg": "DuckDB not available — skipping write"}
{"ts": "2026-05-11T08:21:26.947Z", "lvl": "DEBUG", "cat": "dependency", "component": "storage_service", "msg": "DuckDB not available — skipping write"}
{"ts": "2026-05-11T08:21:28.900Z", "lvl": "DEBUG", "cat": "dependency", "component": "storage_service", "msg": "SQLite tables ensured"}
{"ts": "2026-05-11T08:21:28.900Z", "lvl": "INFO", "cat": "dependency", "component": "storage_service", "msg": "SQLite initialized: C:\\Users\\PVENKA~1\\AppData\\Local\\Temp\\tmp_kko7jrp\\test_journal.db"}
{"ts": "2026-05-11T08:21:28.920Z", "lvl": "DEBUG", "cat": "dependency", "component": "storage_service", "msg": "DuckDB tables ensured"}
{"ts": "2026-05-11T08:21:28.921Z", "lvl": "INFO", "cat": "dependency", "component": "storage_service", "msg": "DuckDB initialized: C:\\Users\\PVENKA~1\\AppData\\Local\\Temp\\tmp_kko7jrp\\test_market.duckdb"}
{"ts": "2026-05-11T08:21:28.921Z", "lvl": "INFO", "cat": "dependency", "component": "storage_service", "msg": "StorageService ready — DuckDB:C:\\Users\\PVENKA~1\\AppData\\Local\\Temp\\tmp_kko7jrp\\test_market.duckdb, SQLite:C:\\Users\\PVENKA~1\\AppData\\Local\\Temp\\tmp_kko7jrp\\test_journal.db"}
{"ts": "2026-05-11T08:21:28.980Z", "lvl": "DEBUG", "cat": "dependency", "component": "storage_service", "msg": "SQLite tables ensured"}
{"ts": "2026-05-11T08:21:28.981Z", "lvl": "INFO", "cat": "dependency", "component": "storage_service", "msg": "SQLite initialized: C:\\Users\\PVENKA~1\\AppData\\Local\\Temp\\tmpx8wb8vyj\\test_journal.db"}
{"ts": "2026-05-11T08:21:29.000Z", "lvl": "DEBUG", "cat": "dependency", "component": "storage_service", "msg": "DuckDB tables ensured"}
{"ts": "2026-05-11T08:21:29.000Z", "lvl": "INFO", "cat": "dependency", "component": "storage_service", "msg": "DuckDB initialized: C:\\Users\\PVENKA~1\\AppData\\Local\\Temp\\tmpx8wb8vyj\\test_market.duckdb"}
{"ts": "2026-05-11T08:21:29.000Z", "lvl": "INFO", "cat": "dependency", "component": "storage_service", "msg": "StorageService ready — DuckDB:C:\\Users\\PVENKA~1\\AppData\\Local\\Temp\\tmpx8wb8vyj\\test_market.duckdb, SQLite:C:\\Users\\PVENKA~1\\AppData\\Local\\Temp\\tmpx8wb8vyj\\test_journal.db"}
{"ts": "2026-05-11T08:21:29.060Z", "lvl": "DEBUG", "cat": "dependency", "component": "storage_service", "msg": "SQLite tables ensured"}
{"ts": "2026-05-11T08:21:29.060Z", "lvl": "INFO", "cat": "dependency", "component": "storage_service", "msg": "SQLite initialized: C:\\Users\\PVENKA~1\\AppData\\Local\\Temp\\tmp5sbgq8dd\\test_journal.db"}
{"ts": "2026-05-11T08:21:29.078Z", "lvl": "DEBUG", "cat": "dependency", "component": "storage_service", "msg": "DuckDB tables ensured"}
{"ts": "2026-05-11T08:21:29.078Z", "lvl": "INFO", "cat": "dependency", "component": "storage_service", "msg": "DuckDB initialized: C:\\Users\\PVENKA~1\\AppData\\Local\\Temp\\tmp5sbgq8dd\\test_market.duckdb"}
{"ts": "2026-05-11T08:21:29.078Z", "lvl": "INFO", "cat": "dependency", "component": "storage_service", "msg": "StorageService ready — DuckDB:C:\\Users\\PVENKA~1\\AppData\\Local\\Temp\\tmp5sbgq8dd\\test_market.duckdb, SQLite:C:\\Users\\PVENKA~1\\AppData\\Local\\Temp\\tmp5sbgq8dd\\test_journal.db"}
{"ts": "2026-05-11T08:21:29.139Z", "lvl": "DEBUG", "cat": "dependency", "component": "storage_service", "msg": "SQLite tables ensured"}
{"ts": "2026-05-11T08:21:29.140Z", "lvl": "INFO", "cat": "dependency", "component": "storage_service", "msg": "SQLite initialized: C:\\Users\\PVENKA~1\\AppData\\Local\\Temp\\tmpnbr4_6qh\\test_journal.db"}
{"ts": "2026-05-11T08:21:29.158Z", "lvl": "DEBUG", "cat": "dependency", "component": "storage_service", "msg": "DuckDB tables ensured"}
{"ts": "2026-05-11T08:21:29.158Z", "lvl": "INFO", "cat": "dependency", "component": "storage_service", "msg": "DuckDB initialized: C:\\Users\\PVENKA~1\\AppData\\Local\\Temp\\tmpnbr4_6qh\\test_market.duckdb"}
{"ts": "2026-05-11T08:21:29.158Z", "lvl": "INFO", "cat": "dependency", "component": "storage_service", "msg": "StorageService ready — DuckDB:C:\\Users\\PVENKA~1\\AppData\\Local\\Temp\\tmpnbr4_6qh\\test_market.duckdb, SQLite:C:\\Users\\PVENKA~1\\AppData\\Local\\Temp\\tmpnbr4_6qh\\test_journal.db"}
{"ts": "2026-05-11T08:21:29.227Z", "lvl": "DEBUG", "cat": "dependency", "component": "storage_service", "msg": "SQLite tables ensured"}
{"ts": "2026-05-11T08:21:29.227Z", "lvl": "INFO", "cat": "dependency", "component": "storage_service", "msg": "SQLite initialized: C:\\Users\\PVENKA~1\\AppData\\Local\\Temp\\tmp9wcn1oiv\\test_journal.db"}
{"ts": "2026-05-11T08:21:29.248Z", "lvl": "DEBUG", "cat": "dependency", "component": "storage_service", "msg": "DuckDB tables ensured"}
{"ts": "2026-05-11T08:21:29.248Z", "lvl": "INFO", "cat": "dependency", "component": "storage_service", "msg": "DuckDB initialized: C:\\Users\\PVENKA~1\\AppData\\Local\\Temp\\tmp9wcn1oiv\\test_market.duckdb"}
{"ts": "2026-05-11T08:21:29.248Z", "lvl": "INFO", "cat": "dependency", "component": "storage_service", "msg": "StorageService ready — DuckDB:C:\\Users\\PVENKA~1\\AppData\\Local\\Temp\\tmp9wcn1oiv\\test_market.duckdb, SQLite:C:\\Users\\PVENKA~1\\AppData\\Local\\Temp\\tmp9wcn1oiv\\test_journal.db"}
{"ts": "2026-05-11T08:21:29.312Z", "lvl": "DEBUG", "cat": "dependency", "component": "storage_service", "msg": "SQLite tables ensured"}
{"ts": "2026-05-11T08:21:29.312Z", "lvl": "INFO", "cat": "dependency", "component": "storage_service", "msg": "SQLite initialized: C:\\Users\\PVENKA~1\\AppData\\Local\\Temp\\tmp6o0m7aeb\\test_journal.db"}
{"ts": "2026-05-11T08:21:29.333Z", "lvl": "DEBUG", "cat": "dependency", "component": "storage_service", "msg": "DuckDB tables ensured"}
{"ts": "2026-05-11T08:21:29.334Z", "lvl": "INFO", "cat": "dependency", "component": "storage_service", "msg": "DuckDB initialized: C:\\Users\\PVENKA~1\\AppData\\Local\\Temp\\tmp6o0m7aeb\\test_market.duckdb"}
{"ts": "2026-05-11T08:21:29.334Z", "lvl": "INFO", "cat": "dependency", "component": "storage_service", "msg": "StorageService ready — DuckDB:C:\\Users\\PVENKA~1\\AppData\\Local\\Temp\\tmp6o0m7aeb\\test_market.duckdb, SQLite:C:\\Users\\PVENKA~1\\AppData\\Local\\Temp\\tmp6o0m7aeb\\test_journal.db"}
{"ts": "2026-05-11T08:21:29.395Z", "lvl": "DEBUG", "cat": "dependency", "component": "storage_service", "msg": "SQLite tables ensured"}
{"ts": "2026-05-11T08:21:29.396Z", "lvl": "INFO", "cat": "dependency", "component": "storage_service", "msg": "SQLite initialized: C:\\Users\\PVENKA~1\\AppData\\Local\\Temp\\tmp94pw9c2n\\test_journal.db"}
{"ts": "2026-05-11T08:21:29.420Z", "lvl": "DEBUG", "cat": "dependency", "component": "storage_service", "msg": "DuckDB tables ensured"}
{"ts": "2026-05-11T08:21:29.420Z", "lvl": "INFO", "cat": "dependency", "component": "storage_service", "msg": "DuckDB initialized: C:\\Users\\PVENKA~1\\AppData\\Local\\Temp\\tmp94pw9c2n\\test_market.duckdb"}
{"ts": "2026-05-11T08:21:29.421Z", "lvl": "INFO", "cat": "dependency", "component": "storage_service", "msg": "StorageService ready — DuckDB:C:\\Users\\PVENKA~1\\AppData\\Local\\Temp\\tmp94pw9c2n\\test_market.duckdb, SQLite:C:\\Users\\PVENKA~1\\AppData\\Local\\Temp\\tmp94pw9c2n\\test_journal.db"}
{"ts": "2026-05-11T08:21:29.477Z", "lvl": "DEBUG", "cat": "dependency", "component": "storage_service", "msg": "SQLite tables ensured"}
{"ts": "2026-05-11T08:21:29.477Z", "lvl": "INFO", "cat": "dependency", "component": "storage_service", "msg": "SQLite initialized: C:\\Users\\PVENKA~1\\AppData\\Local\\Temp\\tmpadflggpj\\test_journal.db"}
{"ts": "2026-05-11T08:21:29.500Z", "lvl": "DEBUG", "cat": "dependency", "component": "storage_service", "msg": "DuckDB tables ensured"}
{"ts": "2026-05-11T08:21:29.500Z", "lvl": "INFO", "cat": "dependency", "component": "storage_service", "msg": "DuckDB initialized: C:\\Users\\PVENKA~1\\AppData\\Local\\Temp\\tmpadflggpj\\test_market.duckdb"}
{"ts": "2026-05-11T08:21:29.500Z", "lvl": "INFO", "cat": "dependency", "component": "storage_service", "msg": "StorageService ready — DuckDB:C:\\Users\\PVENKA~1\\AppData\\Local\\Temp\\tmpadflggpj\\test_market.duckdb, SQLite:C:\\Users\\PVENKA~1\\AppData\\Local\\Temp\\tmpadflggpj\\test_journal.db"}
{"ts": "2026-05-11T08:21:29.574Z", "lvl": "DEBUG", "cat": "dependency", "component": "storage_service", "msg": "SQLite tables ensured"}
{"ts": "2026-05-11T08:21:29.574Z", "lvl": "INFO", "cat": "dependency", "component": "storage_service", "msg": "SQLite initialized: C:\\Users\\PVENKA~1\\AppData\\Local\\Temp\\tmp1w2uag3p\\test_journal.db"}
{"ts": "2026-05-11T08:21:29.597Z", "lvl": "DEBUG", "cat": "dependency", "component": "storage_service", "msg": "DuckDB tables ensured"}
{"ts": "2026-05-11T08:21:29.597Z", "lvl": "INFO", "cat": "dependency", "component": "storage_service", "msg": "DuckDB initialized: C:\\Users\\PVENKA~1\\AppData\\Local\\Temp\\tmp1w2uag3p\\test_market.duckdb"}
{"ts": "2026-05-11T08:21:29.597Z", "lvl": "INFO", "cat": "dependency", "component": "storage_service", "msg": "StorageService ready — DuckDB:C:\\Users\\PVENKA~1\\AppData\\Local\\Temp\\tmp1w2uag3p\\test_market.duckdb, SQLite:C:\\Users\\PVENKA~1\\AppData\\Local\\Temp\\tmp1w2uag3p\\test_journal.db"}
{"ts": "2026-05-11T08:21:29.654Z", "lvl": "DEBUG", "cat": "dependency", "component": "storage_service", "msg": "SQLite tables ensured"}
{"ts": "2026-05-11T08:21:29.654Z", "lvl": "INFO", "cat": "dependency", "component": "storage_service", "msg": "SQLite initialized: C:\\Users\\PVENKA~1\\AppData\\Local\\Temp\\tmprrt5av22\\test_journal.db"}
{"ts": "2026-05-11T08:21:29.675Z", "lvl": "DEBUG", "cat": "dependency", "component": "storage_service", "msg": "DuckDB tables ensured"}
{"ts": "2026-05-11T08:21:29.675Z", "lvl": "INFO", "cat": "dependency", "component": "storage_service", "msg": "DuckDB initialized: C:\\Users\\PVENKA~1\\AppData\\Local\\Temp\\tmprrt5av22\\test_market.duckdb"}
{"ts": "2026-05-11T08:21:29.675Z", "lvl": "INFO", "cat": "dependency", "component": "storage_service", "msg": "StorageService ready — DuckDB:C:\\Users\\PVENKA~1\\AppData\\Local\\Temp\\tmprrt5av22\\test_market.duckdb, SQLite:C:\\Users\\PVENKA~1\\AppData\\Local\\Temp\\tmprrt5av22\\test_journal.db"}
{"ts": "2026-05-11T08:21:29.731Z", "lvl": "DEBUG", "cat": "dependency", "component": "storage_service", "msg": "SQLite tables ensured"}
{"ts": "2026-05-11T08:21:29.731Z", "lvl": "INFO", "cat": "dependency", "component": "storage_service", "msg": "SQLite initialized: C:\\Users\\PVENKA~1\\AppData\\Local\\Temp\\tmpukebu6tc\\test_journal.db"}
{"ts": "2026-05-11T08:21:29.754Z", "lvl": "DEBUG", "cat": "dependency", "component": "storage_service", "msg": "DuckDB tables ensured"}
{"ts": "2026-05-11T08:21:29.754Z", "lvl": "INFO", "cat": "dependency", "component": "storage_service", "msg": "DuckDB initialized: C:\\Users\\PVENKA~1\\AppData\\Local\\Temp\\tmpukebu6tc\\test_market.duckdb"}
{"ts": "2026-05-11T08:21:29.754Z", "lvl": "INFO", "cat": "dependency", "component": "storage_service", "msg": "StorageService ready — DuckDB:C:\\Users\\PVENKA~1\\AppData\\Local\\Temp\\tmpukebu6tc\\test_market.duckdb, SQLite:C:\\Users\\PVENKA~1\\AppData\\Local\\Temp\\tmpukebu6tc\\test_journal.db"}
{"ts": "2026-05-11T08:21:29.810Z", "lvl": "DEBUG", "cat": "dependency", "component": "storage_service", "msg": "SQLite tables ensured"}
{"ts": "2026-05-11T08:21:29.810Z", "lvl": "INFO", "cat": "dependency", "component": "storage_service", "msg": "SQLite initialized: C:\\Users\\PVENKA~1\\AppData\\Local\\Temp\\tmpso0tl2vm\\test_journal.db"}
{"ts": "2026-05-11T08:21:29.830Z", "lvl": "DEBUG", "cat": "dependency", "component": "storage_service", "msg": "DuckDB tables ensured"}
{"ts": "2026-05-11T08:21:29.830Z", "lvl": "INFO", "cat": "dependency", "component": "storage_service", "msg": "DuckDB initialized: C:\\Users\\PVENKA~1\\AppData\\Local\\Temp\\tmpso0tl2vm\\test_market.duckdb"}
{"ts": "2026-05-11T08:21:29.830Z", "lvl": "INFO", "cat": "dependency", "component": "storage_service", "msg": "StorageService ready — DuckDB:C:\\Users\\PVENKA~1\\AppData\\Local\\Temp\\tmpso0tl2vm\\test_market.duckdb, SQLite:C:\\Users\\PVENKA~1\\AppData\\Local\\Temp\\tmpso0tl2vm\\test_journal.db"}
{"ts": "2026-05-11T08:22:21.771Z", "lvl": "DEBUG", "cat": "dependency", "component": "storage_service", "msg": "SQLite tables ensured"}
{"ts": "2026-05-11T08:22:21.771Z", "lvl": "INFO", "cat": "dependency", "component": "storage_service", "msg": "SQLite initialized: C:\\Users\\p venkata naveen\\Cursor ai\\Quant_Forex_V3\\QUANT_ENGINE_2026\\data\\journal.db"}
{"ts": "2026-05-11T08:22:21.958Z", "lvl": "ERROR", "cat": "dependency", "component": "storage_service", "msg": "DuckDB init failed: IO Error: Cannot open file \"C:\\Users\\p venkata naveen\\Cursor ai\\Quant_Forex_V3\\QUANT_ENGINE_2026\\data\\market.duckdb\": The process cannot access the file because it is being used by another process.\r\n\nFile is already open in \nC:\\Python312\\python.exe (PID 48468)", "stack_trace": "Traceback (most recent call last):\n  File \"C:\\Users\\p venkata naveen\\Cursor ai\\Quant_Forex_V3\\QUANT_ENGINE_2026\\services\\storage_service.py\", line 279, in _init_duckdb\n    conn = duckdb.connect(str(DUCKDB_PATH))\n           ^^^^^^^^^^^^^^^^^^^^^^^^^^^^^^^^\n_duckdb.IOException: IO Error: Cannot open file \"C:\\Users\\p venkata naveen\\Cursor ai\\Quant_Forex_V3\\QUANT_ENGINE_2026\\data\\market.duckdb\": The process cannot access the file because it is being used by another process.\r\n\nFile is already open in \nC:\\Python312\\python.exe (PID 48468)"}
{"ts": "2026-05-11T08:22:21.959Z", "lvl": "INFO", "cat": "dependency", "component": "storage_service", "msg": "StorageService ready — DuckDB:C:\\Users\\p venkata naveen\\Cursor ai\\Quant_Forex_V3\\QUANT_ENGINE_2026\\data\\market.duckdb, SQLite:C:\\Users\\p venkata naveen\\Cursor ai\\Quant_Forex_V3\\QUANT_ENGINE_2026\\data\\journal.db"}
{"ts": "2026-05-11T08:22:21.968Z", "lvl": "DEBUG", "cat": "dependency", "component": "storage_service", "msg": "SQLite tables ensured"}
{"ts": "2026-05-11T08:22:21.968Z", "lvl": "INFO", "cat": "dependency", "component": "storage_service", "msg": "SQLite initialized: C:\\Users\\PVENKA~1\\AppData\\Local\\Temp\\tmp6ccj10eu\\test_journal.db"}
{"ts": "2026-05-11T08:22:21.989Z", "lvl": "DEBUG", "cat": "dependency", "component": "storage_service", "msg": "DuckDB tables ensured"}
{"ts": "2026-05-11T08:22:21.990Z", "lvl": "INFO", "cat": "dependency", "component": "storage_service", "msg": "DuckDB initialized: C:\\Users\\PVENKA~1\\AppData\\Local\\Temp\\tmp6ccj10eu\\test_market.duckdb"}
{"ts": "2026-05-11T08:22:21.990Z", "lvl": "INFO", "cat": "dependency", "component": "storage_service", "msg": "StorageService ready — DuckDB:C:\\Users\\PVENKA~1\\AppData\\Local\\Temp\\tmp6ccj10eu\\test_market.duckdb, SQLite:C:\\Users\\PVENKA~1\\AppData\\Local\\Temp\\tmp6ccj10eu\\test_journal.db"}
{"ts": "2026-05-11T08:22:22.024Z", "lvl": "DEBUG", "cat": "dependency", "component": "storage_service", "msg": "SQLite tables ensured"}
{"ts": "2026-05-11T08:22:22.024Z", "lvl": "INFO", "cat": "dependency", "component": "storage_service", "msg": "SQLite initialized: C:\\Users\\PVENKA~1\\AppData\\Local\\Temp\\tmpyscvq_y7\\test_journal.db"}
{"ts": "2026-05-11T08:22:22.043Z", "lvl": "DEBUG", "cat": "dependency", "component": "storage_service", "msg": "DuckDB tables ensured"}
{"ts": "2026-05-11T08:22:22.043Z", "lvl": "INFO", "cat": "dependency", "component": "storage_service", "msg": "DuckDB initialized: C:\\Users\\PVENKA~1\\AppData\\Local\\Temp\\tmpyscvq_y7\\test_market.duckdb"}
{"ts": "2026-05-11T08:22:22.043Z", "lvl": "INFO", "cat": "dependency", "component": "storage_service", "msg": "StorageService ready — DuckDB:C:\\Users\\PVENKA~1\\AppData\\Local\\Temp\\tmpyscvq_y7\\test_market.duckdb, SQLite:C:\\Users\\PVENKA~1\\AppData\\Local\\Temp\\tmpyscvq_y7\\test_journal.db"}
{"ts": "2026-05-11T08:22:22.064Z", "lvl": "DEBUG", "cat": "dependency", "component": "storage_service", "msg": "SQLite tables ensured"}
{"ts": "2026-05-11T08:22:22.064Z", "lvl": "INFO", "cat": "dependency", "component": "storage_service", "msg": "SQLite initialized: C:\\Users\\PVENKA~1\\AppData\\Local\\Temp\\tmph_npl01q\\test_journal.db"}
{"ts": "2026-05-11T08:22:22.084Z", "lvl": "DEBUG", "cat": "dependency", "component": "storage_service", "msg": "DuckDB tables ensured"}
{"ts": "2026-05-11T08:22:22.084Z", "lvl": "INFO", "cat": "dependency", "component": "storage_service", "msg": "DuckDB initialized: C:\\Users\\PVENKA~1\\AppData\\Local\\Temp\\tmph_npl01q\\test_market.duckdb"}
{"ts": "2026-05-11T08:22:22.084Z", "lvl": "INFO", "cat": "dependency", "component": "storage_service", "msg": "StorageService ready — DuckDB:C:\\Users\\PVENKA~1\\AppData\\Local\\Temp\\tmph_npl01q\\test_market.duckdb, SQLite:C:\\Users\\PVENKA~1\\AppData\\Local\\Temp\\tmph_npl01q\\test_journal.db"}
{"ts": "2026-05-11T08:22:22.106Z", "lvl": "DEBUG", "cat": "dependency", "component": "storage_service", "msg": "SQLite tables ensured"}
{"ts": "2026-05-11T08:22:22.106Z", "lvl": "INFO", "cat": "dependency", "component": "storage_service", "msg": "SQLite initialized: C:\\Users\\PVENKA~1\\AppData\\Local\\Temp\\tmplbbie5b_\\test_journal.db"}
{"ts": "2026-05-11T08:22:22.127Z", "lvl": "DEBUG", "cat": "dependency", "component": "storage_service", "msg": "DuckDB tables ensured"}
{"ts": "2026-05-11T08:22:22.127Z", "lvl": "INFO", "cat": "dependency", "component": "storage_service", "msg": "DuckDB initialized: C:\\Users\\PVENKA~1\\AppData\\Local\\Temp\\tmplbbie5b_\\test_market.duckdb"}
{"ts": "2026-05-11T08:22:22.127Z", "lvl": "INFO", "cat": "dependency", "component": "storage_service", "msg": "StorageService ready — DuckDB:C:\\Users\\PVENKA~1\\AppData\\Local\\Temp\\tmplbbie5b_\\test_market.duckdb, SQLite:C:\\Users\\PVENKA~1\\AppData\\Local\\Temp\\tmplbbie5b_\\test_journal.db"}
{"ts": "2026-05-11T08:22:22.147Z", "lvl": "DEBUG", "cat": "dependency", "component": "storage_service", "msg": "SQLite tables ensured"}
{"ts": "2026-05-11T08:22:22.147Z", "lvl": "INFO", "cat": "dependency", "component": "storage_service", "msg": "SQLite initialized: C:\\Users\\PVENKA~1\\AppData\\Local\\Temp\\tmplg3u8r07\\test_journal.db"}
{"ts": "2026-05-11T08:22:22.166Z", "lvl": "DEBUG", "cat": "dependency", "component": "storage_service", "msg": "DuckDB tables ensured"}
{"ts": "2026-05-11T08:22:22.166Z", "lvl": "INFO", "cat": "dependency", "component": "storage_service", "msg": "DuckDB initialized: C:\\Users\\PVENKA~1\\AppData\\Local\\Temp\\tmplg3u8r07\\test_market.duckdb"}
{"ts": "2026-05-11T08:22:22.166Z", "lvl": "INFO", "cat": "dependency", "component": "storage_service", "msg": "StorageService ready — DuckDB:C:\\Users\\PVENKA~1\\AppData\\Local\\Temp\\tmplg3u8r07\\test_market.duckdb, SQLite:C:\\Users\\PVENKA~1\\AppData\\Local\\Temp\\tmplg3u8r07\\test_journal.db"}
{"ts": "2026-05-11T08:22:22.186Z", "lvl": "DEBUG", "cat": "dependency", "component": "storage_service", "msg": "SQLite tables ensured"}
{"ts": "2026-05-11T08:22:22.186Z", "lvl": "INFO", "cat": "dependency", "component": "storage_service", "msg": "SQLite initialized: C:\\Users\\PVENKA~1\\AppData\\Local\\Temp\\tmpvs009k1i\\test_journal.db"}
{"ts": "2026-05-11T08:22:22.205Z", "lvl": "DEBUG", "cat": "dependency", "component": "storage_service", "msg": "DuckDB tables ensured"}
{"ts": "2026-05-11T08:22:22.205Z", "lvl": "INFO", "cat": "dependency", "component": "storage_service", "msg": "DuckDB initialized: C:\\Users\\PVENKA~1\\AppData\\Local\\Temp\\tmpvs009k1i\\test_market.duckdb"}
{"ts": "2026-05-11T08:22:22.205Z", "lvl": "INFO", "cat": "dependency", "component": "storage_service", "msg": "StorageService ready — DuckDB:C:\\Users\\PVENKA~1\\AppData\\Local\\Temp\\tmpvs009k1i\\test_market.duckdb, SQLite:C:\\Users\\PVENKA~1\\AppData\\Local\\Temp\\tmpvs009k1i\\test_journal.db"}
{"ts": "2026-05-11T08:22:22.229Z", "lvl": "DEBUG", "cat": "dependency", "component": "storage_service", "msg": "SQLite tables ensured"}
{"ts": "2026-05-11T08:22:22.230Z", "lvl": "INFO", "cat": "dependency", "component": "storage_service", "msg": "SQLite initialized: C:\\Users\\PVENKA~1\\AppData\\Local\\Temp\\tmphy4r039i\\test_journal.db"}
{"ts": "2026-05-11T08:22:22.248Z", "lvl": "DEBUG", "cat": "dependency", "component": "storage_service", "msg": "DuckDB tables ensured"}
{"ts": "2026-05-11T08:22:22.248Z", "lvl": "INFO", "cat": "dependency", "component": "storage_service", "msg": "DuckDB initialized: C:\\Users\\PVENKA~1\\AppData\\Local\\Temp\\tmphy4r039i\\test_market.duckdb"}
{"ts": "2026-05-11T08:22:22.248Z", "lvl": "INFO", "cat": "dependency", "component": "storage_service", "msg": "StorageService ready — DuckDB:C:\\Users\\PVENKA~1\\AppData\\Local\\Temp\\tmphy4r039i\\test_market.duckdb, SQLite:C:\\Users\\PVENKA~1\\AppData\\Local\\Temp\\tmphy4r039i\\test_journal.db"}
{"ts": "2026-05-11T08:22:22.268Z", "lvl": "DEBUG", "cat": "dependency", "component": "storage_service", "msg": "SQLite tables ensured"}
{"ts": "2026-05-11T08:22:22.270Z", "lvl": "INFO", "cat": "dependency", "component": "storage_service", "msg": "SQLite initialized: C:\\Users\\PVENKA~1\\AppData\\Local\\Temp\\tmpysntyydg\\test_journal.db"}
{"ts": "2026-05-11T08:22:22.290Z", "lvl": "DEBUG", "cat": "dependency", "component": "storage_service", "msg": "DuckDB tables ensured"}
{"ts": "2026-05-11T08:22:22.290Z", "lvl": "INFO", "cat": "dependency", "component": "storage_service", "msg": "DuckDB initialized: C:\\Users\\PVENKA~1\\AppData\\Local\\Temp\\tmpysntyydg\\test_market.duckdb"}
{"ts": "2026-05-11T08:22:22.291Z", "lvl": "INFO", "cat": "dependency", "component": "storage_service", "msg": "StorageService ready — DuckDB:C:\\Users\\PVENKA~1\\AppData\\Local\\Temp\\tmpysntyydg\\test_market.duckdb, SQLite:C:\\Users\\PVENKA~1\\AppData\\Local\\Temp\\tmpysntyydg\\test_journal.db"}
{"ts": "2026-05-11T08:22:22.311Z", "lvl": "DEBUG", "cat": "dependency", "component": "storage_service", "msg": "SQLite tables ensured"}
{"ts": "2026-05-11T08:22:22.311Z", "lvl": "INFO", "cat": "dependency", "component": "storage_service", "msg": "SQLite initialized: C:\\Users\\PVENKA~1\\AppData\\Local\\Temp\\tmptq8eysdi\\test_journal.db"}
{"ts": "2026-05-11T08:22:22.331Z", "lvl": "DEBUG", "cat": "dependency", "component": "storage_service", "msg": "DuckDB tables ensured"}
{"ts": "2026-05-11T08:22:22.331Z", "lvl": "INFO", "cat": "dependency", "component": "storage_service", "msg": "DuckDB initialized: C:\\Users\\PVENKA~1\\AppData\\Local\\Temp\\tmptq8eysdi\\test_market.duckdb"}
{"ts": "2026-05-11T08:22:22.331Z", "lvl": "INFO", "cat": "dependency", "component": "storage_service", "msg": "StorageService ready — DuckDB:C:\\Users\\PVENKA~1\\AppData\\Local\\Temp\\tmptq8eysdi\\test_market.duckdb, SQLite:C:\\Users\\PVENKA~1\\AppData\\Local\\Temp\\tmptq8eysdi\\test_journal.db"}
{"ts": "2026-05-11T08:22:22.350Z", "lvl": "DEBUG", "cat": "dependency", "component": "storage_service", "msg": "SQLite tables ensured"}
{"ts": "2026-05-11T08:22:22.350Z", "lvl": "INFO", "cat": "dependency", "component": "storage_service", "msg": "SQLite initialized: C:\\Users\\PVENKA~1\\AppData\\Local\\Temp\\tmpszhcsi2h\\test_journal.db"}
{"ts": "2026-05-11T08:22:22.369Z", "lvl": "DEBUG", "cat": "dependency", "component": "storage_service", "msg": "DuckDB tables ensured"}
{"ts": "2026-05-11T08:22:22.370Z", "lvl": "INFO", "cat": "dependency", "component": "storage_service", "msg": "DuckDB initialized: C:\\Users\\PVENKA~1\\AppData\\Local\\Temp\\tmpszhcsi2h\\test_market.duckdb"}
{"ts": "2026-05-11T08:22:22.370Z", "lvl": "INFO", "cat": "dependency", "component": "storage_service", "msg": "StorageService ready — DuckDB:C:\\Users\\PVENKA~1\\AppData\\Local\\Temp\\tmpszhcsi2h\\test_market.duckdb, SQLite:C:\\Users\\PVENKA~1\\AppData\\Local\\Temp\\tmpszhcsi2h\\test_journal.db"}
{"ts": "2026-05-11T08:22:22.391Z", "lvl": "DEBUG", "cat": "dependency", "component": "storage_service", "msg": "SQLite tables ensured"}
{"ts": "2026-05-11T08:22:22.391Z", "lvl": "INFO", "cat": "dependency", "component": "storage_service", "msg": "SQLite initialized: C:\\Users\\PVENKA~1\\AppData\\Local\\Temp\\tmpe03ylhr_\\test_journal.db"}
{"ts": "2026-05-11T08:22:22.409Z", "lvl": "DEBUG", "cat": "dependency", "component": "storage_service", "msg": "DuckDB tables ensured"}
{"ts": "2026-05-11T08:22:22.410Z", "lvl": "INFO", "cat": "dependency", "component": "storage_service", "msg": "DuckDB initialized: C:\\Users\\PVENKA~1\\AppData\\Local\\Temp\\tmpe03ylhr_\\test_market.duckdb"}
{"ts": "2026-05-11T08:22:22.410Z", "lvl": "INFO", "cat": "dependency", "component": "storage_service", "msg": "StorageService ready — DuckDB:C:\\Users\\PVENKA~1\\AppData\\Local\\Temp\\tmpe03ylhr_\\test_market.duckdb, SQLite:C:\\Users\\PVENKA~1\\AppData\\Local\\Temp\\tmpe03ylhr_\\test_journal.db"}
{"ts": "2026-05-11T08:22:22.430Z", "lvl": "DEBUG", "cat": "dependency", "component": "storage_service", "msg": "SQLite tables ensured"}
{"ts": "2026-05-11T08:22:22.431Z", "lvl": "INFO", "cat": "dependency", "component": "storage_service", "msg": "SQLite initialized: C:\\Users\\PVENKA~1\\AppData\\Local\\Temp\\tmpado72s78\\test_journal.db"}
{"ts": "2026-05-11T08:22:22.450Z", "lvl": "DEBUG", "cat": "dependency", "component": "storage_service", "msg": "DuckDB tables ensured"}
{"ts": "2026-05-11T08:22:22.451Z", "lvl": "INFO", "cat": "dependency", "component": "storage_service", "msg": "DuckDB initialized: C:\\Users\\PVENKA~1\\AppData\\Local\\Temp\\tmpado72s78\\test_market.duckdb"}
{"ts": "2026-05-11T08:22:22.451Z", "lvl": "INFO", "cat": "dependency", "component": "storage_service", "msg": "StorageService ready — DuckDB:C:\\Users\\PVENKA~1\\AppData\\Local\\Temp\\tmpado72s78\\test_market.duckdb, SQLite:C:\\Users\\PVENKA~1\\AppData\\Local\\Temp\\tmpado72s78\\test_journal.db"}
{"ts": "2026-05-11T08:22:26.388Z", "lvl": "DEBUG", "cat": "dependency", "component": "storage_service", "msg": "SQLite tables ensured"}
{"ts": "2026-05-11T08:22:26.388Z", "lvl": "INFO", "cat": "dependency", "component": "storage_service", "msg": "SQLite initialized: C:\\Users\\p venkata naveen\\Cursor ai\\Quant_Forex_V3\\QUANT_ENGINE_2026\\data\\journal.db"}
{"ts": "2026-05-11T08:22:26.562Z", "lvl": "ERROR", "cat": "dependency", "component": "storage_service", "msg": "DuckDB init failed: IO Error: Cannot open file \"C:\\Users\\p venkata naveen\\Cursor ai\\Quant_Forex_V3\\QUANT_ENGINE_2026\\data\\market.duckdb\": The process cannot access the file because it is being used by another process.\r\n\nFile is already open in \nC:\\Python312\\python.exe (PID 48468)", "stack_trace": "Traceback (most recent call last):\n  File \"C:\\Users\\p venkata naveen\\Cursor ai\\Quant_Forex_V3\\QUANT_ENGINE_2026\\services\\storage_service.py\", line 279, in _init_duckdb\n    conn = duckdb.connect(str(DUCKDB_PATH))\n           ^^^^^^^^^^^^^^^^^^^^^^^^^^^^^^^^\n_duckdb.IOException: IO Error: Cannot open file \"C:\\Users\\p venkata naveen\\Cursor ai\\Quant_Forex_V3\\QUANT_ENGINE_2026\\data\\market.duckdb\": The process cannot access the file because it is being used by another process.\r\n\nFile is already open in \nC:\\Python312\\python.exe (PID 48468)"}
{"ts": "2026-05-11T08:22:26.563Z", "lvl": "INFO", "cat": "dependency", "component": "storage_service", "msg": "StorageService ready — DuckDB:C:\\Users\\p venkata naveen\\Cursor ai\\Quant_Forex_V3\\QUANT_ENGINE_2026\\data\\market.duckdb, SQLite:C:\\Users\\p venkata naveen\\Cursor ai\\Quant_Forex_V3\\QUANT_ENGINE_2026\\data\\journal.db"}
{"ts": "2026-05-11T08:22:26.564Z", "lvl": "DEBUG", "cat": "dependency", "component": "storage_service", "msg": "DuckDB not available — skipping write"}
{"ts": "2026-05-11T08:22:26.585Z", "lvl": "DEBUG", "cat": "dependency", "component": "storage_service", "msg": "DuckDB not available — skipping write"}
{"ts": "2026-05-11T08:22:26.602Z", "lvl": "DEBUG", "cat": "dependency", "component": "storage_service", "msg": "DuckDB not available — skipping write"}
{"ts": "2026-05-11T08:22:26.616Z", "lvl": "DEBUG", "cat": "dependency", "component": "storage_service", "msg": "DuckDB not available — skipping write"}
{"ts": "2026-05-11T08:22:28.470Z", "lvl": "DEBUG", "cat": "dependency", "component": "storage_service", "msg": "SQLite tables ensured"}
{"ts": "2026-05-11T08:22:28.471Z", "lvl": "INFO", "cat": "dependency", "component": "storage_service", "msg": "SQLite initialized: C:\\Users\\PVENKA~1\\AppData\\Local\\Temp\\tmp63n39z64\\test_journal.db"}
{"ts": "2026-05-11T08:22:28.491Z", "lvl": "DEBUG", "cat": "dependency", "component": "storage_service", "msg": "DuckDB tables ensured"}
{"ts": "2026-05-11T08:22:28.491Z", "lvl": "INFO", "cat": "dependency", "component": "storage_service", "msg": "DuckDB initialized: C:\\Users\\PVENKA~1\\AppData\\Local\\Temp\\tmp63n39z64\\test_market.duckdb"}
{"ts": "2026-05-11T08:22:28.491Z", "lvl": "INFO", "cat": "dependency", "component": "storage_service", "msg": "StorageService ready — DuckDB:C:\\Users\\PVENKA~1\\AppData\\Local\\Temp\\tmp63n39z64\\test_market.duckdb, SQLite:C:\\Users\\PVENKA~1\\AppData\\Local\\Temp\\tmp63n39z64\\test_journal.db"}
{"ts": "2026-05-11T08:22:28.513Z", "lvl": "DEBUG", "cat": "dependency", "component": "storage_service", "msg": "SQLite tables ensured"}
{"ts": "2026-05-11T08:22:28.513Z", "lvl": "INFO", "cat": "dependency", "component": "storage_service", "msg": "SQLite initialized: C:\\Users\\PVENKA~1\\AppData\\Local\\Temp\\tmpes__9z62\\test_journal.db"}
{"ts": "2026-05-11T08:22:28.532Z", "lvl": "DEBUG", "cat": "dependency", "component": "storage_service", "msg": "DuckDB tables ensured"}
{"ts": "2026-05-11T08:22:28.532Z", "lvl": "INFO", "cat": "dependency", "component": "storage_service", "msg": "DuckDB initialized: C:\\Users\\PVENKA~1\\AppData\\Local\\Temp\\tmpes__9z62\\test_market.duckdb"}
{"ts": "2026-05-11T08:22:28.533Z", "lvl": "INFO", "cat": "dependency", "component": "storage_service", "msg": "StorageService ready — DuckDB:C:\\Users\\PVENKA~1\\AppData\\Local\\Temp\\tmpes__9z62\\test_market.duckdb, SQLite:C:\\Users\\PVENKA~1\\AppData\\Local\\Temp\\tmpes__9z62\\test_journal.db"}
{"ts": "2026-05-11T08:22:28.553Z", "lvl": "DEBUG", "cat": "dependency", "component": "storage_service", "msg": "SQLite tables ensured"}
{"ts": "2026-05-11T08:22:28.553Z", "lvl": "INFO", "cat": "dependency", "component": "storage_service", "msg": "SQLite initialized: C:\\Users\\PVENKA~1\\AppData\\Local\\Temp\\tmpjig8nlcc\\test_journal.db"}
{"ts": "2026-05-11T08:22:28.573Z", "lvl": "DEBUG", "cat": "dependency", "component": "storage_service", "msg": "DuckDB tables ensured"}
{"ts": "2026-05-11T08:22:28.573Z", "lvl": "INFO", "cat": "dependency", "component": "storage_service", "msg": "DuckDB initialized: C:\\Users\\PVENKA~1\\AppData\\Local\\Temp\\tmpjig8nlcc\\test_market.duckdb"}
{"ts": "2026-05-11T08:22:28.573Z", "lvl": "INFO", "cat": "dependency", "component": "storage_service", "msg": "StorageService ready — DuckDB:C:\\Users\\PVENKA~1\\AppData\\Local\\Temp\\tmpjig8nlcc\\test_market.duckdb, SQLite:C:\\Users\\PVENKA~1\\AppData\\Local\\Temp\\tmpjig8nlcc\\test_journal.db"}
{"ts": "2026-05-11T08:22:28.596Z", "lvl": "DEBUG", "cat": "dependency", "component": "storage_service", "msg": "SQLite tables ensured"}
{"ts": "2026-05-11T08:22:28.596Z", "lvl": "INFO", "cat": "dependency", "component": "storage_service", "msg": "SQLite initialized: C:\\Users\\PVENKA~1\\AppData\\Local\\Temp\\tmppdf95af7\\test_journal.db"}
{"ts": "2026-05-11T08:22:28.614Z", "lvl": "DEBUG", "cat": "dependency", "component": "storage_service", "msg": "DuckDB tables ensured"}
{"ts": "2026-05-11T08:22:28.614Z", "lvl": "INFO", "cat": "dependency", "component": "storage_service", "msg": "DuckDB initialized: C:\\Users\\PVENKA~1\\AppData\\Local\\Temp\\tmppdf95af7\\test_market.duckdb"}
{"ts": "2026-05-11T08:22:28.614Z", "lvl": "INFO", "cat": "dependency", "component": "storage_service", "msg": "StorageService ready — DuckDB:C:\\Users\\PVENKA~1\\AppData\\Local\\Temp\\tmppdf95af7\\test_market.duckdb, SQLite:C:\\Users\\PVENKA~1\\AppData\\Local\\Temp\\tmppdf95af7\\test_journal.db"}
{"ts": "2026-05-11T08:22:28.635Z", "lvl": "DEBUG", "cat": "dependency", "component": "storage_service", "msg": "SQLite tables ensured"}
{"ts": "2026-05-11T08:22:28.635Z", "lvl": "INFO", "cat": "dependency", "component": "storage_service", "msg": "SQLite initialized: C:\\Users\\PVENKA~1\\AppData\\Local\\Temp\\tmph3xj1w49\\test_journal.db"}
{"ts": "2026-05-11T08:22:28.653Z", "lvl": "DEBUG", "cat": "dependency", "component": "storage_service", "msg": "DuckDB tables ensured"}
{"ts": "2026-05-11T08:22:28.653Z", "lvl": "INFO", "cat": "dependency", "component": "storage_service", "msg": "DuckDB initialized: C:\\Users\\PVENKA~1\\AppData\\Local\\Temp\\tmph3xj1w49\\test_market.duckdb"}
{"ts": "2026-05-11T08:22:28.653Z", "lvl": "INFO", "cat": "dependency", "component": "storage_service", "msg": "StorageService ready — DuckDB:C:\\Users\\PVENKA~1\\AppData\\Local\\Temp\\tmph3xj1w49\\test_market.duckdb, SQLite:C:\\Users\\PVENKA~1\\AppData\\Local\\Temp\\tmph3xj1w49\\test_journal.db"}
{"ts": "2026-05-11T08:22:28.675Z", "lvl": "DEBUG", "cat": "dependency", "component": "storage_service", "msg": "SQLite tables ensured"}
{"ts": "2026-05-11T08:22:28.675Z", "lvl": "INFO", "cat": "dependency", "component": "storage_service", "msg": "SQLite initialized: C:\\Users\\PVENKA~1\\AppData\\Local\\Temp\\tmpekg9wyv3\\test_journal.db"}
{"ts": "2026-05-11T08:22:28.695Z", "lvl": "DEBUG", "cat": "dependency", "component": "storage_service", "msg": "DuckDB tables ensured"}
{"ts": "2026-05-11T08:22:28.695Z", "lvl": "INFO", "cat": "dependency", "component": "storage_service", "msg": "DuckDB initialized: C:\\Users\\PVENKA~1\\AppData\\Local\\Temp\\tmpekg9wyv3\\test_market.duckdb"}
{"ts": "2026-05-11T08:22:28.696Z", "lvl": "INFO", "cat": "dependency", "component": "storage_service", "msg": "StorageService ready — DuckDB:C:\\Users\\PVENKA~1\\AppData\\Local\\Temp\\tmpekg9wyv3\\test_market.duckdb, SQLite:C:\\Users\\PVENKA~1\\AppData\\Local\\Temp\\tmpekg9wyv3\\test_journal.db"}
{"ts": "2026-05-11T08:22:28.717Z", "lvl": "DEBUG", "cat": "dependency", "component": "storage_service", "msg": "SQLite tables ensured"}
{"ts": "2026-05-11T08:22:28.717Z", "lvl": "INFO", "cat": "dependency", "component": "storage_service", "msg": "SQLite initialized: C:\\Users\\PVENKA~1\\AppData\\Local\\Temp\\tmpzfsexfn5\\test_journal.db"}
{"ts": "2026-05-11T08:22:28.735Z", "lvl": "DEBUG", "cat": "dependency", "component": "storage_service", "msg": "DuckDB tables ensured"}
{"ts": "2026-05-11T08:22:28.735Z", "lvl": "INFO", "cat": "dependency", "component": "storage_service", "msg": "DuckDB initialized: C:\\Users\\PVENKA~1\\AppData\\Local\\Temp\\tmpzfsexfn5\\test_market.duckdb"}
{"ts": "2026-05-11T08:22:28.735Z", "lvl": "INFO", "cat": "dependency", "component": "storage_service", "msg": "StorageService ready — DuckDB:C:\\Users\\PVENKA~1\\AppData\\Local\\Temp\\tmpzfsexfn5\\test_market.duckdb, SQLite:C:\\Users\\PVENKA~1\\AppData\\Local\\Temp\\tmpzfsexfn5\\test_journal.db"}
{"ts": "2026-05-11T08:22:28.756Z", "lvl": "DEBUG", "cat": "dependency", "component": "storage_service", "msg": "SQLite tables ensured"}
{"ts": "2026-05-11T08:22:28.756Z", "lvl": "INFO", "cat": "dependency", "component": "storage_service", "msg": "SQLite initialized: C:\\Users\\PVENKA~1\\AppData\\Local\\Temp\\tmp1bv64bdp\\test_journal.db"}
{"ts": "2026-05-11T08:22:28.775Z", "lvl": "DEBUG", "cat": "dependency", "component": "storage_service", "msg": "DuckDB tables ensured"}
{"ts": "2026-05-11T08:22:28.775Z", "lvl": "INFO", "cat": "dependency", "component": "storage_service", "msg": "DuckDB initialized: C:\\Users\\PVENKA~1\\AppData\\Local\\Temp\\tmp1bv64bdp\\test_market.duckdb"}
{"ts": "2026-05-11T08:22:28.775Z", "lvl": "INFO", "cat": "dependency", "component": "storage_service", "msg": "StorageService ready — DuckDB:C:\\Users\\PVENKA~1\\AppData\\Local\\Temp\\tmp1bv64bdp\\test_market.duckdb, SQLite:C:\\Users\\PVENKA~1\\AppData\\Local\\Temp\\tmp1bv64bdp\\test_journal.db"}
{"ts": "2026-05-11T08:22:28.796Z", "lvl": "DEBUG", "cat": "dependency", "component": "storage_service", "msg": "SQLite tables ensured"}
{"ts": "2026-05-11T08:22:28.796Z", "lvl": "INFO", "cat": "dependency", "component": "storage_service", "msg": "SQLite initialized: C:\\Users\\PVENKA~1\\AppData\\Local\\Temp\\tmpldarcst4\\test_journal.db"}
{"ts": "2026-05-11T08:22:28.816Z", "lvl": "DEBUG", "cat": "dependency", "component": "storage_service", "msg": "DuckDB tables ensured"}
{"ts": "2026-05-11T08:22:28.817Z", "lvl": "INFO", "cat": "dependency", "component": "storage_service", "msg": "DuckDB initialized: C:\\Users\\PVENKA~1\\AppData\\Local\\Temp\\tmpldarcst4\\test_market.duckdb"}
{"ts": "2026-05-11T08:22:28.817Z", "lvl": "INFO", "cat": "dependency", "component": "storage_service", "msg": "StorageService ready — DuckDB:C:\\Users\\PVENKA~1\\AppData\\Local\\Temp\\tmpldarcst4\\test_market.duckdb, SQLite:C:\\Users\\PVENKA~1\\AppData\\Local\\Temp\\tmpldarcst4\\test_journal.db"}
{"ts": "2026-05-11T08:22:28.835Z", "lvl": "DEBUG", "cat": "dependency", "component": "storage_service", "msg": "SQLite tables ensured"}
{"ts": "2026-05-11T08:22:28.836Z", "lvl": "INFO", "cat": "dependency", "component": "storage_service", "msg": "SQLite initialized: C:\\Users\\PVENKA~1\\AppData\\Local\\Temp\\tmpwhkvw6fo\\test_journal.db"}
{"ts": "2026-05-11T08:22:28.854Z", "lvl": "DEBUG", "cat": "dependency", "component": "storage_service", "msg": "DuckDB tables ensured"}
{"ts": "2026-05-11T08:22:28.854Z", "lvl": "INFO", "cat": "dependency", "component": "storage_service", "msg": "DuckDB initialized: C:\\Users\\PVENKA~1\\AppData\\Local\\Temp\\tmpwhkvw6fo\\test_market.duckdb"}
{"ts": "2026-05-11T08:22:28.854Z", "lvl": "INFO", "cat": "dependency", "component": "storage_service", "msg": "StorageService ready — DuckDB:C:\\Users\\PVENKA~1\\AppData\\Local\\Temp\\tmpwhkvw6fo\\test_market.duckdb, SQLite:C:\\Users\\PVENKA~1\\AppData\\Local\\Temp\\tmpwhkvw6fo\\test_journal.db"}
{"ts": "2026-05-11T08:22:28.875Z", "lvl": "DEBUG", "cat": "dependency", "component": "storage_service", "msg": "SQLite tables ensured"}
{"ts": "2026-05-11T08:22:28.875Z", "lvl": "INFO", "cat": "dependency", "component": "storage_service", "msg": "SQLite initialized: C:\\Users\\PVENKA~1\\AppData\\Local\\Temp\\tmpt9qps56l\\test_journal.db"}
{"ts": "2026-05-11T08:22:28.894Z", "lvl": "DEBUG", "cat": "dependency", "component": "storage_service", "msg": "DuckDB tables ensured"}
{"ts": "2026-05-11T08:22:28.894Z", "lvl": "INFO", "cat": "dependency", "component": "storage_service", "msg": "DuckDB initialized: C:\\Users\\PVENKA~1\\AppData\\Local\\Temp\\tmpt9qps56l\\test_market.duckdb"}
{"ts": "2026-05-11T08:22:28.895Z", "lvl": "INFO", "cat": "dependency", "component": "storage_service", "msg": "StorageService ready — DuckDB:C:\\Users\\PVENKA~1\\AppData\\Local\\Temp\\tmpt9qps56l\\test_market.duckdb, SQLite:C:\\Users\\PVENKA~1\\AppData\\Local\\Temp\\tmpt9qps56l\\test_journal.db"}
{"ts": "2026-05-11T08:22:28.915Z", "lvl": "DEBUG", "cat": "dependency", "component": "storage_service", "msg": "SQLite tables ensured"}
{"ts": "2026-05-11T08:22:28.916Z", "lvl": "INFO", "cat": "dependency", "component": "storage_service", "msg": "SQLite initialized: C:\\Users\\PVENKA~1\\AppData\\Local\\Temp\\tmpbg44xk8i\\test_journal.db"}
{"ts": "2026-05-11T08:22:28.934Z", "lvl": "DEBUG", "cat": "dependency", "component": "storage_service", "msg": "DuckDB tables ensured"}
{"ts": "2026-05-11T08:22:28.935Z", "lvl": "INFO", "cat": "dependency", "component": "storage_service", "msg": "DuckDB initialized: C:\\Users\\PVENKA~1\\AppData\\Local\\Temp\\tmpbg44xk8i\\test_market.duckdb"}
{"ts": "2026-05-11T08:22:28.935Z", "lvl": "INFO", "cat": "dependency", "component": "storage_service", "msg": "StorageService ready — DuckDB:C:\\Users\\PVENKA~1\\AppData\\Local\\Temp\\tmpbg44xk8i\\test_market.duckdb, SQLite:C:\\Users\\PVENKA~1\\AppData\\Local\\Temp\\tmpbg44xk8i\\test_journal.db"}
{"ts": "2026-05-11T08:26:03.513Z", "lvl": "DEBUG", "cat": "dependency", "component": "storage_service", "msg": "SQLite tables ensured"}
{"ts": "2026-05-11T08:26:03.514Z", "lvl": "INFO", "cat": "dependency", "component": "storage_service", "msg": "SQLite initialized: C:\\Users\\p venkata naveen\\Cursor ai\\Quant_Forex_V3\\QUANT_ENGINE_2026\\data\\journal.db"}
{"ts": "2026-05-11T08:26:03.973Z", "lvl": "ERROR", "cat": "dependency", "component": "storage_service", "msg": "DuckDB init failed: IO Error: Cannot open file \"C:\\Users\\p venkata naveen\\Cursor ai\\Quant_Forex_V3\\QUANT_ENGINE_2026\\data\\market.duckdb\": The process cannot access the file because it is being used by another process.\r\n\nFile is already open in \nC:\\Python312\\python.exe (PID 48468)", "stack_trace": "Traceback (most recent call last):\n  File \"C:\\Users\\p venkata naveen\\Cursor ai\\Quant_Forex_V3\\QUANT_ENGINE_2026\\services\\storage_service.py\", line 290, in _init_duckdb\n    conn = duckdb.connect(str(DUCKDB_PATH))\n           ^^^^^^^^^^^^^^^^^^^^^^^^^^^^^^^^\n_duckdb.IOException: IO Error: Cannot open file \"C:\\Users\\p venkata naveen\\Cursor ai\\Quant_Forex_V3\\QUANT_ENGINE_2026\\data\\market.duckdb\": The process cannot access the file because it is being used by another process.\r\n\nFile is already open in \nC:\\Python312\\python.exe (PID 48468)\n\nDuring handling of the above exception, another exception occurred:\n\nTraceback (most recent call last):\n  File \"C:\\Users\\p venkata naveen\\Cursor ai\\Quant_Forex_V3\\QUANT_ENGINE_2026\\services\\storage_service.py\", line 311, in _init_duckdb\n    conn = duckdb.connect(str(DUCKDB_PATH), read_only=True)\n           ^^^^^^^^^^^^^^^^^^^^^^^^^^^^^^^^^^^^^^^^^^^^^^^^\n_duckdb.IOException: IO Error: Cannot open file \"C:\\Users\\p venkata naveen\\Cursor ai\\Quant_Forex_V3\\QUANT_ENGINE_2026\\data\\market.duckdb\": The process cannot access the file because it is being used by another process.\r\n\nFile is already open in \nC:\\Python312\\python.exe (PID 48468)"}
{"ts": "2026-05-11T08:26:03.975Z", "lvl": "INFO", "cat": "dependency", "component": "storage_service", "msg": "StorageService ready — DuckDB:C:\\Users\\p venkata naveen\\Cursor ai\\Quant_Forex_V3\\QUANT_ENGINE_2026\\data\\market.duckdb, SQLite:C:\\Users\\p venkata naveen\\Cursor ai\\Quant_Forex_V3\\QUANT_ENGINE_2026\\data\\journal.db"}
{"ts": "2026-05-11T08:26:03.984Z", "lvl": "DEBUG", "cat": "dependency", "component": "storage_service", "msg": "SQLite tables ensured"}
{"ts": "2026-05-11T08:26:03.984Z", "lvl": "INFO", "cat": "dependency", "component": "storage_service", "msg": "SQLite initialized: C:\\Users\\PVENKA~1\\AppData\\Local\\Temp\\tmpwn_oyi8j\\test_journal.db"}
{"ts": "2026-05-11T08:26:04.010Z", "lvl": "DEBUG", "cat": "dependency", "component": "storage_service", "msg": "DuckDB tables ensured"}
{"ts": "2026-05-11T08:26:04.010Z", "lvl": "INFO", "cat": "dependency", "component": "storage_service", "msg": "DuckDB initialized: C:\\Users\\PVENKA~1\\AppData\\Local\\Temp\\tmpwn_oyi8j\\test_market.duckdb"}
{"ts": "2026-05-11T08:26:04.010Z", "lvl": "INFO", "cat": "dependency", "component": "storage_service", "msg": "StorageService ready — DuckDB:C:\\Users\\PVENKA~1\\AppData\\Local\\Temp\\tmpwn_oyi8j\\test_market.duckdb, SQLite:C:\\Users\\PVENKA~1\\AppData\\Local\\Temp\\tmpwn_oyi8j\\test_journal.db"}
{"ts": "2026-05-11T08:26:04.034Z", "lvl": "DEBUG", "cat": "dependency", "component": "storage_service", "msg": "SQLite tables ensured"}
{"ts": "2026-05-11T08:26:04.035Z", "lvl": "INFO", "cat": "dependency", "component": "storage_service", "msg": "SQLite initialized: C:\\Users\\PVENKA~1\\AppData\\Local\\Temp\\tmpxtowwvwi\\test_journal.db"}
{"ts": "2026-05-11T08:26:04.053Z", "lvl": "DEBUG", "cat": "dependency", "component": "storage_service", "msg": "DuckDB tables ensured"}
{"ts": "2026-05-11T08:26:04.053Z", "lvl": "INFO", "cat": "dependency", "component": "storage_service", "msg": "DuckDB initialized: C:\\Users\\PVENKA~1\\AppData\\Local\\Temp\\tmpxtowwvwi\\test_market.duckdb"}
{"ts": "2026-05-11T08:26:04.053Z", "lvl": "INFO", "cat": "dependency", "component": "storage_service", "msg": "StorageService ready — DuckDB:C:\\Users\\PVENKA~1\\AppData\\Local\\Temp\\tmpxtowwvwi\\test_market.duckdb, SQLite:C:\\Users\\PVENKA~1\\AppData\\Local\\Temp\\tmpxtowwvwi\\test_journal.db"}
{"ts": "2026-05-11T08:26:04.074Z", "lvl": "DEBUG", "cat": "dependency", "component": "storage_service", "msg": "SQLite tables ensured"}
{"ts": "2026-05-11T08:26:04.074Z", "lvl": "INFO", "cat": "dependency", "component": "storage_service", "msg": "SQLite initialized: C:\\Users\\PVENKA~1\\AppData\\Local\\Temp\\tmpzlqmw8o9\\test_journal.db"}
{"ts": "2026-05-11T08:26:04.094Z", "lvl": "DEBUG", "cat": "dependency", "component": "storage_service", "msg": "DuckDB tables ensured"}
{"ts": "2026-05-11T08:26:04.094Z", "lvl": "INFO", "cat": "dependency", "component": "storage_service", "msg": "DuckDB initialized: C:\\Users\\PVENKA~1\\AppData\\Local\\Temp\\tmpzlqmw8o9\\test_market.duckdb"}
{"ts": "2026-05-11T08:26:04.094Z", "lvl": "INFO", "cat": "dependency", "component": "storage_service", "msg": "StorageService ready — DuckDB:C:\\Users\\PVENKA~1\\AppData\\Local\\Temp\\tmpzlqmw8o9\\test_market.duckdb, SQLite:C:\\Users\\PVENKA~1\\AppData\\Local\\Temp\\tmpzlqmw8o9\\test_journal.db"}
{"ts": "2026-05-11T08:26:04.115Z", "lvl": "DEBUG", "cat": "dependency", "component": "storage_service", "msg": "SQLite tables ensured"}
{"ts": "2026-05-11T08:26:04.116Z", "lvl": "INFO", "cat": "dependency", "component": "storage_service", "msg": "SQLite initialized: C:\\Users\\PVENKA~1\\AppData\\Local\\Temp\\tmpmu70gg01\\test_journal.db"}
{"ts": "2026-05-11T08:26:04.136Z", "lvl": "DEBUG", "cat": "dependency", "component": "storage_service", "msg": "DuckDB tables ensured"}
{"ts": "2026-05-11T08:26:04.137Z", "lvl": "INFO", "cat": "dependency", "component": "storage_service", "msg": "DuckDB initialized: C:\\Users\\PVENKA~1\\AppData\\Local\\Temp\\tmpmu70gg01\\test_market.duckdb"}
{"ts": "2026-05-11T08:26:04.137Z", "lvl": "INFO", "cat": "dependency", "component": "storage_service", "msg": "StorageService ready — DuckDB:C:\\Users\\PVENKA~1\\AppData\\Local\\Temp\\tmpmu70gg01\\test_market.duckdb, SQLite:C:\\Users\\PVENKA~1\\AppData\\Local\\Temp\\tmpmu70gg01\\test_journal.db"}
{"ts": "2026-05-11T08:26:04.157Z", "lvl": "DEBUG", "cat": "dependency", "component": "storage_service", "msg": "SQLite tables ensured"}
{"ts": "2026-05-11T08:26:04.157Z", "lvl": "INFO", "cat": "dependency", "component": "storage_service", "msg": "SQLite initialized: C:\\Users\\PVENKA~1\\AppData\\Local\\Temp\\tmpc2e5g_6q\\test_journal.db"}
{"ts": "2026-05-11T08:26:04.178Z", "lvl": "DEBUG", "cat": "dependency", "component": "storage_service", "msg": "DuckDB tables ensured"}
{"ts": "2026-05-11T08:26:04.178Z", "lvl": "INFO", "cat": "dependency", "component": "storage_service", "msg": "DuckDB initialized: C:\\Users\\PVENKA~1\\AppData\\Local\\Temp\\tmpc2e5g_6q\\test_market.duckdb"}
{"ts": "2026-05-11T08:26:04.178Z", "lvl": "INFO", "cat": "dependency", "component": "storage_service", "msg": "StorageService ready — DuckDB:C:\\Users\\PVENKA~1\\AppData\\Local\\Temp\\tmpc2e5g_6q\\test_market.duckdb, SQLite:C:\\Users\\PVENKA~1\\AppData\\Local\\Temp\\tmpc2e5g_6q\\test_journal.db"}
{"ts": "2026-05-11T08:26:04.198Z", "lvl": "DEBUG", "cat": "dependency", "component": "storage_service", "msg": "SQLite tables ensured"}
{"ts": "2026-05-11T08:26:04.199Z", "lvl": "INFO", "cat": "dependency", "component": "storage_service", "msg": "SQLite initialized: C:\\Users\\PVENKA~1\\AppData\\Local\\Temp\\tmpbuiq9a7r\\test_journal.db"}
{"ts": "2026-05-11T08:26:04.219Z", "lvl": "DEBUG", "cat": "dependency", "component": "storage_service", "msg": "DuckDB tables ensured"}
{"ts": "2026-05-11T08:26:04.220Z", "lvl": "INFO", "cat": "dependency", "component": "storage_service", "msg": "DuckDB initialized: C:\\Users\\PVENKA~1\\AppData\\Local\\Temp\\tmpbuiq9a7r\\test_market.duckdb"}
{"ts": "2026-05-11T08:26:04.220Z", "lvl": "INFO", "cat": "dependency", "component": "storage_service", "msg": "StorageService ready — DuckDB:C:\\Users\\PVENKA~1\\AppData\\Local\\Temp\\tmpbuiq9a7r\\test_market.duckdb, SQLite:C:\\Users\\PVENKA~1\\AppData\\Local\\Temp\\tmpbuiq9a7r\\test_journal.db"}
{"ts": "2026-05-11T08:26:04.240Z", "lvl": "DEBUG", "cat": "dependency", "component": "storage_service", "msg": "SQLite tables ensured"}
{"ts": "2026-05-11T08:26:04.240Z", "lvl": "INFO", "cat": "dependency", "component": "storage_service", "msg": "SQLite initialized: C:\\Users\\PVENKA~1\\AppData\\Local\\Temp\\tmplp_u1nti\\test_journal.db"}
{"ts": "2026-05-11T08:26:04.261Z", "lvl": "DEBUG", "cat": "dependency", "component": "storage_service", "msg": "DuckDB tables ensured"}
{"ts": "2026-05-11T08:26:04.261Z", "lvl": "INFO", "cat": "dependency", "component": "storage_service", "msg": "DuckDB initialized: C:\\Users\\PVENKA~1\\AppData\\Local\\Temp\\tmplp_u1nti\\test_market.duckdb"}
{"ts": "2026-05-11T08:26:04.261Z", "lvl": "INFO", "cat": "dependency", "component": "storage_service", "msg": "StorageService ready — DuckDB:C:\\Users\\PVENKA~1\\AppData\\Local\\Temp\\tmplp_u1nti\\test_market.duckdb, SQLite:C:\\Users\\PVENKA~1\\AppData\\Local\\Temp\\tmplp_u1nti\\test_journal.db"}
{"ts": "2026-05-11T08:26:04.299Z", "lvl": "DEBUG", "cat": "dependency", "component": "storage_service", "msg": "SQLite tables ensured"}
{"ts": "2026-05-11T08:26:04.299Z", "lvl": "INFO", "cat": "dependency", "component": "storage_service", "msg": "SQLite initialized: C:\\Users\\PVENKA~1\\AppData\\Local\\Temp\\tmpy5fjh2ke\\test_journal.db"}
{"ts": "2026-05-11T08:26:04.319Z", "lvl": "DEBUG", "cat": "dependency", "component": "storage_service", "msg": "DuckDB tables ensured"}
{"ts": "2026-05-11T08:26:04.319Z", "lvl": "INFO", "cat": "dependency", "component": "storage_service", "msg": "DuckDB initialized: C:\\Users\\PVENKA~1\\AppData\\Local\\Temp\\tmpy5fjh2ke\\test_market.duckdb"}
{"ts": "2026-05-11T08:26:04.319Z", "lvl": "INFO", "cat": "dependency", "component": "storage_service", "msg": "StorageService ready — DuckDB:C:\\Users\\PVENKA~1\\AppData\\Local\\Temp\\tmpy5fjh2ke\\test_market.duckdb, SQLite:C:\\Users\\PVENKA~1\\AppData\\Local\\Temp\\tmpy5fjh2ke\\test_journal.db"}
{"ts": "2026-05-11T08:26:04.341Z", "lvl": "DEBUG", "cat": "dependency", "component": "storage_service", "msg": "SQLite tables ensured"}
{"ts": "2026-05-11T08:26:04.341Z", "lvl": "INFO", "cat": "dependency", "component": "storage_service", "msg": "SQLite initialized: C:\\Users\\PVENKA~1\\AppData\\Local\\Temp\\tmpzk0gkmov\\test_journal.db"}
{"ts": "2026-05-11T08:26:04.360Z", "lvl": "DEBUG", "cat": "dependency", "component": "storage_service", "msg": "DuckDB tables ensured"}
{"ts": "2026-05-11T08:26:04.360Z", "lvl": "INFO", "cat": "dependency", "component": "storage_service", "msg": "DuckDB initialized: C:\\Users\\PVENKA~1\\AppData\\Local\\Temp\\tmpzk0gkmov\\test_market.duckdb"}
{"ts": "2026-05-11T08:26:04.360Z", "lvl": "INFO", "cat": "dependency", "component": "storage_service", "msg": "StorageService ready — DuckDB:C:\\Users\\PVENKA~1\\AppData\\Local\\Temp\\tmpzk0gkmov\\test_market.duckdb, SQLite:C:\\Users\\PVENKA~1\\AppData\\Local\\Temp\\tmpzk0gkmov\\test_journal.db"}
{"ts": "2026-05-11T08:26:04.382Z", "lvl": "DEBUG", "cat": "dependency", "component": "storage_service", "msg": "SQLite tables ensured"}
{"ts": "2026-05-11T08:26:04.383Z", "lvl": "INFO", "cat": "dependency", "component": "storage_service", "msg": "SQLite initialized: C:\\Users\\PVENKA~1\\AppData\\Local\\Temp\\tmp5kokil6e\\test_journal.db"}
{"ts": "2026-05-11T08:26:04.404Z", "lvl": "DEBUG", "cat": "dependency", "component": "storage_service", "msg": "DuckDB tables ensured"}
{"ts": "2026-05-11T08:26:04.404Z", "lvl": "INFO", "cat": "dependency", "component": "storage_service", "msg": "DuckDB initialized: C:\\Users\\PVENKA~1\\AppData\\Local\\Temp\\tmp5kokil6e\\test_market.duckdb"}
{"ts": "2026-05-11T08:26:04.404Z", "lvl": "INFO", "cat": "dependency", "component": "storage_service", "msg": "StorageService ready — DuckDB:C:\\Users\\PVENKA~1\\AppData\\Local\\Temp\\tmp5kokil6e\\test_market.duckdb, SQLite:C:\\Users\\PVENKA~1\\AppData\\Local\\Temp\\tmp5kokil6e\\test_journal.db"}
{"ts": "2026-05-11T08:26:04.427Z", "lvl": "DEBUG", "cat": "dependency", "component": "storage_service", "msg": "SQLite tables ensured"}
{"ts": "2026-05-11T08:26:04.428Z", "lvl": "INFO", "cat": "dependency", "component": "storage_service", "msg": "SQLite initialized: C:\\Users\\PVENKA~1\\AppData\\Local\\Temp\\tmpnyaanhlj\\test_journal.db"}
{"ts": "2026-05-11T08:26:04.449Z", "lvl": "DEBUG", "cat": "dependency", "component": "storage_service", "msg": "DuckDB tables ensured"}
{"ts": "2026-05-11T08:26:04.449Z", "lvl": "INFO", "cat": "dependency", "component": "storage_service", "msg": "DuckDB initialized: C:\\Users\\PVENKA~1\\AppData\\Local\\Temp\\tmpnyaanhlj\\test_market.duckdb"}
{"ts": "2026-05-11T08:26:04.449Z", "lvl": "INFO", "cat": "dependency", "component": "storage_service", "msg": "StorageService ready — DuckDB:C:\\Users\\PVENKA~1\\AppData\\Local\\Temp\\tmpnyaanhlj\\test_market.duckdb, SQLite:C:\\Users\\PVENKA~1\\AppData\\Local\\Temp\\tmpnyaanhlj\\test_journal.db"}
{"ts": "2026-05-11T08:26:04.475Z", "lvl": "DEBUG", "cat": "dependency", "component": "storage_service", "msg": "SQLite tables ensured"}
{"ts": "2026-05-11T08:26:04.475Z", "lvl": "INFO", "cat": "dependency", "component": "storage_service", "msg": "SQLite initialized: C:\\Users\\PVENKA~1\\AppData\\Local\\Temp\\tmpt9pnx0yg\\test_journal.db"}
{"ts": "2026-05-11T08:26:04.497Z", "lvl": "DEBUG", "cat": "dependency", "component": "storage_service", "msg": "DuckDB tables ensured"}
{"ts": "2026-05-11T08:26:04.497Z", "lvl": "INFO", "cat": "dependency", "component": "storage_service", "msg": "DuckDB initialized: C:\\Users\\PVENKA~1\\AppData\\Local\\Temp\\tmpt9pnx0yg\\test_market.duckdb"}
{"ts": "2026-05-11T08:26:04.497Z", "lvl": "INFO", "cat": "dependency", "component": "storage_service", "msg": "StorageService ready — DuckDB:C:\\Users\\PVENKA~1\\AppData\\Local\\Temp\\tmpt9pnx0yg\\test_market.duckdb, SQLite:C:\\Users\\PVENKA~1\\AppData\\Local\\Temp\\tmpt9pnx0yg\\test_journal.db"}
{"ts": "2026-05-11T08:28:46.394Z", "lvl": "DEBUG", "cat": "dependency", "component": "storage_service", "msg": "SQLite tables ensured"}
{"ts": "2026-05-11T08:28:46.394Z", "lvl": "INFO", "cat": "dependency", "component": "storage_service", "msg": "SQLite initialized: C:\\Users\\p venkata naveen\\Cursor ai\\Quant_Forex_V3\\QUANT_ENGINE_2026\\data\\journal.db"}
{"ts": "2026-05-11T08:28:46.699Z", "lvl": "ERROR", "cat": "dependency", "component": "storage_service", "msg": "DuckDB init failed: IO Error: Cannot open file \"C:\\Users\\p venkata naveen\\Cursor ai\\Quant_Forex_V3\\QUANT_ENGINE_2026\\data\\market.duckdb\": The process cannot access the file because it is being used by another process.\r\n\nFile is already open in \nC:\\Python312\\python.exe (PID 48468)", "stack_trace": "Traceback (most recent call last):\n  File \"C:\\Users\\p venkata naveen\\Cursor ai\\Quant_Forex_V3\\QUANT_ENGINE_2026\\services\\storage_service.py\", line 290, in _init_duckdb\n    conn = duckdb.connect(str(DUCKDB_PATH))\n           ^^^^^^^^^^^^^^^^^^^^^^^^^^^^^^^^\n_duckdb.IOException: IO Error: Cannot open file \"C:\\Users\\p venkata naveen\\Cursor ai\\Quant_Forex_V3\\QUANT_ENGINE_2026\\data\\market.duckdb\": The process cannot access the file because it is being used by another process.\r\n\nFile is already open in \nC:\\Python312\\python.exe (PID 48468)\n\nDuring handling of the above exception, another exception occurred:\n\nTraceback (most recent call last):\n  File \"C:\\Users\\p venkata naveen\\Cursor ai\\Quant_Forex_V3\\QUANT_ENGINE_2026\\services\\storage_service.py\", line 311, in _init_duckdb\n    conn = duckdb.connect(str(DUCKDB_PATH), read_only=True)\n           ^^^^^^^^^^^^^^^^^^^^^^^^^^^^^^^^^^^^^^^^^^^^^^^^\n_duckdb.IOException: IO Error: Cannot open file \"C:\\Users\\p venkata naveen\\Cursor ai\\Quant_Forex_V3\\QUANT_ENGINE_2026\\data\\market.duckdb\": The process cannot access the file because it is being used by another process.\r\n\nFile is already open in \nC:\\Python312\\python.exe (PID 48468)"}
{"ts": "2026-05-11T08:28:46.702Z", "lvl": "INFO", "cat": "dependency", "component": "storage_service", "msg": "StorageService ready — DuckDB:C:\\Users\\p venkata naveen\\Cursor ai\\Quant_Forex_V3\\QUANT_ENGINE_2026\\data\\market.duckdb, SQLite:C:\\Users\\p venkata naveen\\Cursor ai\\Quant_Forex_V3\\QUANT_ENGINE_2026\\data\\journal.db"}
{"ts": "2026-05-11T08:28:46.702Z", "lvl": "DEBUG", "cat": "dependency", "component": "storage_service", "msg": "DuckDB not available — skipping write"}
{"ts": "2026-05-11T08:28:46.716Z", "lvl": "DEBUG", "cat": "dependency", "component": "storage_service", "msg": "DuckDB not available — skipping write"}
{"ts": "2026-05-11T08:28:46.730Z", "lvl": "DEBUG", "cat": "dependency", "component": "storage_service", "msg": "DuckDB not available — skipping write"}
{"ts": "2026-05-11T08:28:46.746Z", "lvl": "DEBUG", "cat": "dependency", "component": "storage_service", "msg": "DuckDB not available — skipping write"}
{"ts": "2026-05-11T08:28:48.592Z", "lvl": "DEBUG", "cat": "dependency", "component": "storage_service", "msg": "SQLite tables ensured"}
{"ts": "2026-05-11T08:28:48.592Z", "lvl": "INFO", "cat": "dependency", "component": "storage_service", "msg": "SQLite initialized: C:\\Users\\PVENKA~1\\AppData\\Local\\Temp\\tmpfzvp42de\\test_journal.db"}
{"ts": "2026-05-11T08:28:48.612Z", "lvl": "DEBUG", "cat": "dependency", "component": "storage_service", "msg": "DuckDB tables ensured"}
{"ts": "2026-05-11T08:28:48.612Z", "lvl": "INFO", "cat": "dependency", "component": "storage_service", "msg": "DuckDB initialized: C:\\Users\\PVENKA~1\\AppData\\Local\\Temp\\tmpfzvp42de\\test_market.duckdb"}
{"ts": "2026-05-11T08:28:48.612Z", "lvl": "INFO", "cat": "dependency", "component": "storage_service", "msg": "StorageService ready — DuckDB:C:\\Users\\PVENKA~1\\AppData\\Local\\Temp\\tmpfzvp42de\\test_market.duckdb, SQLite:C:\\Users\\PVENKA~1\\AppData\\Local\\Temp\\tmpfzvp42de\\test_journal.db"}
{"ts": "2026-05-11T08:28:48.633Z", "lvl": "DEBUG", "cat": "dependency", "component": "storage_service", "msg": "SQLite tables ensured"}
{"ts": "2026-05-11T08:28:48.634Z", "lvl": "INFO", "cat": "dependency", "component": "storage_service", "msg": "SQLite initialized: C:\\Users\\PVENKA~1\\AppData\\Local\\Temp\\tmpp1byow8w\\test_journal.db"}
{"ts": "2026-05-11T08:28:48.654Z", "lvl": "DEBUG", "cat": "dependency", "component": "storage_service", "msg": "DuckDB tables ensured"}
{"ts": "2026-05-11T08:28:48.654Z", "lvl": "INFO", "cat": "dependency", "component": "storage_service", "msg": "DuckDB initialized: C:\\Users\\PVENKA~1\\AppData\\Local\\Temp\\tmpp1byow8w\\test_market.duckdb"}
{"ts": "2026-05-11T08:28:48.654Z", "lvl": "INFO", "cat": "dependency", "component": "storage_service", "msg": "StorageService ready — DuckDB:C:\\Users\\PVENKA~1\\AppData\\Local\\Temp\\tmpp1byow8w\\test_market.duckdb, SQLite:C:\\Users\\PVENKA~1\\AppData\\Local\\Temp\\tmpp1byow8w\\test_journal.db"}
{"ts": "2026-05-11T08:28:48.674Z", "lvl": "DEBUG", "cat": "dependency", "component": "storage_service", "msg": "SQLite tables ensured"}
{"ts": "2026-05-11T08:28:48.674Z", "lvl": "INFO", "cat": "dependency", "component": "storage_service", "msg": "SQLite initialized: C:\\Users\\PVENKA~1\\AppData\\Local\\Temp\\tmp0bbwqpho\\test_journal.db"}
{"ts": "2026-05-11T08:28:48.692Z", "lvl": "DEBUG", "cat": "dependency", "component": "storage_service", "msg": "DuckDB tables ensured"}
{"ts": "2026-05-11T08:28:48.692Z", "lvl": "INFO", "cat": "dependency", "component": "storage_service", "msg": "DuckDB initialized: C:\\Users\\PVENKA~1\\AppData\\Local\\Temp\\tmp0bbwqpho\\test_market.duckdb"}
{"ts": "2026-05-11T08:28:48.692Z", "lvl": "INFO", "cat": "dependency", "component": "storage_service", "msg": "StorageService ready — DuckDB:C:\\Users\\PVENKA~1\\AppData\\Local\\Temp\\tmp0bbwqpho\\test_market.duckdb, SQLite:C:\\Users\\PVENKA~1\\AppData\\Local\\Temp\\tmp0bbwqpho\\test_journal.db"}
{"ts": "2026-05-11T08:28:48.715Z", "lvl": "DEBUG", "cat": "dependency", "component": "storage_service", "msg": "SQLite tables ensured"}
{"ts": "2026-05-11T08:28:48.716Z", "lvl": "INFO", "cat": "dependency", "component": "storage_service", "msg": "SQLite initialized: C:\\Users\\PVENKA~1\\AppData\\Local\\Temp\\tmprlqdvcm8\\test_journal.db"}
{"ts": "2026-05-11T08:28:48.735Z", "lvl": "DEBUG", "cat": "dependency", "component": "storage_service", "msg": "DuckDB tables ensured"}
{"ts": "2026-05-11T08:28:48.735Z", "lvl": "INFO", "cat": "dependency", "component": "storage_service", "msg": "DuckDB initialized: C:\\Users\\PVENKA~1\\AppData\\Local\\Temp\\tmprlqdvcm8\\test_market.duckdb"}
{"ts": "2026-05-11T08:28:48.735Z", "lvl": "INFO", "cat": "dependency", "component": "storage_service", "msg": "StorageService ready — DuckDB:C:\\Users\\PVENKA~1\\AppData\\Local\\Temp\\tmprlqdvcm8\\test_market.duckdb, SQLite:C:\\Users\\PVENKA~1\\AppData\\Local\\Temp\\tmprlqdvcm8\\test_journal.db"}
{"ts": "2026-05-11T08:28:48.754Z", "lvl": "DEBUG", "cat": "dependency", "component": "storage_service", "msg": "SQLite tables ensured"}
{"ts": "2026-05-11T08:28:48.755Z", "lvl": "INFO", "cat": "dependency", "component": "storage_service", "msg": "SQLite initialized: C:\\Users\\PVENKA~1\\AppData\\Local\\Temp\\tmp3wiyf4fv\\test_journal.db"}
{"ts": "2026-05-11T08:28:48.776Z", "lvl": "DEBUG", "cat": "dependency", "component": "storage_service", "msg": "DuckDB tables ensured"}
{"ts": "2026-05-11T08:28:48.776Z", "lvl": "INFO", "cat": "dependency", "component": "storage_service", "msg": "DuckDB initialized: C:\\Users\\PVENKA~1\\AppData\\Local\\Temp\\tmp3wiyf4fv\\test_market.duckdb"}
{"ts": "2026-05-11T08:28:48.776Z", "lvl": "INFO", "cat": "dependency", "component": "storage_service", "msg": "StorageService ready — DuckDB:C:\\Users\\PVENKA~1\\AppData\\Local\\Temp\\tmp3wiyf4fv\\test_market.duckdb, SQLite:C:\\Users\\PVENKA~1\\AppData\\Local\\Temp\\tmp3wiyf4fv\\test_journal.db"}
{"ts": "2026-05-11T08:28:48.799Z", "lvl": "DEBUG", "cat": "dependency", "component": "storage_service", "msg": "SQLite tables ensured"}
{"ts": "2026-05-11T08:28:48.799Z", "lvl": "INFO", "cat": "dependency", "component": "storage_service", "msg": "SQLite initialized: C:\\Users\\PVENKA~1\\AppData\\Local\\Temp\\tmpcui88yy8\\test_journal.db"}
{"ts": "2026-05-11T08:28:48.818Z", "lvl": "DEBUG", "cat": "dependency", "component": "storage_service", "msg": "DuckDB tables ensured"}
{"ts": "2026-05-11T08:28:48.818Z", "lvl": "INFO", "cat": "dependency", "component": "storage_service", "msg": "DuckDB initialized: C:\\Users\\PVENKA~1\\AppData\\Local\\Temp\\tmpcui88yy8\\test_market.duckdb"}
{"ts": "2026-05-11T08:28:48.818Z", "lvl": "INFO", "cat": "dependency", "component": "storage_service", "msg": "StorageService ready — DuckDB:C:\\Users\\PVENKA~1\\AppData\\Local\\Temp\\tmpcui88yy8\\test_market.duckdb, SQLite:C:\\Users\\PVENKA~1\\AppData\\Local\\Temp\\tmpcui88yy8\\test_journal.db"}
{"ts": "2026-05-11T08:28:48.839Z", "lvl": "DEBUG", "cat": "dependency", "component": "storage_service", "msg": "SQLite tables ensured"}
{"ts": "2026-05-11T08:28:48.840Z", "lvl": "INFO", "cat": "dependency", "component": "storage_service", "msg": "SQLite initialized: C:\\Users\\PVENKA~1\\AppData\\Local\\Temp\\tmpsbcjokj5\\test_journal.db"}
{"ts": "2026-05-11T08:28:48.858Z", "lvl": "DEBUG", "cat": "dependency", "component": "storage_service", "msg": "DuckDB tables ensured"}
{"ts": "2026-05-11T08:28:48.859Z", "lvl": "INFO", "cat": "dependency", "component": "storage_service", "msg": "DuckDB initialized: C:\\Users\\PVENKA~1\\AppData\\Local\\Temp\\tmpsbcjokj5\\test_market.duckdb"}
{"ts": "2026-05-11T08:28:48.859Z", "lvl": "INFO", "cat": "dependency", "component": "storage_service", "msg": "StorageService ready — DuckDB:C:\\Users\\PVENKA~1\\AppData\\Local\\Temp\\tmpsbcjokj5\\test_market.duckdb, SQLite:C:\\Users\\PVENKA~1\\AppData\\Local\\Temp\\tmpsbcjokj5\\test_journal.db"}
{"ts": "2026-05-11T08:28:48.879Z", "lvl": "DEBUG", "cat": "dependency", "component": "storage_service", "msg": "SQLite tables ensured"}
{"ts": "2026-05-11T08:28:48.879Z", "lvl": "INFO", "cat": "dependency", "component": "storage_service", "msg": "SQLite initialized: C:\\Users\\PVENKA~1\\AppData\\Local\\Temp\\tmpjf95qj6s\\test_journal.db"}
{"ts": "2026-05-11T08:28:48.897Z", "lvl": "DEBUG", "cat": "dependency", "component": "storage_service", "msg": "DuckDB tables ensured"}
{"ts": "2026-05-11T08:28:48.897Z", "lvl": "INFO", "cat": "dependency", "component": "storage_service", "msg": "DuckDB initialized: C:\\Users\\PVENKA~1\\AppData\\Local\\Temp\\tmpjf95qj6s\\test_market.duckdb"}
{"ts": "2026-05-11T08:28:48.898Z", "lvl": "INFO", "cat": "dependency", "component": "storage_service", "msg": "StorageService ready — DuckDB:C:\\Users\\PVENKA~1\\AppData\\Local\\Temp\\tmpjf95qj6s\\test_market.duckdb, SQLite:C:\\Users\\PVENKA~1\\AppData\\Local\\Temp\\tmpjf95qj6s\\test_journal.db"}
{"ts": "2026-05-11T08:28:48.920Z", "lvl": "DEBUG", "cat": "dependency", "component": "storage_service", "msg": "SQLite tables ensured"}
{"ts": "2026-05-11T08:28:48.920Z", "lvl": "INFO", "cat": "dependency", "component": "storage_service", "msg": "SQLite initialized: C:\\Users\\PVENKA~1\\AppData\\Local\\Temp\\tmpavwqiefq\\test_journal.db"}
{"ts": "2026-05-11T08:28:48.939Z", "lvl": "DEBUG", "cat": "dependency", "component": "storage_service", "msg": "DuckDB tables ensured"}
{"ts": "2026-05-11T08:28:48.939Z", "lvl": "INFO", "cat": "dependency", "component": "storage_service", "msg": "DuckDB initialized: C:\\Users\\PVENKA~1\\AppData\\Local\\Temp\\tmpavwqiefq\\test_market.duckdb"}
{"ts": "2026-05-11T08:28:48.939Z", "lvl": "INFO", "cat": "dependency", "component": "storage_service", "msg": "StorageService ready — DuckDB:C:\\Users\\PVENKA~1\\AppData\\Local\\Temp\\tmpavwqiefq\\test_market.duckdb, SQLite:C:\\Users\\PVENKA~1\\AppData\\Local\\Temp\\tmpavwqiefq\\test_journal.db"}
{"ts": "2026-05-11T08:28:48.959Z", "lvl": "DEBUG", "cat": "dependency", "component": "storage_service", "msg": "SQLite tables ensured"}
{"ts": "2026-05-11T08:28:48.959Z", "lvl": "INFO", "cat": "dependency", "component": "storage_service", "msg": "SQLite initialized: C:\\Users\\PVENKA~1\\AppData\\Local\\Temp\\tmpr4bvsd4g\\test_journal.db"}
{"ts": "2026-05-11T08:28:48.977Z", "lvl": "DEBUG", "cat": "dependency", "component": "storage_service", "msg": "DuckDB tables ensured"}
{"ts": "2026-05-11T08:28:48.978Z", "lvl": "INFO", "cat": "dependency", "component": "storage_service", "msg": "DuckDB initialized: C:\\Users\\PVENKA~1\\AppData\\Local\\Temp\\tmpr4bvsd4g\\test_market.duckdb"}
{"ts": "2026-05-11T08:28:48.978Z", "lvl": "INFO", "cat": "dependency", "component": "storage_service", "msg": "StorageService ready — DuckDB:C:\\Users\\PVENKA~1\\AppData\\Local\\Temp\\tmpr4bvsd4g\\test_market.duckdb, SQLite:C:\\Users\\PVENKA~1\\AppData\\Local\\Temp\\tmpr4bvsd4g\\test_journal.db"}
{"ts": "2026-05-11T08:28:48.998Z", "lvl": "DEBUG", "cat": "dependency", "component": "storage_service", "msg": "SQLite tables ensured"}
{"ts": "2026-05-11T08:28:48.998Z", "lvl": "INFO", "cat": "dependency", "component": "storage_service", "msg": "SQLite initialized: C:\\Users\\PVENKA~1\\AppData\\Local\\Temp\\tmpzwz5c0v9\\test_journal.db"}
{"ts": "2026-05-11T08:28:49.017Z", "lvl": "DEBUG", "cat": "dependency", "component": "storage_service", "msg": "DuckDB tables ensured"}
{"ts": "2026-05-11T08:28:49.017Z", "lvl": "INFO", "cat": "dependency", "component": "storage_service", "msg": "DuckDB initialized: C:\\Users\\PVENKA~1\\AppData\\Local\\Temp\\tmpzwz5c0v9\\test_market.duckdb"}
{"ts": "2026-05-11T08:28:49.017Z", "lvl": "INFO", "cat": "dependency", "component": "storage_service", "msg": "StorageService ready — DuckDB:C:\\Users\\PVENKA~1\\AppData\\Local\\Temp\\tmpzwz5c0v9\\test_market.duckdb, SQLite:C:\\Users\\PVENKA~1\\AppData\\Local\\Temp\\tmpzwz5c0v9\\test_journal.db"}
{"ts": "2026-05-11T08:28:49.038Z", "lvl": "DEBUG", "cat": "dependency", "component": "storage_service", "msg": "SQLite tables ensured"}
{"ts": "2026-05-11T08:28:49.039Z", "lvl": "INFO", "cat": "dependency", "component": "storage_service", "msg": "SQLite initialized: C:\\Users\\PVENKA~1\\AppData\\Local\\Temp\\tmp5mq8o67j\\test_journal.db"}
{"ts": "2026-05-11T08:28:49.057Z", "lvl": "DEBUG", "cat": "dependency", "component": "storage_service", "msg": "DuckDB tables ensured"}
{"ts": "2026-05-11T08:28:49.057Z", "lvl": "INFO", "cat": "dependency", "component": "storage_service", "msg": "DuckDB initialized: C:\\Users\\PVENKA~1\\AppData\\Local\\Temp\\tmp5mq8o67j\\test_market.duckdb"}
{"ts": "2026-05-11T08:28:49.057Z", "lvl": "INFO", "cat": "dependency", "component": "storage_service", "msg": "StorageService ready — DuckDB:C:\\Users\\PVENKA~1\\AppData\\Local\\Temp\\tmp5mq8o67j\\test_market.duckdb, SQLite:C:\\Users\\PVENKA~1\\AppData\\Local\\Temp\\tmp5mq8o67j\\test_journal.db"}
{"ts": "2026-05-11T08:28:54.850Z", "lvl": "DEBUG", "cat": "dependency", "component": "storage_service", "msg": "SQLite tables ensured"}
{"ts": "2026-05-11T08:28:54.851Z", "lvl": "INFO", "cat": "dependency", "component": "storage_service", "msg": "SQLite initialized: C:\\Users\\p venkata naveen\\Cursor ai\\Quant_Forex_V3\\QUANT_ENGINE_2026\\data\\journal.db"}
{"ts": "2026-05-11T08:28:55.191Z", "lvl": "ERROR", "cat": "dependency", "component": "storage_service", "msg": "DuckDB init failed: IO Error: Cannot open file \"C:\\Users\\p venkata naveen\\Cursor ai\\Quant_Forex_V3\\QUANT_ENGINE_2026\\data\\market.duckdb\": The process cannot access the file because it is being used by another process.\r\n\nFile is already open in \nC:\\Python312\\python.exe (PID 48468)", "stack_trace": "Traceback (most recent call last):\n  File \"C:\\Users\\p venkata naveen\\Cursor ai\\Quant_Forex_V3\\QUANT_ENGINE_2026\\services\\storage_service.py\", line 290, in _init_duckdb\n    conn = duckdb.connect(str(DUCKDB_PATH))\n           ^^^^^^^^^^^^^^^^^^^^^^^^^^^^^^^^\n_duckdb.IOException: IO Error: Cannot open file \"C:\\Users\\p venkata naveen\\Cursor ai\\Quant_Forex_V3\\QUANT_ENGINE_2026\\data\\market.duckdb\": The process cannot access the file because it is being used by another process.\r\n\nFile is already open in \nC:\\Python312\\python.exe (PID 48468)\n\nDuring handling of the above exception, another exception occurred:\n\nTraceback (most recent call last):\n  File \"C:\\Users\\p venkata naveen\\Cursor ai\\Quant_Forex_V3\\QUANT_ENGINE_2026\\services\\storage_service.py\", line 311, in _init_duckdb\n    conn = duckdb.connect(str(DUCKDB_PATH), read_only=True)\n           ^^^^^^^^^^^^^^^^^^^^^^^^^^^^^^^^^^^^^^^^^^^^^^^^\n_duckdb.IOException: IO Error: Cannot open file \"C:\\Users\\p venkata naveen\\Cursor ai\\Quant_Forex_V3\\QUANT_ENGINE_2026\\data\\market.duckdb\": The process cannot access the file because it is being used by another process.\r\n\nFile is already open in \nC:\\Python312\\python.exe (PID 48468)"}
{"ts": "2026-05-11T08:28:55.193Z", "lvl": "INFO", "cat": "dependency", "component": "storage_service", "msg": "StorageService ready — DuckDB:C:\\Users\\p venkata naveen\\Cursor ai\\Quant_Forex_V3\\QUANT_ENGINE_2026\\data\\market.duckdb, SQLite:C:\\Users\\p venkata naveen\\Cursor ai\\Quant_Forex_V3\\QUANT_ENGINE_2026\\data\\journal.db"}
{"ts": "2026-05-11T08:29:32.749Z", "lvl": "DEBUG", "cat": "dependency", "component": "storage_service", "msg": "DuckDB not available — skipping read"}
{"ts": "2026-05-11T08:29:36.551Z", "lvl": "DEBUG", "cat": "dependency", "component": "storage_service", "msg": "DuckDB not available — skipping read"}
{"ts": "2026-05-11T08:33:08.496Z", "lvl": "DEBUG", "cat": "dependency", "component": "storage_service", "msg": "SQLite tables ensured"}
{"ts": "2026-05-11T08:33:08.497Z", "lvl": "INFO", "cat": "dependency", "component": "storage_service", "msg": "SQLite initialized: C:\\Users\\p venkata naveen\\Cursor ai\\Quant_Forex_V3\\QUANT_ENGINE_2026\\data\\journal.db"}
{"ts": "2026-05-11T08:33:08.943Z", "lvl": "ERROR", "cat": "dependency", "component": "storage_service", "msg": "DuckDB init failed: IO Error: Cannot open file \"C:\\Users\\p venkata naveen\\Cursor ai\\Quant_Forex_V3\\QUANT_ENGINE_2026\\data\\market.duckdb\": The process cannot access the file because it is being used by another process.\r\n\nFile is already open in \nC:\\Python312\\python.exe (PID 48468)", "stack_trace": "Traceback (most recent call last):\n  File \"C:\\Users\\p venkata naveen\\Cursor ai\\Quant_Forex_V3\\QUANT_ENGINE_2026\\services\\storage_service.py\", line 290, in _init_duckdb\n    conn = duckdb.connect(str(DUCKDB_PATH))\n           ^^^^^^^^^^^^^^^^^^^^^^^^^^^^^^^^\n_duckdb.IOException: IO Error: Cannot open file \"C:\\Users\\p venkata naveen\\Cursor ai\\Quant_Forex_V3\\QUANT_ENGINE_2026\\data\\market.duckdb\": The process cannot access the file because it is being used by another process.\r\n\nFile is already open in \nC:\\Python312\\python.exe (PID 48468)\n\nDuring handling of the above exception, another exception occurred:\n\nTraceback (most recent call last):\n  File \"C:\\Users\\p venkata naveen\\Cursor ai\\Quant_Forex_V3\\QUANT_ENGINE_2026\\services\\storage_service.py\", line 311, in _init_duckdb\n    conn = duckdb.connect(str(DUCKDB_PATH), read_only=True)\n           ^^^^^^^^^^^^^^^^^^^^^^^^^^^^^^^^^^^^^^^^^^^^^^^^\n_duckdb.IOException: IO Error: Cannot open file \"C:\\Users\\p venkata naveen\\Cursor ai\\Quant_Forex_V3\\QUANT_ENGINE_2026\\data\\market.duckdb\": The process cannot access the file because it is being used by another process.\r\n\nFile is already open in \nC:\\Python312\\python.exe (PID 48468)"}
{"ts": "2026-05-11T08:33:08.946Z", "lvl": "INFO", "cat": "dependency", "component": "storage_service", "msg": "StorageService ready — DuckDB:C:\\Users\\p venkata naveen\\Cursor ai\\Quant_Forex_V3\\QUANT_ENGINE_2026\\data\\market.duckdb, SQLite:C:\\Users\\p venkata naveen\\Cursor ai\\Quant_Forex_V3\\QUANT_ENGINE_2026\\data\\journal.db"}
{"ts": "2026-05-11T08:37:19.140Z", "lvl": "DEBUG", "cat": "dependency", "component": "storage_service", "msg": "DuckDB not available — skipping read"}
{"ts": "2026-05-11T08:38:13.727Z", "lvl": "DEBUG", "cat": "dependency", "component": "storage_service", "msg": "DuckDB not available — skipping read"}
{"ts": "2026-05-11T08:38:25.551Z", "lvl": "DEBUG", "cat": "dependency", "component": "storage_service", "msg": "DuckDB not available — skipping read"}
{"ts": "2026-05-11T08:40:35.544Z", "lvl": "DEBUG", "cat": "dependency", "component": "storage_service", "msg": "DuckDB not available — skipping read"}
{"ts": "2026-05-11T08:40:49.963Z", "lvl": "DEBUG", "cat": "dependency", "component": "storage_service", "msg": "SQLite tables ensured"}
{"ts": "2026-05-11T08:40:49.964Z", "lvl": "INFO", "cat": "dependency", "component": "storage_service", "msg": "SQLite initialized: C:\\Users\\p venkata naveen\\Cursor ai\\Quant_Forex_V3\\QUANT_ENGINE_2026\\data\\journal.db"}
{"ts": "2026-05-11T08:40:50.435Z", "lvl": "ERROR", "cat": "dependency", "component": "storage_service", "msg": "DuckDB init failed: IO Error: Cannot open file \"C:\\Users\\p venkata naveen\\Cursor ai\\Quant_Forex_V3\\QUANT_ENGINE_2026\\data\\market.duckdb\": The process cannot access the file because it is being used by another process.\r\n\nFile is already open in \nC:\\Python312\\python.exe (PID 48468)", "stack_trace": "Traceback (most recent call last):\n  File \"C:\\Users\\p venkata naveen\\Cursor ai\\Quant_Forex_V3\\QUANT_ENGINE_2026\\services\\storage_service.py\", line 290, in _init_duckdb\n    conn = duckdb.connect(str(DUCKDB_PATH))\n           ^^^^^^^^^^^^^^^^^^^^^^^^^^^^^^^^\n_duckdb.IOException: IO Error: Cannot open file \"C:\\Users\\p venkata naveen\\Cursor ai\\Quant_Forex_V3\\QUANT_ENGINE_2026\\data\\market.duckdb\": The process cannot access the file because it is being used by another process.\r\n\nFile is already open in \nC:\\Python312\\python.exe (PID 48468)\n\nDuring handling of the above exception, another exception occurred:\n\nTraceback (most recent call last):\n  File \"C:\\Users\\p venkata naveen\\Cursor ai\\Quant_Forex_V3\\QUANT_ENGINE_2026\\services\\storage_service.py\", line 311, in _init_duckdb\n    conn = duckdb.connect(str(DUCKDB_PATH), read_only=True)\n           ^^^^^^^^^^^^^^^^^^^^^^^^^^^^^^^^^^^^^^^^^^^^^^^^\n_duckdb.IOException: IO Error: Cannot open file \"C:\\Users\\p venkata naveen\\Cursor ai\\Quant_Forex_V3\\QUANT_ENGINE_2026\\data\\market.duckdb\": The process cannot access the file because it is being used by another process.\r\n\nFile is already open in \nC:\\Python312\\python.exe (PID 48468)"}
{"ts": "2026-05-11T08:40:50.438Z", "lvl": "INFO", "cat": "dependency", "component": "storage_service", "msg": "StorageService ready — DuckDB:C:\\Users\\p venkata naveen\\Cursor ai\\Quant_Forex_V3\\QUANT_ENGINE_2026\\data\\market.duckdb, SQLite:C:\\Users\\p venkata naveen\\Cursor ai\\Quant_Forex_V3\\QUANT_ENGINE_2026\\data\\journal.db"}
{"ts": "2026-05-11T08:40:54.901Z", "lvl": "DEBUG", "cat": "dependency", "component": "storage_service", "msg": "DuckDB not available — skipping read"}
{"ts": "2026-05-11T08:41:19.986Z", "lvl": "DEBUG", "cat": "dependency", "component": "storage_service", "msg": "DuckDB not available — skipping read"}
{"ts": "2026-05-11T08:41:52.525Z", "lvl": "DEBUG", "cat": "dependency", "component": "storage_service", "msg": "DuckDB not available — skipping read"}
{"ts": "2026-05-11T08:43:45.554Z", "lvl": "DEBUG", "cat": "dependency", "component": "storage_service", "msg": "DuckDB not available — skipping read"}
{"ts": "2026-05-11T08:44:47.100Z", "lvl": "DEBUG", "cat": "dependency", "component": "storage_service", "msg": "DuckDB not available — skipping read"}
{"ts": "2026-05-11T08:46:32.634Z", "lvl": "DEBUG", "cat": "dependency", "component": "storage_service", "msg": "DuckDB not available — skipping read"}
{"ts": "2026-05-11T08:46:53.777Z", "lvl": "DEBUG", "cat": "dependency", "component": "storage_service", "msg": "DuckDB not available — skipping read"}
{"ts": "2026-05-11T08:47:15.709Z", "lvl": "DEBUG", "cat": "dependency", "component": "storage_service", "msg": "DuckDB not available — skipping read"}
{"ts": "2026-05-11T08:47:26.407Z", "lvl": "DEBUG", "cat": "dependency", "component": "storage_service", "msg": "DuckDB not available — skipping read"}
{"ts": "2026-05-11T08:49:22.209Z", "lvl": "DEBUG", "cat": "dependency", "component": "storage_service", "msg": "SQLite tables ensured"}
{"ts": "2026-05-11T08:49:22.210Z", "lvl": "INFO", "cat": "dependency", "component": "storage_service", "msg": "SQLite initialized: C:\\Users\\p venkata naveen\\Cursor ai\\Quant_Forex_V3\\QUANT_ENGINE_2026\\data\\journal.db"}
{"ts": "2026-05-11T08:49:22.762Z", "lvl": "ERROR", "cat": "dependency", "component": "storage_service", "msg": "DuckDB init failed: IO Error: Cannot open file \"C:\\Users\\p venkata naveen\\Cursor ai\\Quant_Forex_V3\\QUANT_ENGINE_2026\\data\\market.duckdb\": The process cannot access the file because it is being used by another process.\r\n\nFile is already open in \nC:\\Python312\\python.exe (PID 48468)", "stack_trace": "Traceback (most recent call last):\n  File \"C:\\Users\\p venkata naveen\\Cursor ai\\Quant_Forex_V3\\QUANT_ENGINE_2026\\services\\storage_service.py\", line 290, in _init_duckdb\n    conn = duckdb.connect(str(DUCKDB_PATH))\n           ^^^^^^^^^^^^^^^^^^^^^^^^^^^^^^^^\n_duckdb.IOException: IO Error: Cannot open file \"C:\\Users\\p venkata naveen\\Cursor ai\\Quant_Forex_V3\\QUANT_ENGINE_2026\\data\\market.duckdb\": The process cannot access the file because it is being used by another process.\r\n\nFile is already open in \nC:\\Python312\\python.exe (PID 48468)\n\nDuring handling of the above exception, another exception occurred:\n\nTraceback (most recent call last):\n  File \"C:\\Users\\p venkata naveen\\Cursor ai\\Quant_Forex_V3\\QUANT_ENGINE_2026\\services\\storage_service.py\", line 311, in _init_duckdb\n    conn = duckdb.connect(str(DUCKDB_PATH), read_only=True)\n           ^^^^^^^^^^^^^^^^^^^^^^^^^^^^^^^^^^^^^^^^^^^^^^^^\n_duckdb.IOException: IO Error: Cannot open file \"C:\\Users\\p venkata naveen\\Cursor ai\\Quant_Forex_V3\\QUANT_ENGINE_2026\\data\\market.duckdb\": The process cannot access the file because it is being used by another process.\r\n\nFile is already open in \nC:\\Python312\\python.exe (PID 48468)"}
{"ts": "2026-05-11T08:49:22.765Z", "lvl": "INFO", "cat": "dependency", "component": "storage_service", "msg": "StorageService ready — DuckDB:C:\\Users\\p venkata naveen\\Cursor ai\\Quant_Forex_V3\\QUANT_ENGINE_2026\\data\\market.duckdb, SQLite:C:\\Users\\p venkata naveen\\Cursor ai\\Quant_Forex_V3\\QUANT_ENGINE_2026\\data\\journal.db"}
{"ts": "2026-05-11T08:50:12.998Z", "lvl": "DEBUG", "cat": "dependency", "component": "storage_service", "msg": "SQLite tables ensured"}
{"ts": "2026-05-11T08:50:12.998Z", "lvl": "INFO", "cat": "dependency", "component": "storage_service", "msg": "SQLite initialized: C:\\Users\\p venkata naveen\\Cursor ai\\Quant_Forex_V3\\QUANT_ENGINE_2026\\data\\journal.db"}
{"ts": "2026-05-11T08:50:13.061Z", "lvl": "DEBUG", "cat": "dependency", "component": "storage_service", "msg": "DuckDB tables ensured"}
{"ts": "2026-05-11T08:50:13.061Z", "lvl": "INFO", "cat": "dependency", "component": "storage_service", "msg": "DuckDB initialized: C:\\Users\\p venkata naveen\\Cursor ai\\Quant_Forex_V3\\QUANT_ENGINE_2026\\data\\market.duckdb"}
{"ts": "2026-05-11T08:50:13.061Z", "lvl": "INFO", "cat": "dependency", "component": "storage_service", "msg": "StorageService ready — DuckDB:C:\\Users\\p venkata naveen\\Cursor ai\\Quant_Forex_V3\\QUANT_ENGINE_2026\\data\\market.duckdb, SQLite:C:\\Users\\p venkata naveen\\Cursor ai\\Quant_Forex_V3\\QUANT_ENGINE_2026\\data\\journal.db"}
{"ts": "2026-05-11T08:50:14.988Z", "lvl": "DEBUG", "cat": "dependency", "component": "storage_service", "msg": "SQLite tables ensured"}
{"ts": "2026-05-11T08:50:14.989Z", "lvl": "INFO", "cat": "dependency", "component": "storage_service", "msg": "SQLite initialized: C:\\Users\\PVENKA~1\\AppData\\Local\\Temp\\tmpriw_pjo3\\test_journal.db"}
{"ts": "2026-05-11T08:50:15.015Z", "lvl": "DEBUG", "cat": "dependency", "component": "storage_service", "msg": "DuckDB tables ensured"}
{"ts": "2026-05-11T08:50:15.016Z", "lvl": "INFO", "cat": "dependency", "component": "storage_service", "msg": "DuckDB initialized: C:\\Users\\PVENKA~1\\AppData\\Local\\Temp\\tmpriw_pjo3\\test_market.duckdb"}
{"ts": "2026-05-11T08:50:15.016Z", "lvl": "INFO", "cat": "dependency", "component": "storage_service", "msg": "StorageService ready — DuckDB:C:\\Users\\PVENKA~1\\AppData\\Local\\Temp\\tmpriw_pjo3\\test_market.duckdb, SQLite:C:\\Users\\PVENKA~1\\AppData\\Local\\Temp\\tmpriw_pjo3\\test_journal.db"}
{"ts": "2026-05-11T08:50:15.044Z", "lvl": "DEBUG", "cat": "dependency", "component": "storage_service", "msg": "SQLite tables ensured"}
{"ts": "2026-05-11T08:50:15.044Z", "lvl": "INFO", "cat": "dependency", "component": "storage_service", "msg": "SQLite initialized: C:\\Users\\PVENKA~1\\AppData\\Local\\Temp\\tmp281mxg5_\\test_journal.db"}
{"ts": "2026-05-11T08:50:15.069Z", "lvl": "DEBUG", "cat": "dependency", "component": "storage_service", "msg": "DuckDB tables ensured"}
{"ts": "2026-05-11T08:50:15.069Z", "lvl": "INFO", "cat": "dependency", "component": "storage_service", "msg": "DuckDB initialized: C:\\Users\\PVENKA~1\\AppData\\Local\\Temp\\tmp281mxg5_\\test_market.duckdb"}
{"ts": "2026-05-11T08:50:15.069Z", "lvl": "INFO", "cat": "dependency", "component": "storage_service", "msg": "StorageService ready — DuckDB:C:\\Users\\PVENKA~1\\AppData\\Local\\Temp\\tmp281mxg5_\\test_market.duckdb, SQLite:C:\\Users\\PVENKA~1\\AppData\\Local\\Temp\\tmp281mxg5_\\test_journal.db"}
{"ts": "2026-05-11T08:50:15.094Z", "lvl": "DEBUG", "cat": "dependency", "component": "storage_service", "msg": "SQLite tables ensured"}
{"ts": "2026-05-11T08:50:15.095Z", "lvl": "INFO", "cat": "dependency", "component": "storage_service", "msg": "SQLite initialized: C:\\Users\\PVENKA~1\\AppData\\Local\\Temp\\tmpmtyh_0v0\\test_journal.db"}
{"ts": "2026-05-11T08:50:15.118Z", "lvl": "DEBUG", "cat": "dependency", "component": "storage_service", "msg": "DuckDB tables ensured"}
{"ts": "2026-05-11T08:50:15.118Z", "lvl": "INFO", "cat": "dependency", "component": "storage_service", "msg": "DuckDB initialized: C:\\Users\\PVENKA~1\\AppData\\Local\\Temp\\tmpmtyh_0v0\\test_market.duckdb"}
{"ts": "2026-05-11T08:50:15.119Z", "lvl": "INFO", "cat": "dependency", "component": "storage_service", "msg": "StorageService ready — DuckDB:C:\\Users\\PVENKA~1\\AppData\\Local\\Temp\\tmpmtyh_0v0\\test_market.duckdb, SQLite:C:\\Users\\PVENKA~1\\AppData\\Local\\Temp\\tmpmtyh_0v0\\test_journal.db"}
{"ts": "2026-05-11T08:50:15.145Z", "lvl": "DEBUG", "cat": "dependency", "component": "storage_service", "msg": "SQLite tables ensured"}
{"ts": "2026-05-11T08:50:15.145Z", "lvl": "INFO", "cat": "dependency", "component": "storage_service", "msg": "SQLite initialized: C:\\Users\\PVENKA~1\\AppData\\Local\\Temp\\tmpekkwswuo\\test_journal.db"}
{"ts": "2026-05-11T08:50:15.167Z", "lvl": "DEBUG", "cat": "dependency", "component": "storage_service", "msg": "DuckDB tables ensured"}
{"ts": "2026-05-11T08:50:15.168Z", "lvl": "INFO", "cat": "dependency", "component": "storage_service", "msg": "DuckDB initialized: C:\\Users\\PVENKA~1\\AppData\\Local\\Temp\\tmpekkwswuo\\test_market.duckdb"}
{"ts": "2026-05-11T08:50:15.168Z", "lvl": "INFO", "cat": "dependency", "component": "storage_service", "msg": "StorageService ready — DuckDB:C:\\Users\\PVENKA~1\\AppData\\Local\\Temp\\tmpekkwswuo\\test_market.duckdb, SQLite:C:\\Users\\PVENKA~1\\AppData\\Local\\Temp\\tmpekkwswuo\\test_journal.db"}
{"ts": "2026-05-11T08:50:15.193Z", "lvl": "DEBUG", "cat": "dependency", "component": "storage_service", "msg": "SQLite tables ensured"}
{"ts": "2026-05-11T08:50:15.193Z", "lvl": "INFO", "cat": "dependency", "component": "storage_service", "msg": "SQLite initialized: C:\\Users\\PVENKA~1\\AppData\\Local\\Temp\\tmpfi3atbo6\\test_journal.db"}
{"ts": "2026-05-11T08:50:15.219Z", "lvl": "DEBUG", "cat": "dependency", "component": "storage_service", "msg": "DuckDB tables ensured"}
{"ts": "2026-05-11T08:50:15.219Z", "lvl": "INFO", "cat": "dependency", "component": "storage_service", "msg": "DuckDB initialized: C:\\Users\\PVENKA~1\\AppData\\Local\\Temp\\tmpfi3atbo6\\test_market.duckdb"}
{"ts": "2026-05-11T08:50:15.219Z", "lvl": "INFO", "cat": "dependency", "component": "storage_service", "msg": "StorageService ready — DuckDB:C:\\Users\\PVENKA~1\\AppData\\Local\\Temp\\tmpfi3atbo6\\test_market.duckdb, SQLite:C:\\Users\\PVENKA~1\\AppData\\Local\\Temp\\tmpfi3atbo6\\test_journal.db"}
{"ts": "2026-05-11T08:50:15.244Z", "lvl": "DEBUG", "cat": "dependency", "component": "storage_service", "msg": "SQLite tables ensured"}
{"ts": "2026-05-11T08:50:15.246Z", "lvl": "INFO", "cat": "dependency", "component": "storage_service", "msg": "SQLite initialized: C:\\Users\\PVENKA~1\\AppData\\Local\\Temp\\tmp4n5wb2vs\\test_journal.db"}
{"ts": "2026-05-11T08:50:15.269Z", "lvl": "DEBUG", "cat": "dependency", "component": "storage_service", "msg": "DuckDB tables ensured"}
{"ts": "2026-05-11T08:50:15.269Z", "lvl": "INFO", "cat": "dependency", "component": "storage_service", "msg": "DuckDB initialized: C:\\Users\\PVENKA~1\\AppData\\Local\\Temp\\tmp4n5wb2vs\\test_market.duckdb"}
{"ts": "2026-05-11T08:50:15.269Z", "lvl": "INFO", "cat": "dependency", "component": "storage_service", "msg": "StorageService ready — DuckDB:C:\\Users\\PVENKA~1\\AppData\\Local\\Temp\\tmp4n5wb2vs\\test_market.duckdb, SQLite:C:\\Users\\PVENKA~1\\AppData\\Local\\Temp\\tmp4n5wb2vs\\test_journal.db"}
{"ts": "2026-05-11T08:50:15.292Z", "lvl": "DEBUG", "cat": "dependency", "component": "storage_service", "msg": "SQLite tables ensured"}
{"ts": "2026-05-11T08:50:15.292Z", "lvl": "INFO", "cat": "dependency", "component": "storage_service", "msg": "SQLite initialized: C:\\Users\\PVENKA~1\\AppData\\Local\\Temp\\tmp210qjezm\\test_journal.db"}
{"ts": "2026-05-11T08:50:15.317Z", "lvl": "DEBUG", "cat": "dependency", "component": "storage_service", "msg": "DuckDB tables ensured"}
{"ts": "2026-05-11T08:50:15.317Z", "lvl": "INFO", "cat": "dependency", "component": "storage_service", "msg": "DuckDB initialized: C:\\Users\\PVENKA~1\\AppData\\Local\\Temp\\tmp210qjezm\\test_market.duckdb"}
{"ts": "2026-05-11T08:50:15.317Z", "lvl": "INFO", "cat": "dependency", "component": "storage_service", "msg": "StorageService ready — DuckDB:C:\\Users\\PVENKA~1\\AppData\\Local\\Temp\\tmp210qjezm\\test_market.duckdb, SQLite:C:\\Users\\PVENKA~1\\AppData\\Local\\Temp\\tmp210qjezm\\test_journal.db"}
{"ts": "2026-05-11T08:50:15.339Z", "lvl": "DEBUG", "cat": "dependency", "component": "storage_service", "msg": "SQLite tables ensured"}
{"ts": "2026-05-11T08:50:15.340Z", "lvl": "INFO", "cat": "dependency", "component": "storage_service", "msg": "SQLite initialized: C:\\Users\\PVENKA~1\\AppData\\Local\\Temp\\tmpoi3x772m\\test_journal.db"}
{"ts": "2026-05-11T08:50:15.362Z", "lvl": "DEBUG", "cat": "dependency", "component": "storage_service", "msg": "DuckDB tables ensured"}
{"ts": "2026-05-11T08:50:15.362Z", "lvl": "INFO", "cat": "dependency", "component": "storage_service", "msg": "DuckDB initialized: C:\\Users\\PVENKA~1\\AppData\\Local\\Temp\\tmpoi3x772m\\test_market.duckdb"}
{"ts": "2026-05-11T08:50:15.362Z", "lvl": "INFO", "cat": "dependency", "component": "storage_service", "msg": "StorageService ready — DuckDB:C:\\Users\\PVENKA~1\\AppData\\Local\\Temp\\tmpoi3x772m\\test_market.duckdb, SQLite:C:\\Users\\PVENKA~1\\AppData\\Local\\Temp\\tmpoi3x772m\\test_journal.db"}
{"ts": "2026-05-11T08:50:15.386Z", "lvl": "DEBUG", "cat": "dependency", "component": "storage_service", "msg": "SQLite tables ensured"}
{"ts": "2026-05-11T08:50:15.387Z", "lvl": "INFO", "cat": "dependency", "component": "storage_service", "msg": "SQLite initialized: C:\\Users\\PVENKA~1\\AppData\\Local\\Temp\\tmpe2gwcc2u\\test_journal.db"}
{"ts": "2026-05-11T08:50:15.411Z", "lvl": "DEBUG", "cat": "dependency", "component": "storage_service", "msg": "DuckDB tables ensured"}
{"ts": "2026-05-11T08:50:15.411Z", "lvl": "INFO", "cat": "dependency", "component": "storage_service", "msg": "DuckDB initialized: C:\\Users\\PVENKA~1\\AppData\\Local\\Temp\\tmpe2gwcc2u\\test_market.duckdb"}
{"ts": "2026-05-11T08:50:15.411Z", "lvl": "INFO", "cat": "dependency", "component": "storage_service", "msg": "StorageService ready — DuckDB:C:\\Users\\PVENKA~1\\AppData\\Local\\Temp\\tmpe2gwcc2u\\test_market.duckdb, SQLite:C:\\Users\\PVENKA~1\\AppData\\Local\\Temp\\tmpe2gwcc2u\\test_journal.db"}
{"ts": "2026-05-11T08:50:15.433Z", "lvl": "DEBUG", "cat": "dependency", "component": "storage_service", "msg": "SQLite tables ensured"}
{"ts": "2026-05-11T08:50:15.433Z", "lvl": "INFO", "cat": "dependency", "component": "storage_service", "msg": "SQLite initialized: C:\\Users\\PVENKA~1\\AppData\\Local\\Temp\\tmprl6qqxzn\\test_journal.db"}
{"ts": "2026-05-11T08:50:15.455Z", "lvl": "DEBUG", "cat": "dependency", "component": "storage_service", "msg": "DuckDB tables ensured"}
{"ts": "2026-05-11T08:50:15.455Z", "lvl": "INFO", "cat": "dependency", "component": "storage_service", "msg": "DuckDB initialized: C:\\Users\\PVENKA~1\\AppData\\Local\\Temp\\tmprl6qqxzn\\test_market.duckdb"}
{"ts": "2026-05-11T08:50:15.456Z", "lvl": "INFO", "cat": "dependency", "component": "storage_service", "msg": "StorageService ready — DuckDB:C:\\Users\\PVENKA~1\\AppData\\Local\\Temp\\tmprl6qqxzn\\test_market.duckdb, SQLite:C:\\Users\\PVENKA~1\\AppData\\Local\\Temp\\tmprl6qqxzn\\test_journal.db"}
{"ts": "2026-05-11T08:50:15.478Z", "lvl": "DEBUG", "cat": "dependency", "component": "storage_service", "msg": "SQLite tables ensured"}
{"ts": "2026-05-11T08:50:15.479Z", "lvl": "INFO", "cat": "dependency", "component": "storage_service", "msg": "SQLite initialized: C:\\Users\\PVENKA~1\\AppData\\Local\\Temp\\tmpr_trb1vt\\test_journal.db"}
{"ts": "2026-05-11T08:50:15.500Z", "lvl": "DEBUG", "cat": "dependency", "component": "storage_service", "msg": "DuckDB tables ensured"}
{"ts": "2026-05-11T08:50:15.501Z", "lvl": "INFO", "cat": "dependency", "component": "storage_service", "msg": "DuckDB initialized: C:\\Users\\PVENKA~1\\AppData\\Local\\Temp\\tmpr_trb1vt\\test_market.duckdb"}
{"ts": "2026-05-11T08:50:15.501Z", "lvl": "INFO", "cat": "dependency", "component": "storage_service", "msg": "StorageService ready — DuckDB:C:\\Users\\PVENKA~1\\AppData\\Local\\Temp\\tmpr_trb1vt\\test_market.duckdb, SQLite:C:\\Users\\PVENKA~1\\AppData\\Local\\Temp\\tmpr_trb1vt\\test_journal.db"}
{"ts": "2026-05-11T08:50:15.524Z", "lvl": "DEBUG", "cat": "dependency", "component": "storage_service", "msg": "SQLite tables ensured"}
{"ts": "2026-05-11T08:50:15.525Z", "lvl": "INFO", "cat": "dependency", "component": "storage_service", "msg": "SQLite initialized: C:\\Users\\PVENKA~1\\AppData\\Local\\Temp\\tmpsf9y3m6n\\test_journal.db"}
{"ts": "2026-05-11T08:50:15.550Z", "lvl": "DEBUG", "cat": "dependency", "component": "storage_service", "msg": "DuckDB tables ensured"}
{"ts": "2026-05-11T08:50:15.550Z", "lvl": "INFO", "cat": "dependency", "component": "storage_service", "msg": "DuckDB initialized: C:\\Users\\PVENKA~1\\AppData\\Local\\Temp\\tmpsf9y3m6n\\test_market.duckdb"}
{"ts": "2026-05-11T08:50:15.550Z", "lvl": "INFO", "cat": "dependency", "component": "storage_service", "msg": "StorageService ready — DuckDB:C:\\Users\\PVENKA~1\\AppData\\Local\\Temp\\tmpsf9y3m6n\\test_market.duckdb, SQLite:C:\\Users\\PVENKA~1\\AppData\\Local\\Temp\\tmpsf9y3m6n\\test_journal.db"}
{"ts": "2026-05-11T08:51:23.713Z", "lvl": "DEBUG", "cat": "dependency", "component": "storage_service", "msg": "SQLite tables ensured"}
{"ts": "2026-05-11T08:51:23.713Z", "lvl": "INFO", "cat": "dependency", "component": "storage_service", "msg": "SQLite initialized: C:\\Users\\p venkata naveen\\Cursor ai\\Quant_Forex_V3\\QUANT_ENGINE_2026\\data\\journal.db"}
{"ts": "2026-05-11T08:51:23.752Z", "lvl": "DEBUG", "cat": "dependency", "component": "storage_service", "msg": "DuckDB tables ensured"}
{"ts": "2026-05-11T08:51:23.753Z", "lvl": "INFO", "cat": "dependency", "component": "storage_service", "msg": "DuckDB initialized: C:\\Users\\p venkata naveen\\Cursor ai\\Quant_Forex_V3\\QUANT_ENGINE_2026\\data\\market.duckdb"}
{"ts": "2026-05-11T08:51:23.753Z", "lvl": "INFO", "cat": "dependency", "component": "storage_service", "msg": "StorageService ready — DuckDB:C:\\Users\\p venkata naveen\\Cursor ai\\Quant_Forex_V3\\QUANT_ENGINE_2026\\data\\market.duckdb, SQLite:C:\\Users\\p venkata naveen\\Cursor ai\\Quant_Forex_V3\\QUANT_ENGINE_2026\\data\\journal.db"}
{"ts": "2026-05-11T08:54:19.497Z", "lvl": "DEBUG", "cat": "dependency", "component": "storage_service", "msg": "SQLite tables ensured"}
{"ts": "2026-05-11T08:54:19.498Z", "lvl": "INFO", "cat": "dependency", "component": "storage_service", "msg": "SQLite initialized: C:\\Users\\p venkata naveen\\Cursor ai\\Quant_Forex_V3\\QUANT_ENGINE_2026\\data\\journal.db"}
{"ts": "2026-05-11T08:54:19.640Z", "lvl": "DEBUG", "cat": "dependency", "component": "storage_service", "msg": "DuckDB tables ensured"}
{"ts": "2026-05-11T08:54:19.641Z", "lvl": "INFO", "cat": "dependency", "component": "storage_service", "msg": "DuckDB initialized: C:\\Users\\p venkata naveen\\Cursor ai\\Quant_Forex_V3\\QUANT_ENGINE_2026\\data\\market.duckdb"}
{"ts": "2026-05-11T08:54:19.642Z", "lvl": "INFO", "cat": "dependency", "component": "storage_service", "msg": "StorageService ready — DuckDB:C:\\Users\\p venkata naveen\\Cursor ai\\Quant_Forex_V3\\QUANT_ENGINE_2026\\data\\market.duckdb, SQLite:C:\\Users\\p venkata naveen\\Cursor ai\\Quant_Forex_V3\\QUANT_ENGINE_2026\\data\\journal.db"}
{"ts": "2026-05-11T08:55:39.412Z", "lvl": "DEBUG", "cat": "dependency", "component": "storage_service", "msg": "SQLite tables ensured"}
{"ts": "2026-05-11T08:55:39.412Z", "lvl": "INFO", "cat": "dependency", "component": "storage_service", "msg": "SQLite initialized: C:\\Users\\p venkata naveen\\Cursor ai\\Quant_Forex_V3\\QUANT_ENGINE_2026\\data\\journal.db"}
{"ts": "2026-05-11T08:55:39.800Z", "lvl": "ERROR", "cat": "dependency", "component": "storage_service", "msg": "DuckDB init failed: IO Error: Cannot open file \"C:\\Users\\p venkata naveen\\Cursor ai\\Quant_Forex_V3\\QUANT_ENGINE_2026\\data\\market.duckdb\": The process cannot access the file because it is being used by another process.\r\n\nFile is already open in \nC:\\Python312\\python.exe (PID 41680)", "stack_trace": "Traceback (most recent call last):\n  File \"C:\\Users\\p venkata naveen\\Cursor ai\\Quant_Forex_V3\\QUANT_ENGINE_2026\\services\\storage_service.py\", line 290, in _init_duckdb\n    conn = duckdb.connect(str(DUCKDB_PATH))\n           ^^^^^^^^^^^^^^^^^^^^^^^^^^^^^^^^\n_duckdb.IOException: IO Error: Cannot open file \"C:\\Users\\p venkata naveen\\Cursor ai\\Quant_Forex_V3\\QUANT_ENGINE_2026\\data\\market.duckdb\": The process cannot access the file because it is being used by another process.\r\n\nFile is already open in \nC:\\Python312\\python.exe (PID 41680)\n\nDuring handling of the above exception, another exception occurred:\n\nTraceback (most recent call last):\n  File \"C:\\Users\\p venkata naveen\\Cursor ai\\Quant_Forex_V3\\QUANT_ENGINE_2026\\services\\storage_service.py\", line 311, in _init_duckdb\n    conn = duckdb.connect(str(DUCKDB_PATH), read_only=True)\n           ^^^^^^^^^^^^^^^^^^^^^^^^^^^^^^^^^^^^^^^^^^^^^^^^\n_duckdb.IOException: IO Error: Cannot open file \"C:\\Users\\p venkata naveen\\Cursor ai\\Quant_Forex_V3\\QUANT_ENGINE_2026\\data\\market.duckdb\": The process cannot access the file because it is being used by another process.\r\n\nFile is already open in \nC:\\Python312\\python.exe (PID 41680)"}
{"ts": "2026-05-11T08:55:39.803Z", "lvl": "INFO", "cat": "dependency", "component": "storage_service", "msg": "StorageService ready — DuckDB:C:\\Users\\p venkata naveen\\Cursor ai\\Quant_Forex_V3\\QUANT_ENGINE_2026\\data\\market.duckdb, SQLite:C:\\Users\\p venkata naveen\\Cursor ai\\Quant_Forex_V3\\QUANT_ENGINE_2026\\data\\journal.db"}
{"ts": "2026-05-11T08:55:47.833Z", "lvl": "DEBUG", "cat": "dependency", "component": "storage_service", "msg": "SQLite tables ensured"}
{"ts": "2026-05-11T08:55:47.833Z", "lvl": "INFO", "cat": "dependency", "component": "storage_service", "msg": "SQLite initialized: C:\\Users\\p venkata naveen\\Cursor ai\\Quant_Forex_V3\\QUANT_ENGINE_2026\\data\\journal.db"}
{"ts": "2026-05-11T08:55:48.226Z", "lvl": "ERROR", "cat": "dependency", "component": "storage_service", "msg": "DuckDB init failed: IO Error: Cannot open file \"C:\\Users\\p venkata naveen\\Cursor ai\\Quant_Forex_V3\\QUANT_ENGINE_2026\\data\\market.duckdb\": The process cannot access the file because it is being used by another process.\r\n\nFile is already open in \nC:\\Python312\\python.exe (PID 41680)", "stack_trace": "Traceback (most recent call last):\n  File \"C:\\Users\\p venkata naveen\\Cursor ai\\Quant_Forex_V3\\QUANT_ENGINE_2026\\services\\storage_service.py\", line 290, in _init_duckdb\n    conn = duckdb.connect(str(DUCKDB_PATH))\n           ^^^^^^^^^^^^^^^^^^^^^^^^^^^^^^^^\n_duckdb.IOException: IO Error: Cannot open file \"C:\\Users\\p venkata naveen\\Cursor ai\\Quant_Forex_V3\\QUANT_ENGINE_2026\\data\\market.duckdb\": The process cannot access the file because it is being used by another process.\r\n\nFile is already open in \nC:\\Python312\\python.exe (PID 41680)\n\nDuring handling of the above exception, another exception occurred:\n\nTraceback (most recent call last):\n  File \"C:\\Users\\p venkata naveen\\Cursor ai\\Quant_Forex_V3\\QUANT_ENGINE_2026\\services\\storage_service.py\", line 311, in _init_duckdb\n    conn = duckdb.connect(str(DUCKDB_PATH), read_only=True)\n           ^^^^^^^^^^^^^^^^^^^^^^^^^^^^^^^^^^^^^^^^^^^^^^^^\n_duckdb.IOException: IO Error: Cannot open file \"C:\\Users\\p venkata naveen\\Cursor ai\\Quant_Forex_V3\\QUANT_ENGINE_2026\\data\\market.duckdb\": The process cannot access the file because it is being used by another process.\r\n\nFile is already open in \nC:\\Python312\\python.exe (PID 41680)"}
{"ts": "2026-05-11T08:55:48.229Z", "lvl": "INFO", "cat": "dependency", "component": "storage_service", "msg": "StorageService ready — DuckDB:C:\\Users\\p venkata naveen\\Cursor ai\\Quant_Forex_V3\\QUANT_ENGINE_2026\\data\\market.duckdb, SQLite:C:\\Users\\p venkata naveen\\Cursor ai\\Quant_Forex_V3\\QUANT_ENGINE_2026\\data\\journal.db"}
{"ts": "2026-05-11T08:55:54.773Z", "lvl": "DEBUG", "cat": "dependency", "component": "storage_service", "msg": "DuckDB not available — skipping read"}
{"ts": "2026-05-11T08:55:56.970Z", "lvl": "DEBUG", "cat": "dependency", "component": "storage_service", "msg": "DuckDB not available — skipping read"}
{"ts": "2026-05-11T08:55:59.121Z", "lvl": "DEBUG", "cat": "dependency", "component": "storage_service", "msg": "DuckDB not available — skipping read"}
{"ts": "2026-05-11T08:56:01.271Z", "lvl": "DEBUG", "cat": "dependency", "component": "storage_service", "msg": "DuckDB not available — skipping read"}
{"ts": "2026-05-11T08:56:03.437Z", "lvl": "DEBUG", "cat": "dependency", "component": "storage_service", "msg": "DuckDB not available — skipping read"}
{"ts": "2026-05-11T08:56:05.601Z", "lvl": "DEBUG", "cat": "dependency", "component": "storage_service", "msg": "DuckDB not available — skipping read"}
{"ts": "2026-05-11T08:56:07.756Z", "lvl": "DEBUG", "cat": "dependency", "component": "storage_service", "msg": "DuckDB not available — skipping read"}
{"ts": "2026-05-11T08:56:09.893Z", "lvl": "DEBUG", "cat": "dependency", "component": "storage_service", "msg": "DuckDB not available — skipping read"}
{"ts": "2026-05-11T08:56:12.032Z", "lvl": "DEBUG", "cat": "dependency", "component": "storage_service", "msg": "DuckDB not available — skipping read"}
{"ts": "2026-05-11T08:56:14.169Z", "lvl": "DEBUG", "cat": "dependency", "component": "storage_service", "msg": "DuckDB not available — skipping read"}
{"ts": "2026-05-11T08:56:16.310Z", "lvl": "DEBUG", "cat": "dependency", "component": "storage_service", "msg": "DuckDB not available — skipping read"}
{"ts": "2026-05-11T08:56:18.460Z", "lvl": "DEBUG", "cat": "dependency", "component": "storage_service", "msg": "DuckDB not available — skipping read"}
{"ts": "2026-05-11T08:56:20.610Z", "lvl": "DEBUG", "cat": "dependency", "component": "storage_service", "msg": "DuckDB not available — skipping read"}
{"ts": "2026-05-11T08:56:22.769Z", "lvl": "DEBUG", "cat": "dependency", "component": "storage_service", "msg": "DuckDB not available — skipping read"}
{"ts": "2026-05-11T08:56:24.932Z", "lvl": "DEBUG", "cat": "dependency", "component": "storage_service", "msg": "DuckDB not available — skipping read"}
{"ts": "2026-05-11T08:56:27.080Z", "lvl": "DEBUG", "cat": "dependency", "component": "storage_service", "msg": "DuckDB not available — skipping read"}
{"ts": "2026-05-11T08:56:29.242Z", "lvl": "DEBUG", "cat": "dependency", "component": "storage_service", "msg": "DuckDB not available — skipping read"}
{"ts": "2026-05-11T08:56:30.578Z", "lvl": "DEBUG", "cat": "dependency", "component": "storage_service", "msg": "DuckDB not available — skipping read"}
{"ts": "2026-05-11T08:56:32.725Z", "lvl": "DEBUG", "cat": "dependency", "component": "storage_service", "msg": "DuckDB not available — skipping read"}
{"ts": "2026-05-11T08:56:36.983Z", "lvl": "DEBUG", "cat": "dependency", "component": "storage_service", "msg": "DuckDB not available — skipping read"}
{"ts": "2026-05-11T08:56:39.059Z", "lvl": "DEBUG", "cat": "dependency", "component": "storage_service", "msg": "DuckDB not available — skipping read"}
{"ts": "2026-05-11T08:56:41.136Z", "lvl": "DEBUG", "cat": "dependency", "component": "storage_service", "msg": "DuckDB not available — skipping read"}
{"ts": "2026-05-11T08:56:52.416Z", "lvl": "DEBUG", "cat": "dependency", "component": "storage_service", "msg": "DuckDB not available — skipping read"}
{"ts": "2026-05-11T08:57:11.370Z", "lvl": "DEBUG", "cat": "dependency", "component": "storage_service", "msg": "DuckDB not available — skipping read"}
{"ts": "2026-05-11T08:57:20.457Z", "lvl": "DEBUG", "cat": "dependency", "component": "storage_service", "msg": "DuckDB not available — skipping read"}
{"ts": "2026-05-11T08:59:19.065Z", "lvl": "DEBUG", "cat": "dependency", "component": "storage_service", "msg": "DuckDB not available — skipping read"}
{"ts": "2026-05-11T08:59:20.686Z", "lvl": "DEBUG", "cat": "dependency", "component": "storage_service", "msg": "DuckDB not available — skipping read"}
{"ts": "2026-05-11T08:59:22.838Z", "lvl": "DEBUG", "cat": "dependency", "component": "storage_service", "msg": "DuckDB not available — skipping read"}
{"ts": "2026-05-11T08:59:24.994Z", "lvl": "DEBUG", "cat": "dependency", "component": "storage_service", "msg": "DuckDB not available — skipping read"}
{"ts": "2026-05-11T08:59:27.154Z", "lvl": "DEBUG", "cat": "dependency", "component": "storage_service", "msg": "DuckDB not available — skipping read"}
{"ts": "2026-05-11T08:59:29.308Z", "lvl": "DEBUG", "cat": "dependency", "component": "storage_service", "msg": "DuckDB not available — skipping read"}
{"ts": "2026-05-11T08:59:31.483Z", "lvl": "DEBUG", "cat": "dependency", "component": "storage_service", "msg": "DuckDB not available — skipping read"}
{"ts": "2026-05-11T08:59:33.642Z", "lvl": "DEBUG", "cat": "dependency", "component": "storage_service", "msg": "DuckDB not available — skipping read"}
{"ts": "2026-05-11T08:59:34.884Z", "lvl": "DEBUG", "cat": "dependency", "component": "storage_service", "msg": "DuckDB not available — skipping read"}
{"ts": "2026-05-11T08:59:40.007Z", "lvl": "DEBUG", "cat": "dependency", "component": "storage_service", "msg": "DuckDB not available — skipping read"}
{"ts": "2026-05-11T08:59:43.568Z", "lvl": "DEBUG", "cat": "dependency", "component": "storage_service", "msg": "DuckDB not available — skipping read"}
{"ts": "2026-05-11T08:59:45.919Z", "lvl": "DEBUG", "cat": "dependency", "component": "storage_service", "msg": "DuckDB not available — skipping read"}
{"ts": "2026-05-11T09:00:19.779Z", "lvl": "DEBUG", "cat": "dependency", "component": "storage_service", "msg": "DuckDB not available — skipping read"}
{"ts": "2026-05-11T09:00:52.769Z", "lvl": "DEBUG", "cat": "dependency", "component": "storage_service", "msg": "DuckDB not available — skipping read"}
{"ts": "2026-05-11T09:02:05.692Z", "lvl": "DEBUG", "cat": "dependency", "component": "storage_service", "msg": "DuckDB not available — skipping read"}
{"ts": "2026-05-11T09:02:07.842Z", "lvl": "DEBUG", "cat": "dependency", "component": "storage_service", "msg": "DuckDB not available — skipping read"}
{"ts": "2026-05-11T09:02:09.994Z", "lvl": "DEBUG", "cat": "dependency", "component": "storage_service", "msg": "DuckDB not available — skipping read"}
{"ts": "2026-05-11T09:02:12.149Z", "lvl": "DEBUG", "cat": "dependency", "component": "storage_service", "msg": "DuckDB not available — skipping read"}
{"ts": "2026-05-11T09:02:14.295Z", "lvl": "DEBUG", "cat": "dependency", "component": "storage_service", "msg": "DuckDB not available — skipping read"}
{"ts": "2026-05-11T09:02:16.446Z", "lvl": "DEBUG", "cat": "dependency", "component": "storage_service", "msg": "DuckDB not available — skipping read"}
{"ts": "2026-05-11T09:02:18.609Z", "lvl": "DEBUG", "cat": "dependency", "component": "storage_service", "msg": "DuckDB not available — skipping read"}
{"ts": "2026-05-11T09:02:20.558Z", "lvl": "DEBUG", "cat": "dependency", "component": "storage_service", "msg": "DuckDB not available — skipping read"}
{"ts": "2026-05-11T09:02:25.164Z", "lvl": "DEBUG", "cat": "dependency", "component": "storage_service", "msg": "DuckDB not available — skipping read"}
{"ts": "2026-05-11T09:12:06.416Z", "lvl": "DEBUG", "cat": "dependency", "component": "storage_service", "msg": "DuckDB not available — skipping read"}
{"ts": "2026-05-11T09:12:08.585Z", "lvl": "DEBUG", "cat": "dependency", "component": "storage_service", "msg": "DuckDB not available — skipping read"}
{"ts": "2026-05-11T09:12:10.752Z", "lvl": "DEBUG", "cat": "dependency", "component": "storage_service", "msg": "DuckDB not available — skipping read"}
{"ts": "2026-05-11T09:12:12.906Z", "lvl": "DEBUG", "cat": "dependency", "component": "storage_service", "msg": "DuckDB not available — skipping read"}
{"ts": "2026-05-11T09:12:13.343Z", "lvl": "DEBUG", "cat": "dependency", "component": "storage_service", "msg": "DuckDB not available — skipping read"}
{"ts": "2026-05-11T09:12:13.346Z", "lvl": "DEBUG", "cat": "dependency", "component": "storage_service", "msg": "DuckDB not available — skipping read"}
{"ts": "2026-05-11T09:30:22.968Z", "lvl": "DEBUG", "cat": "dependency", "component": "storage_service", "msg": "SQLite tables ensured"}
{"ts": "2026-05-11T09:30:22.984Z", "lvl": "INFO", "cat": "dependency", "component": "storage_service", "msg": "SQLite initialized: C:\\Users\\p venkata naveen\\Cursor ai\\Quant_Forex_V3\\QUANT_ENGINE_2026\\data\\journal.db"}
{"ts": "2026-05-11T09:30:23.490Z", "lvl": "ERROR", "cat": "dependency", "component": "storage_service", "msg": "DuckDB init failed: IO Error: Cannot open file \"C:\\Users\\p venkata naveen\\Cursor ai\\Quant_Forex_V3\\QUANT_ENGINE_2026\\data\\market.duckdb\": The process cannot access the file because it is being used by another process.\r\n\nFile is already open in \nC:\\Python312\\python.exe (PID 41680)", "stack_trace": "Traceback (most recent call last):\n  File \"C:\\Users\\p venkata naveen\\Cursor ai\\Quant_Forex_V3\\QUANT_ENGINE_2026\\services\\storage_service.py\", line 290, in _init_duckdb\n    conn = duckdb.connect(str(DUCKDB_PATH))\n           ^^^^^^^^^^^^^^^^^^^^^^^^^^^^^^^^\n_duckdb.IOException: IO Error: Cannot open file \"C:\\Users\\p venkata naveen\\Cursor ai\\Quant_Forex_V3\\QUANT_ENGINE_2026\\data\\market.duckdb\": The process cannot access the file because it is being used by another process.\r\n\nFile is already open in \nC:\\Python312\\python.exe (PID 41680)\n\nDuring handling of the above exception, another exception occurred:\n\nTraceback (most recent call last):\n  File \"C:\\Users\\p venkata naveen\\Cursor ai\\Quant_Forex_V3\\QUANT_ENGINE_2026\\services\\storage_service.py\", line 311, in _init_duckdb\n    conn = duckdb.connect(str(DUCKDB_PATH), read_only=True)\n           ^^^^^^^^^^^^^^^^^^^^^^^^^^^^^^^^^^^^^^^^^^^^^^^^\n_duckdb.IOException: IO Error: Cannot open file \"C:\\Users\\p venkata naveen\\Cursor ai\\Quant_Forex_V3\\QUANT_ENGINE_2026\\data\\market.duckdb\": The process cannot access the file because it is being used by another process.\r\n\nFile is already open in \nC:\\Python312\\python.exe (PID 41680)"}
{"ts": "2026-05-11T09:30:23.494Z", "lvl": "INFO", "cat": "dependency", "component": "storage_service", "msg": "StorageService ready — DuckDB:C:\\Users\\p venkata naveen\\Cursor ai\\Quant_Forex_V3\\QUANT_ENGINE_2026\\data\\market.duckdb, SQLite:C:\\Users\\p venkata naveen\\Cursor ai\\Quant_Forex_V3\\QUANT_ENGINE_2026\\data\\journal.db"}
{"ts": "2026-05-11T09:30:23.505Z", "lvl": "DEBUG", "cat": "dependency", "component": "storage_service", "msg": "SQLite tables ensured"}
{"ts": "2026-05-11T09:30:23.506Z", "lvl": "INFO", "cat": "dependency", "component": "storage_service", "msg": "SQLite initialized: C:\\Users\\PVENKA~1\\AppData\\Local\\Temp\\tmpb_2eg9r0\\test_journal.db"}
{"ts": "2026-05-11T09:30:23.535Z", "lvl": "DEBUG", "cat": "dependency", "component": "storage_service", "msg": "DuckDB tables ensured"}
{"ts": "2026-05-11T09:30:23.536Z", "lvl": "INFO", "cat": "dependency", "component": "storage_service", "msg": "DuckDB initialized: C:\\Users\\PVENKA~1\\AppData\\Local\\Temp\\tmpb_2eg9r0\\test_market.duckdb"}
{"ts": "2026-05-11T09:30:23.537Z", "lvl": "INFO", "cat": "dependency", "component": "storage_service", "msg": "StorageService ready — DuckDB:C:\\Users\\PVENKA~1\\AppData\\Local\\Temp\\tmpb_2eg9r0\\test_market.duckdb, SQLite:C:\\Users\\PVENKA~1\\AppData\\Local\\Temp\\tmpb_2eg9r0\\test_journal.db"}
{"ts": "2026-05-11T09:30:23.585Z", "lvl": "DEBUG", "cat": "dependency", "component": "storage_service", "msg": "SQLite tables ensured"}
{"ts": "2026-05-11T09:30:23.587Z", "lvl": "INFO", "cat": "dependency", "component": "storage_service", "msg": "SQLite initialized: C:\\Users\\PVENKA~1\\AppData\\Local\\Temp\\tmpb7odlft2\\test_journal.db"}
{"ts": "2026-05-11T09:30:23.607Z", "lvl": "DEBUG", "cat": "dependency", "component": "storage_service", "msg": "DuckDB tables ensured"}
{"ts": "2026-05-11T09:30:23.609Z", "lvl": "INFO", "cat": "dependency", "component": "storage_service", "msg": "DuckDB initialized: C:\\Users\\PVENKA~1\\AppData\\Local\\Temp\\tmpb7odlft2\\test_market.duckdb"}
{"ts": "2026-05-11T09:30:23.610Z", "lvl": "INFO", "cat": "dependency", "component": "storage_service", "msg": "StorageService ready — DuckDB:C:\\Users\\PVENKA~1\\AppData\\Local\\Temp\\tmpb7odlft2\\test_market.duckdb, SQLite:C:\\Users\\PVENKA~1\\AppData\\Local\\Temp\\tmpb7odlft2\\test_journal.db"}
{"ts": "2026-05-11T09:30:23.632Z", "lvl": "DEBUG", "cat": "dependency", "component": "storage_service", "msg": "SQLite tables ensured"}
{"ts": "2026-05-11T09:30:23.634Z", "lvl": "INFO", "cat": "dependency", "component": "storage_service", "msg": "SQLite initialized: C:\\Users\\PVENKA~1\\AppData\\Local\\Temp\\tmp4wg4akct\\test_journal.db"}
{"ts": "2026-05-11T09:30:23.655Z", "lvl": "DEBUG", "cat": "dependency", "component": "storage_service", "msg": "DuckDB tables ensured"}
{"ts": "2026-05-11T09:30:23.657Z", "lvl": "INFO", "cat": "dependency", "component": "storage_service", "msg": "DuckDB initialized: C:\\Users\\PVENKA~1\\AppData\\Local\\Temp\\tmp4wg4akct\\test_market.duckdb"}
{"ts": "2026-05-11T09:30:23.658Z", "lvl": "INFO", "cat": "dependency", "component": "storage_service", "msg": "StorageService ready — DuckDB:C:\\Users\\PVENKA~1\\AppData\\Local\\Temp\\tmp4wg4akct\\test_market.duckdb, SQLite:C:\\Users\\PVENKA~1\\AppData\\Local\\Temp\\tmp4wg4akct\\test_journal.db"}
{"ts": "2026-05-11T09:30:23.691Z", "lvl": "DEBUG", "cat": "dependency", "component": "storage_service", "msg": "SQLite tables ensured"}
{"ts": "2026-05-11T09:30:23.693Z", "lvl": "INFO", "cat": "dependency", "component": "storage_service", "msg": "SQLite initialized: C:\\Users\\PVENKA~1\\AppData\\Local\\Temp\\tmpq3tte52p\\test_journal.db"}
{"ts": "2026-05-11T09:30:23.715Z", "lvl": "DEBUG", "cat": "dependency", "component": "storage_service", "msg": "DuckDB tables ensured"}
{"ts": "2026-05-11T09:30:23.717Z", "lvl": "INFO", "cat": "dependency", "component": "storage_service", "msg": "DuckDB initialized: C:\\Users\\PVENKA~1\\AppData\\Local\\Temp\\tmpq3tte52p\\test_market.duckdb"}
{"ts": "2026-05-11T09:30:23.718Z", "lvl": "INFO", "cat": "dependency", "component": "storage_service", "msg": "StorageService ready — DuckDB:C:\\Users\\PVENKA~1\\AppData\\Local\\Temp\\tmpq3tte52p\\test_market.duckdb, SQLite:C:\\Users\\PVENKA~1\\AppData\\Local\\Temp\\tmpq3tte52p\\test_journal.db"}
{"ts": "2026-05-11T09:30:23.746Z", "lvl": "DEBUG", "cat": "dependency", "component": "storage_service", "msg": "SQLite tables ensured"}
{"ts": "2026-05-11T09:30:23.747Z", "lvl": "INFO", "cat": "dependency", "component": "storage_service", "msg": "SQLite initialized: C:\\Users\\PVENKA~1\\AppData\\Local\\Temp\\tmpepu26sqy\\test_journal.db"}
{"ts": "2026-05-11T09:30:23.767Z", "lvl": "DEBUG", "cat": "dependency", "component": "storage_service", "msg": "DuckDB tables ensured"}
{"ts": "2026-05-11T09:30:23.769Z", "lvl": "INFO", "cat": "dependency", "component": "storage_service", "msg": "DuckDB initialized: C:\\Users\\PVENKA~1\\AppData\\Local\\Temp\\tmpepu26sqy\\test_market.duckdb"}
{"ts": "2026-05-11T09:30:23.771Z", "lvl": "INFO", "cat": "dependency", "component": "storage_service", "msg": "StorageService ready — DuckDB:C:\\Users\\PVENKA~1\\AppData\\Local\\Temp\\tmpepu26sqy\\test_market.duckdb, SQLite:C:\\Users\\PVENKA~1\\AppData\\Local\\Temp\\tmpepu26sqy\\test_journal.db"}
{"ts": "2026-05-11T09:30:23.796Z", "lvl": "DEBUG", "cat": "dependency", "component": "storage_service", "msg": "SQLite tables ensured"}
{"ts": "2026-05-11T09:30:23.797Z", "lvl": "INFO", "cat": "dependency", "component": "storage_service", "msg": "SQLite initialized: C:\\Users\\PVENKA~1\\AppData\\Local\\Temp\\tmp46suyhau\\test_journal.db"}
{"ts": "2026-05-11T09:30:23.819Z", "lvl": "DEBUG", "cat": "dependency", "component": "storage_service", "msg": "DuckDB tables ensured"}
{"ts": "2026-05-11T09:30:23.821Z", "lvl": "INFO", "cat": "dependency", "component": "storage_service", "msg": "DuckDB initialized: C:\\Users\\PVENKA~1\\AppData\\Local\\Temp\\tmp46suyhau\\test_market.duckdb"}
{"ts": "2026-05-11T09:30:23.822Z", "lvl": "INFO", "cat": "dependency", "component": "storage_service", "msg": "StorageService ready — DuckDB:C:\\Users\\PVENKA~1\\AppData\\Local\\Temp\\tmp46suyhau\\test_market.duckdb, SQLite:C:\\Users\\PVENKA~1\\AppData\\Local\\Temp\\tmp46suyhau\\test_journal.db"}
{"ts": "2026-05-11T09:31:53.636Z", "lvl": "DEBUG", "cat": "dependency", "component": "storage_service", "msg": "SQLite tables ensured"}
{"ts": "2026-05-11T09:31:53.639Z", "lvl": "INFO", "cat": "dependency", "component": "storage_service", "msg": "SQLite initialized: C:\\Users\\p venkata naveen\\Cursor ai\\Quant_Forex_V3\\QUANT_ENGINE_2026\\data\\journal.db"}
{"ts": "2026-05-11T09:31:54.099Z", "lvl": "ERROR", "cat": "dependency", "component": "storage_service", "msg": "DuckDB init failed: IO Error: Cannot open file \"C:\\Users\\p venkata naveen\\Cursor ai\\Quant_Forex_V3\\QUANT_ENGINE_2026\\data\\market.duckdb\": The process cannot access the file because it is being used by another process.\r\n\nFile is already open in \nC:\\Python312\\python.exe (PID 41680)", "stack_trace": "Traceback (most recent call last):\n  File \"C:\\Users\\p venkata naveen\\Cursor ai\\Quant_Forex_V3\\QUANT_ENGINE_2026\\services\\storage_service.py\", line 290, in _init_duckdb\n    conn = duckdb.connect(str(DUCKDB_PATH))\n           ^^^^^^^^^^^^^^^^^^^^^^^^^^^^^^^^\n_duckdb.IOException: IO Error: Cannot open file \"C:\\Users\\p venkata naveen\\Cursor ai\\Quant_Forex_V3\\QUANT_ENGINE_2026\\data\\market.duckdb\": The process cannot access the file because it is being used by another process.\r\n\nFile is already open in \nC:\\Python312\\python.exe (PID 41680)\n\nDuring handling of the above exception, another exception occurred:\n\nTraceback (most recent call last):\n  File \"C:\\Users\\p venkata naveen\\Cursor ai\\Quant_Forex_V3\\QUANT_ENGINE_2026\\services\\storage_service.py\", line 311, in _init_duckdb\n    conn = duckdb.connect(str(DUCKDB_PATH), read_only=True)\n           ^^^^^^^^^^^^^^^^^^^^^^^^^^^^^^^^^^^^^^^^^^^^^^^^\n_duckdb.IOException: IO Error: Cannot open file \"C:\\Users\\p venkata naveen\\Cursor ai\\Quant_Forex_V3\\QUANT_ENGINE_2026\\data\\market.duckdb\": The process cannot access the file because it is being used by another process.\r\n\nFile is already open in \nC:\\Python312\\python.exe (PID 41680)"}
{"ts": "2026-05-11T09:31:54.103Z", "lvl": "INFO", "cat": "dependency", "component": "storage_service", "msg": "StorageService ready — DuckDB:C:\\Users\\p venkata naveen\\Cursor ai\\Quant_Forex_V3\\QUANT_ENGINE_2026\\data\\market.duckdb, SQLite:C:\\Users\\p venkata naveen\\Cursor ai\\Quant_Forex_V3\\QUANT_ENGINE_2026\\data\\journal.db"}
{"ts": "2026-05-11T09:31:57.731Z", "lvl": "DEBUG", "cat": "dependency", "component": "storage_service", "msg": "DuckDB not available — skipping read"}
{"ts": "2026-05-11T09:31:59.907Z", "lvl": "DEBUG", "cat": "dependency", "component": "storage_service", "msg": "DuckDB not available — skipping read"}
{"ts": "2026-05-11T09:32:03.346Z", "lvl": "DEBUG", "cat": "dependency", "component": "storage_service", "msg": "DuckDB not available — skipping read"}
{"ts": "2026-05-11T09:32:03.349Z", "lvl": "DEBUG", "cat": "dependency", "component": "storage_service", "msg": "DuckDB not available — skipping read"}
{"ts": "2026-05-11T09:44:13.735Z", "lvl": "DEBUG", "cat": "dependency", "component": "storage_service", "msg": "SQLite tables ensured"}
{"ts": "2026-05-11T09:44:13.740Z", "lvl": "INFO", "cat": "dependency", "component": "storage_service", "msg": "SQLite initialized: C:\\Users\\p venkata naveen\\Cursor ai\\Quant_Forex_V3\\QUANT_ENGINE_2026\\data\\journal.db"}
{"ts": "2026-05-11T09:44:14.211Z", "lvl": "ERROR", "cat": "dependency", "component": "storage_service", "msg": "DuckDB init failed: IO Error: Cannot open file \"C:\\Users\\p venkata naveen\\Cursor ai\\Quant_Forex_V3\\QUANT_ENGINE_2026\\data\\market.duckdb\": The process cannot access the file because it is being used by another process.\r\n\nFile is already open in \nC:\\Python312\\python.exe (PID 41680)", "stack_trace": "Traceback (most recent call last):\n  File \"C:\\Users\\p venkata naveen\\Cursor ai\\Quant_Forex_V3\\QUANT_ENGINE_2026\\services\\storage_service.py\", line 290, in _init_duckdb\n    conn = duckdb.connect(str(DUCKDB_PATH))\n           ^^^^^^^^^^^^^^^^^^^^^^^^^^^^^^^^\n_duckdb.IOException: IO Error: Cannot open file \"C:\\Users\\p venkata naveen\\Cursor ai\\Quant_Forex_V3\\QUANT_ENGINE_2026\\data\\market.duckdb\": The process cannot access the file because it is being used by another process.\r\n\nFile is already open in \nC:\\Python312\\python.exe (PID 41680)\n\nDuring handling of the above exception, another exception occurred:\n\nTraceback (most recent call last):\n  File \"C:\\Users\\p venkata naveen\\Cursor ai\\Quant_Forex_V3\\QUANT_ENGINE_2026\\services\\storage_service.py\", line 311, in _init_duckdb\n    conn = duckdb.connect(str(DUCKDB_PATH), read_only=True)\n           ^^^^^^^^^^^^^^^^^^^^^^^^^^^^^^^^^^^^^^^^^^^^^^^^\n_duckdb.IOException: IO Error: Cannot open file \"C:\\Users\\p venkata naveen\\Cursor ai\\Quant_Forex_V3\\QUANT_ENGINE_2026\\data\\market.duckdb\": The process cannot access the file because it is being used by another process.\r\n\nFile is already open in \nC:\\Python312\\python.exe (PID 41680)"}
{"ts": "2026-05-11T09:44:14.215Z", "lvl": "INFO", "cat": "dependency", "component": "storage_service", "msg": "StorageService ready — DuckDB:C:\\Users\\p venkata naveen\\Cursor ai\\Quant_Forex_V3\\QUANT_ENGINE_2026\\data\\market.duckdb, SQLite:C:\\Users\\p venkata naveen\\Cursor ai\\Quant_Forex_V3\\QUANT_ENGINE_2026\\data\\journal.db"}
{"ts": "2026-05-11T09:44:14.225Z", "lvl": "DEBUG", "cat": "dependency", "component": "storage_service", "msg": "SQLite tables ensured"}
{"ts": "2026-05-11T09:44:14.227Z", "lvl": "INFO", "cat": "dependency", "component": "storage_service", "msg": "SQLite initialized: C:\\Users\\PVENKA~1\\AppData\\Local\\Temp\\tmpag9nbjc0\\test_journal.db"}
{"ts": "2026-05-11T09:44:14.253Z", "lvl": "DEBUG", "cat": "dependency", "component": "storage_service", "msg": "DuckDB tables ensured"}
{"ts": "2026-05-11T09:44:14.254Z", "lvl": "INFO", "cat": "dependency", "component": "storage_service", "msg": "DuckDB initialized: C:\\Users\\PVENKA~1\\AppData\\Local\\Temp\\tmpag9nbjc0\\test_market.duckdb"}
{"ts": "2026-05-11T09:44:14.256Z", "lvl": "INFO", "cat": "dependency", "component": "storage_service", "msg": "StorageService ready — DuckDB:C:\\Users\\PVENKA~1\\AppData\\Local\\Temp\\tmpag9nbjc0\\test_market.duckdb, SQLite:C:\\Users\\PVENKA~1\\AppData\\Local\\Temp\\tmpag9nbjc0\\test_journal.db"}
{"ts": "2026-05-11T09:44:14.300Z", "lvl": "DEBUG", "cat": "dependency", "component": "storage_service", "msg": "SQLite tables ensured"}
{"ts": "2026-05-11T09:44:14.301Z", "lvl": "INFO", "cat": "dependency", "component": "storage_service", "msg": "SQLite initialized: C:\\Users\\PVENKA~1\\AppData\\Local\\Temp\\tmpxqjsqbdi\\test_journal.db"}
{"ts": "2026-05-11T09:44:14.320Z", "lvl": "DEBUG", "cat": "dependency", "component": "storage_service", "msg": "DuckDB tables ensured"}
{"ts": "2026-05-11T09:44:14.321Z", "lvl": "INFO", "cat": "dependency", "component": "storage_service", "msg": "DuckDB initialized: C:\\Users\\PVENKA~1\\AppData\\Local\\Temp\\tmpxqjsqbdi\\test_market.duckdb"}
{"ts": "2026-05-11T09:44:14.323Z", "lvl": "INFO", "cat": "dependency", "component": "storage_service", "msg": "StorageService ready — DuckDB:C:\\Users\\PVENKA~1\\AppData\\Local\\Temp\\tmpxqjsqbdi\\test_market.duckdb, SQLite:C:\\Users\\PVENKA~1\\AppData\\Local\\Temp\\tmpxqjsqbdi\\test_journal.db"}
{"ts": "2026-05-11T09:44:14.347Z", "lvl": "DEBUG", "cat": "dependency", "component": "storage_service", "msg": "SQLite tables ensured"}
{"ts": "2026-05-11T09:44:14.348Z", "lvl": "INFO", "cat": "dependency", "component": "storage_service", "msg": "SQLite initialized: C:\\Users\\PVENKA~1\\AppData\\Local\\Temp\\tmpwyfrfsv5\\test_journal.db"}
{"ts": "2026-05-11T09:44:14.368Z", "lvl": "DEBUG", "cat": "dependency", "component": "storage_service", "msg": "DuckDB tables ensured"}
{"ts": "2026-05-11T09:44:14.369Z", "lvl": "INFO", "cat": "dependency", "component": "storage_service", "msg": "DuckDB initialized: C:\\Users\\PVENKA~1\\AppData\\Local\\Temp\\tmpwyfrfsv5\\test_market.duckdb"}
{"ts": "2026-05-11T09:44:14.370Z", "lvl": "INFO", "cat": "dependency", "component": "storage_service", "msg": "StorageService ready — DuckDB:C:\\Users\\PVENKA~1\\AppData\\Local\\Temp\\tmpwyfrfsv5\\test_market.duckdb, SQLite:C:\\Users\\PVENKA~1\\AppData\\Local\\Temp\\tmpwyfrfsv5\\test_journal.db"}
{"ts": "2026-05-11T09:44:14.394Z", "lvl": "DEBUG", "cat": "dependency", "component": "storage_service", "msg": "SQLite tables ensured"}
{"ts": "2026-05-11T09:44:14.395Z", "lvl": "INFO", "cat": "dependency", "component": "storage_service", "msg": "SQLite initialized: C:\\Users\\PVENKA~1\\AppData\\Local\\Temp\\tmp76byo92q\\test_journal.db"}
{"ts": "2026-05-11T09:44:14.416Z", "lvl": "DEBUG", "cat": "dependency", "component": "storage_service", "msg": "DuckDB tables ensured"}
{"ts": "2026-05-11T09:44:14.418Z", "lvl": "INFO", "cat": "dependency", "component": "storage_service", "msg": "DuckDB initialized: C:\\Users\\PVENKA~1\\AppData\\Local\\Temp\\tmp76byo92q\\test_market.duckdb"}
{"ts": "2026-05-11T09:44:14.419Z", "lvl": "INFO", "cat": "dependency", "component": "storage_service", "msg": "StorageService ready — DuckDB:C:\\Users\\PVENKA~1\\AppData\\Local\\Temp\\tmp76byo92q\\test_market.duckdb, SQLite:C:\\Users\\PVENKA~1\\AppData\\Local\\Temp\\tmp76byo92q\\test_journal.db"}
{"ts": "2026-05-11T09:44:14.442Z", "lvl": "DEBUG", "cat": "dependency", "component": "storage_service", "msg": "SQLite tables ensured"}
{"ts": "2026-05-11T09:44:14.443Z", "lvl": "INFO", "cat": "dependency", "component": "storage_service", "msg": "SQLite initialized: C:\\Users\\PVENKA~1\\AppData\\Local\\Temp\\tmp8tiflaew\\test_journal.db"}
{"ts": "2026-05-11T09:44:14.464Z", "lvl": "DEBUG", "cat": "dependency", "component": "storage_service", "msg": "DuckDB tables ensured"}
{"ts": "2026-05-11T09:44:14.465Z", "lvl": "INFO", "cat": "dependency", "component": "storage_service", "msg": "DuckDB initialized: C:\\Users\\PVENKA~1\\AppData\\Local\\Temp\\tmp8tiflaew\\test_market.duckdb"}
{"ts": "2026-05-11T09:44:14.466Z", "lvl": "INFO", "cat": "dependency", "component": "storage_service", "msg": "StorageService ready — DuckDB:C:\\Users\\PVENKA~1\\AppData\\Local\\Temp\\tmp8tiflaew\\test_market.duckdb, SQLite:C:\\Users\\PVENKA~1\\AppData\\Local\\Temp\\tmp8tiflaew\\test_journal.db"}
{"ts": "2026-05-11T09:44:14.488Z", "lvl": "DEBUG", "cat": "dependency", "component": "storage_service", "msg": "SQLite tables ensured"}
{"ts": "2026-05-11T09:44:14.490Z", "lvl": "INFO", "cat": "dependency", "component": "storage_service", "msg": "SQLite initialized: C:\\Users\\PVENKA~1\\AppData\\Local\\Temp\\tmpvg65suen\\test_journal.db"}
{"ts": "2026-05-11T09:44:14.508Z", "lvl": "DEBUG", "cat": "dependency", "component": "storage_service", "msg": "DuckDB tables ensured"}
{"ts": "2026-05-11T09:44:14.509Z", "lvl": "INFO", "cat": "dependency", "component": "storage_service", "msg": "DuckDB initialized: C:\\Users\\PVENKA~1\\AppData\\Local\\Temp\\tmpvg65suen\\test_market.duckdb"}
{"ts": "2026-05-11T09:44:14.510Z", "lvl": "INFO", "cat": "dependency", "component": "storage_service", "msg": "StorageService ready — DuckDB:C:\\Users\\PVENKA~1\\AppData\\Local\\Temp\\tmpvg65suen\\test_market.duckdb, SQLite:C:\\Users\\PVENKA~1\\AppData\\Local\\Temp\\tmpvg65suen\\test_journal.db"}
{"ts": "2026-05-11T09:45:21.153Z", "lvl": "DEBUG", "cat": "dependency", "component": "storage_service", "msg": "SQLite tables ensured"}
{"ts": "2026-05-11T09:45:21.157Z", "lvl": "INFO", "cat": "dependency", "component": "storage_service", "msg": "SQLite initialized: C:\\Users\\p venkata naveen\\Cursor ai\\Quant_Forex_V3\\QUANT_ENGINE_2026\\data\\journal.db"}
{"ts": "2026-05-11T09:45:21.714Z", "lvl": "ERROR", "cat": "dependency", "component": "storage_service", "msg": "DuckDB init failed: IO Error: Cannot open file \"C:\\Users\\p venkata naveen\\Cursor ai\\Quant_Forex_V3\\QUANT_ENGINE_2026\\data\\market.duckdb\": The process cannot access the file because it is being used by another process.\r\n\nFile is already open in \nC:\\Python312\\python.exe (PID 41680)", "stack_trace": "Traceback (most recent call last):\n  File \"C:\\Users\\p venkata naveen\\Cursor ai\\Quant_Forex_V3\\QUANT_ENGINE_2026\\services\\storage_service.py\", line 290, in _init_duckdb\n    conn = duckdb.connect(str(DUCKDB_PATH))\n           ^^^^^^^^^^^^^^^^^^^^^^^^^^^^^^^^\n_duckdb.IOException: IO Error: Cannot open file \"C:\\Users\\p venkata naveen\\Cursor ai\\Quant_Forex_V3\\QUANT_ENGINE_2026\\data\\market.duckdb\": The process cannot access the file because it is being used by another process.\r\n\nFile is already open in \nC:\\Python312\\python.exe (PID 41680)\n\nDuring handling of the above exception, another exception occurred:\n\nTraceback (most recent call last):\n  File \"C:\\Users\\p venkata naveen\\Cursor ai\\Quant_Forex_V3\\QUANT_ENGINE_2026\\services\\storage_service.py\", line 311, in _init_duckdb\n    conn = duckdb.connect(str(DUCKDB_PATH), read_only=True)\n           ^^^^^^^^^^^^^^^^^^^^^^^^^^^^^^^^^^^^^^^^^^^^^^^^\n_duckdb.IOException: IO Error: Cannot open file \"C:\\Users\\p venkata naveen\\Cursor ai\\Quant_Forex_V3\\QUANT_ENGINE_2026\\data\\market.duckdb\": The process cannot access the file because it is being used by another process.\r\n\nFile is already open in \nC:\\Python312\\python.exe (PID 41680)"}
{"ts": "2026-05-11T09:45:21.720Z", "lvl": "INFO", "cat": "dependency", "component": "storage_service", "msg": "StorageService ready — DuckDB:C:\\Users\\p venkata naveen\\Cursor ai\\Quant_Forex_V3\\QUANT_ENGINE_2026\\data\\market.duckdb, SQLite:C:\\Users\\p venkata naveen\\Cursor ai\\Quant_Forex_V3\\QUANT_ENGINE_2026\\data\\journal.db"}
{"ts": "2026-05-11T09:48:28.168Z", "lvl": "DEBUG", "cat": "dependency", "component": "storage_service", "msg": "SQLite tables ensured"}
{"ts": "2026-05-11T09:48:28.172Z", "lvl": "INFO", "cat": "dependency", "component": "storage_service", "msg": "SQLite initialized: C:\\Users\\p venkata naveen\\Cursor ai\\Quant_Forex_V3\\QUANT_ENGINE_2026\\data\\journal.db"}
{"ts": "2026-05-11T09:48:28.708Z", "lvl": "ERROR", "cat": "dependency", "component": "storage_service", "msg": "DuckDB init failed: IO Error: Cannot open file \"C:\\Users\\p venkata naveen\\Cursor ai\\Quant_Forex_V3\\QUANT_ENGINE_2026\\data\\market.duckdb\": The process cannot access the file because it is being used by another process.\r\n\nFile is already open in \nC:\\Python312\\python.exe (PID 41680)", "stack_trace": "Traceback (most recent call last):\n  File \"C:\\Users\\p venkata naveen\\Cursor ai\\Quant_Forex_V3\\QUANT_ENGINE_2026\\services\\storage_service.py\", line 290, in _init_duckdb\n    conn = duckdb.connect(str(DUCKDB_PATH))\n           ^^^^^^^^^^^^^^^^^^^^^^^^^^^^^^^^\n_duckdb.IOException: IO Error: Cannot open file \"C:\\Users\\p venkata naveen\\Cursor ai\\Quant_Forex_V3\\QUANT_ENGINE_2026\\data\\market.duckdb\": The process cannot access the file because it is being used by another process.\r\n\nFile is already open in \nC:\\Python312\\python.exe (PID 41680)\n\nDuring handling of the above exception, another exception occurred:\n\nTraceback (most recent call last):\n  File \"C:\\Users\\p venkata naveen\\Cursor ai\\Quant_Forex_V3\\QUANT_ENGINE_2026\\services\\storage_service.py\", line 311, in _init_duckdb\n    conn = duckdb.connect(str(DUCKDB_PATH), read_only=True)\n           ^^^^^^^^^^^^^^^^^^^^^^^^^^^^^^^^^^^^^^^^^^^^^^^^\n_duckdb.IOException: IO Error: Cannot open file \"C:\\Users\\p venkata naveen\\Cursor ai\\Quant_Forex_V3\\QUANT_ENGINE_2026\\data\\market.duckdb\": The process cannot access the file because it is being used by another process.\r\n\nFile is already open in \nC:\\Python312\\python.exe (PID 41680)"}
{"ts": "2026-05-11T09:48:28.712Z", "lvl": "INFO", "cat": "dependency", "component": "storage_service", "msg": "StorageService ready — DuckDB:C:\\Users\\p venkata naveen\\Cursor ai\\Quant_Forex_V3\\QUANT_ENGINE_2026\\data\\market.duckdb, SQLite:C:\\Users\\p venkata naveen\\Cursor ai\\Quant_Forex_V3\\QUANT_ENGINE_2026\\data\\journal.db"}
{"ts": "2026-05-11T09:48:28.725Z", "lvl": "DEBUG", "cat": "dependency", "component": "storage_service", "msg": "SQLite tables ensured"}
{"ts": "2026-05-11T09:48:28.728Z", "lvl": "INFO", "cat": "dependency", "component": "storage_service", "msg": "SQLite initialized: C:\\Users\\PVENKA~1\\AppData\\Local\\Temp\\tmpzf9c57q6\\test_journal.db"}
{"ts": "2026-05-11T09:48:28.760Z", "lvl": "DEBUG", "cat": "dependency", "component": "storage_service", "msg": "DuckDB tables ensured"}
{"ts": "2026-05-11T09:48:28.761Z", "lvl": "INFO", "cat": "dependency", "component": "storage_service", "msg": "DuckDB initialized: C:\\Users\\PVENKA~1\\AppData\\Local\\Temp\\tmpzf9c57q6\\test_market.duckdb"}
{"ts": "2026-05-11T09:48:28.763Z", "lvl": "INFO", "cat": "dependency", "component": "storage_service", "msg": "StorageService ready — DuckDB:C:\\Users\\PVENKA~1\\AppData\\Local\\Temp\\tmpzf9c57q6\\test_market.duckdb, SQLite:C:\\Users\\PVENKA~1\\AppData\\Local\\Temp\\tmpzf9c57q6\\test_journal.db"}
{"ts": "2026-05-11T09:48:28.809Z", "lvl": "DEBUG", "cat": "dependency", "component": "storage_service", "msg": "SQLite tables ensured"}
{"ts": "2026-05-11T09:48:28.811Z", "lvl": "INFO", "cat": "dependency", "component": "storage_service", "msg": "SQLite initialized: C:\\Users\\PVENKA~1\\AppData\\Local\\Temp\\tmpf19aolwu\\test_journal.db"}
{"ts": "2026-05-11T09:48:28.833Z", "lvl": "DEBUG", "cat": "dependency", "component": "storage_service", "msg": "DuckDB tables ensured"}
{"ts": "2026-05-11T09:48:28.834Z", "lvl": "INFO", "cat": "dependency", "component": "storage_service", "msg": "DuckDB initialized: C:\\Users\\PVENKA~1\\AppData\\Local\\Temp\\tmpf19aolwu\\test_market.duckdb"}
{"ts": "2026-05-11T09:48:28.835Z", "lvl": "INFO", "cat": "dependency", "component": "storage_service", "msg": "StorageService ready — DuckDB:C:\\Users\\PVENKA~1\\AppData\\Local\\Temp\\tmpf19aolwu\\test_market.duckdb, SQLite:C:\\Users\\PVENKA~1\\AppData\\Local\\Temp\\tmpf19aolwu\\test_journal.db"}
{"ts": "2026-05-11T09:48:28.862Z", "lvl": "DEBUG", "cat": "dependency", "component": "storage_service", "msg": "SQLite tables ensured"}
{"ts": "2026-05-11T09:48:28.865Z", "lvl": "INFO", "cat": "dependency", "component": "storage_service", "msg": "SQLite initialized: C:\\Users\\PVENKA~1\\AppData\\Local\\Temp\\tmpto19x4g5\\test_journal.db"}
{"ts": "2026-05-11T09:48:28.890Z", "lvl": "DEBUG", "cat": "dependency", "component": "storage_service", "msg": "DuckDB tables ensured"}
{"ts": "2026-05-11T09:48:28.892Z", "lvl": "INFO", "cat": "dependency", "component": "storage_service", "msg": "DuckDB initialized: C:\\Users\\PVENKA~1\\AppData\\Local\\Temp\\tmpto19x4g5\\test_market.duckdb"}
{"ts": "2026-05-11T09:48:28.893Z", "lvl": "INFO", "cat": "dependency", "component": "storage_service", "msg": "StorageService ready — DuckDB:C:\\Users\\PVENKA~1\\AppData\\Local\\Temp\\tmpto19x4g5\\test_market.duckdb, SQLite:C:\\Users\\PVENKA~1\\AppData\\Local\\Temp\\tmpto19x4g5\\test_journal.db"}
{"ts": "2026-05-11T09:48:28.924Z", "lvl": "DEBUG", "cat": "dependency", "component": "storage_service", "msg": "SQLite tables ensured"}
{"ts": "2026-05-11T09:48:28.927Z", "lvl": "INFO", "cat": "dependency", "component": "storage_service", "msg": "SQLite initialized: C:\\Users\\PVENKA~1\\AppData\\Local\\Temp\\tmp5j0ovu90\\test_journal.db"}
{"ts": "2026-05-11T09:48:28.953Z", "lvl": "DEBUG", "cat": "dependency", "component": "storage_service", "msg": "DuckDB tables ensured"}
{"ts": "2026-05-11T09:48:28.954Z", "lvl": "INFO", "cat": "dependency", "component": "storage_service", "msg": "DuckDB initialized: C:\\Users\\PVENKA~1\\AppData\\Local\\Temp\\tmp5j0ovu90\\test_market.duckdb"}
{"ts": "2026-05-11T09:48:28.956Z", "lvl": "INFO", "cat": "dependency", "component": "storage_service", "msg": "StorageService ready — DuckDB:C:\\Users\\PVENKA~1\\AppData\\Local\\Temp\\tmp5j0ovu90\\test_market.duckdb, SQLite:C:\\Users\\PVENKA~1\\AppData\\Local\\Temp\\tmp5j0ovu90\\test_journal.db"}
{"ts": "2026-05-11T09:48:28.988Z", "lvl": "DEBUG", "cat": "dependency", "component": "storage_service", "msg": "SQLite tables ensured"}
{"ts": "2026-05-11T09:48:28.992Z", "lvl": "INFO", "cat": "dependency", "component": "storage_service", "msg": "SQLite initialized: C:\\Users\\PVENKA~1\\AppData\\Local\\Temp\\tmp3psw4tm7\\test_journal.db"}
{"ts": "2026-05-11T09:48:29.017Z", "lvl": "DEBUG", "cat": "dependency", "component": "storage_service", "msg": "DuckDB tables ensured"}
{"ts": "2026-05-11T09:48:29.018Z", "lvl": "INFO", "cat": "dependency", "component": "storage_service", "msg": "DuckDB initialized: C:\\Users\\PVENKA~1\\AppData\\Local\\Temp\\tmp3psw4tm7\\test_market.duckdb"}
{"ts": "2026-05-11T09:48:29.019Z", "lvl": "INFO", "cat": "dependency", "component": "storage_service", "msg": "StorageService ready — DuckDB:C:\\Users\\PVENKA~1\\AppData\\Local\\Temp\\tmp3psw4tm7\\test_market.duckdb, SQLite:C:\\Users\\PVENKA~1\\AppData\\Local\\Temp\\tmp3psw4tm7\\test_journal.db"}
{"ts": "2026-05-11T09:48:29.045Z", "lvl": "DEBUG", "cat": "dependency", "component": "storage_service", "msg": "SQLite tables ensured"}
{"ts": "2026-05-11T09:48:29.047Z", "lvl": "INFO", "cat": "dependency", "component": "storage_service", "msg": "SQLite initialized: C:\\Users\\PVENKA~1\\AppData\\Local\\Temp\\tmpv6gc992j\\test_journal.db"}
{"ts": "2026-05-11T09:48:29.073Z", "lvl": "DEBUG", "cat": "dependency", "component": "storage_service", "msg": "DuckDB tables ensured"}
{"ts": "2026-05-11T09:48:29.074Z", "lvl": "INFO", "cat": "dependency", "component": "storage_service", "msg": "DuckDB initialized: C:\\Users\\PVENKA~1\\AppData\\Local\\Temp\\tmpv6gc992j\\test_market.duckdb"}
{"ts": "2026-05-11T09:48:29.074Z", "lvl": "INFO", "cat": "dependency", "component": "storage_service", "msg": "StorageService ready — DuckDB:C:\\Users\\PVENKA~1\\AppData\\Local\\Temp\\tmpv6gc992j\\test_market.duckdb, SQLite:C:\\Users\\PVENKA~1\\AppData\\Local\\Temp\\tmpv6gc992j\\test_journal.db"}
{"ts": "2026-05-11T09:54:00.931Z", "lvl": "DEBUG", "cat": "dependency", "component": "storage_service", "msg": "SQLite tables ensured"}
{"ts": "2026-05-11T09:54:00.936Z", "lvl": "INFO", "cat": "dependency", "component": "storage_service", "msg": "SQLite initialized: C:\\Users\\p venkata naveen\\Cursor ai\\Quant_Forex_V3\\QUANT_ENGINE_2026\\data\\journal.db"}
{"ts": "2026-05-11T09:54:01.473Z", "lvl": "ERROR", "cat": "dependency", "component": "storage_service", "msg": "DuckDB init failed: IO Error: Cannot open file \"C:\\Users\\p venkata naveen\\Cursor ai\\Quant_Forex_V3\\QUANT_ENGINE_2026\\data\\market.duckdb\": The process cannot access the file because it is being used by another process.\r\n\nFile is already open in \nC:\\Python312\\python.exe (PID 41680)", "stack_trace": "Traceback (most recent call last):\n  File \"C:\\Users\\p venkata naveen\\Cursor ai\\Quant_Forex_V3\\QUANT_ENGINE_2026\\services\\storage_service.py\", line 290, in _init_duckdb\n    conn = duckdb.connect(str(DUCKDB_PATH))\n           ^^^^^^^^^^^^^^^^^^^^^^^^^^^^^^^^\n_duckdb.IOException: IO Error: Cannot open file \"C:\\Users\\p venkata naveen\\Cursor ai\\Quant_Forex_V3\\QUANT_ENGINE_2026\\data\\market.duckdb\": The process cannot access the file because it is being used by another process.\r\n\nFile is already open in \nC:\\Python312\\python.exe (PID 41680)\n\nDuring handling of the above exception, another exception occurred:\n\nTraceback (most recent call last):\n  File \"C:\\Users\\p venkata naveen\\Cursor ai\\Quant_Forex_V3\\QUANT_ENGINE_2026\\services\\storage_service.py\", line 311, in _init_duckdb\n    conn = duckdb.connect(str(DUCKDB_PATH), read_only=True)\n           ^^^^^^^^^^^^^^^^^^^^^^^^^^^^^^^^^^^^^^^^^^^^^^^^\n_duckdb.IOException: IO Error: Cannot open file \"C:\\Users\\p venkata naveen\\Cursor ai\\Quant_Forex_V3\\QUANT_ENGINE_2026\\data\\market.duckdb\": The process cannot access the file because it is being used by another process.\r\n\nFile is already open in \nC:\\Python312\\python.exe (PID 41680)"}
{"ts": "2026-05-11T09:54:01.477Z", "lvl": "INFO", "cat": "dependency", "component": "storage_service", "msg": "StorageService ready — DuckDB:C:\\Users\\p venkata naveen\\Cursor ai\\Quant_Forex_V3\\QUANT_ENGINE_2026\\data\\market.duckdb, SQLite:C:\\Users\\p venkata naveen\\Cursor ai\\Quant_Forex_V3\\QUANT_ENGINE_2026\\data\\journal.db"}
{"ts": "2026-05-11T09:54:05.476Z", "lvl": "DEBUG", "cat": "dependency", "component": "storage_service", "msg": "DuckDB not available — skipping read"}
{"ts": "2026-05-11T09:54:07.659Z", "lvl": "DEBUG", "cat": "dependency", "component": "storage_service", "msg": "DuckDB not available — skipping read"}
{"ts": "2026-05-11T09:54:09.828Z", "lvl": "DEBUG", "cat": "dependency", "component": "storage_service", "msg": "DuckDB not available — skipping read"}
{"ts": "2026-05-11T09:54:55.617Z", "lvl": "DEBUG", "cat": "dependency", "component": "storage_service", "msg": "DuckDB not available — skipping read"}
{"ts": "2026-05-11T09:54:55.629Z", "lvl": "DEBUG", "cat": "dependency", "component": "storage_service", "msg": "DuckDB not available — skipping read"}
{"ts": "2026-05-11T09:55:06.875Z", "lvl": "DEBUG", "cat": "dependency", "component": "storage_service", "msg": "DuckDB not available — skipping read"}
{"ts": "2026-05-11T09:55:08.183Z", "lvl": "DEBUG", "cat": "dependency", "component": "storage_service", "msg": "DuckDB not available — skipping read"}
{"ts": "2026-05-11T09:55:39.950Z", "lvl": "DEBUG", "cat": "dependency", "component": "storage_service", "msg": "DuckDB not available — skipping read"}
{"ts": "2026-05-11T09:55:42.194Z", "lvl": "DEBUG", "cat": "dependency", "component": "storage_service", "msg": "DuckDB not available — skipping read"}
{"ts": "2026-05-11T09:55:42.961Z", "lvl": "DEBUG", "cat": "dependency", "component": "storage_service", "msg": "DuckDB not available — skipping read"}
{"ts": "2026-05-11T09:55:43.549Z", "lvl": "DEBUG", "cat": "dependency", "component": "storage_service", "msg": "DuckDB not available — skipping read"}
{"ts": "2026-05-11T09:55:44.295Z", "lvl": "DEBUG", "cat": "dependency", "component": "storage_service", "msg": "DuckDB not available — skipping read"}
{"ts": "2026-05-11T09:55:45.232Z", "lvl": "DEBUG", "cat": "dependency", "component": "storage_service", "msg": "DuckDB not available — skipping read"}
{"ts": "2026-05-11T09:56:05.603Z", "lvl": "DEBUG", "cat": "dependency", "component": "storage_service", "msg": "DuckDB not available — skipping read"}
{"ts": "2026-05-11T09:56:05.610Z", "lvl": "DEBUG", "cat": "dependency", "component": "storage_service", "msg": "DuckDB not available — skipping read"}
{"ts": "2026-05-11T09:56:09.613Z", "lvl": "DEBUG", "cat": "dependency", "component": "storage_service", "msg": "DuckDB not available — skipping read"}
{"ts": "2026-05-11T09:56:11.243Z", "lvl": "DEBUG", "cat": "dependency", "component": "storage_service", "msg": "DuckDB not available — skipping read"}
{"ts": "2026-05-11T09:56:12.874Z", "lvl": "DEBUG", "cat": "dependency", "component": "storage_service", "msg": "DuckDB not available — skipping read"}
{"ts": "2026-05-11T09:56:14.504Z", "lvl": "DEBUG", "cat": "dependency", "component": "storage_service", "msg": "DuckDB not available — skipping read"}
{"ts": "2026-05-11T09:56:16.137Z", "lvl": "DEBUG", "cat": "dependency", "component": "storage_service", "msg": "DuckDB not available — skipping read"}
{"ts": "2026-05-11T09:56:17.775Z", "lvl": "DEBUG", "cat": "dependency", "component": "storage_service", "msg": "DuckDB not available — skipping read"}
{"ts": "2026-05-11T09:56:19.397Z", "lvl": "DEBUG", "cat": "dependency", "component": "storage_service", "msg": "DuckDB not available — skipping read"}
{"ts": "2026-05-11T09:56:20.786Z", "lvl": "DEBUG", "cat": "dependency", "component": "storage_service", "msg": "DuckDB not available — skipping read"}
{"ts": "2026-05-11T09:56:22.429Z", "lvl": "DEBUG", "cat": "dependency", "component": "storage_service", "msg": "DuckDB not available — skipping read"}
{"ts": "2026-05-11T09:56:24.059Z", "lvl": "DEBUG", "cat": "dependency", "component": "storage_service", "msg": "DuckDB not available — skipping read"}
{"ts": "2026-05-11T09:56:25.683Z", "lvl": "DEBUG", "cat": "dependency", "component": "storage_service", "msg": "DuckDB not available — skipping read"}
{"ts": "2026-05-11T09:56:27.306Z", "lvl": "DEBUG", "cat": "dependency", "component": "storage_service", "msg": "DuckDB not available — skipping read"}
{"ts": "2026-05-11T09:56:28.929Z", "lvl": "DEBUG", "cat": "dependency", "component": "storage_service", "msg": "DuckDB not available — skipping read"}
{"ts": "2026-05-11T09:56:30.563Z", "lvl": "DEBUG", "cat": "dependency", "component": "storage_service", "msg": "DuckDB not available — skipping read"}
{"ts": "2026-05-11T09:56:32.195Z", "lvl": "DEBUG", "cat": "dependency", "component": "storage_service", "msg": "DuckDB not available — skipping read"}
{"ts": "2026-05-11T09:56:33.824Z", "lvl": "DEBUG", "cat": "dependency", "component": "storage_service", "msg": "DuckDB not available — skipping read"}
{"ts": "2026-05-11T09:56:35.500Z", "lvl": "DEBUG", "cat": "dependency", "component": "storage_service", "msg": "DuckDB not available — skipping read"}
{"ts": "2026-05-11T09:56:37.125Z", "lvl": "DEBUG", "cat": "dependency", "component": "storage_service", "msg": "DuckDB not available — skipping read"}
{"ts": "2026-05-11T09:56:38.748Z", "lvl": "DEBUG", "cat": "dependency", "component": "storage_service", "msg": "DuckDB not available — skipping read"}
{"ts": "2026-05-11T09:56:40.367Z", "lvl": "DEBUG", "cat": "dependency", "component": "storage_service", "msg": "DuckDB not available — skipping read"}
{"ts": "2026-05-11T09:56:41.989Z", "lvl": "DEBUG", "cat": "dependency", "component": "storage_service", "msg": "DuckDB not available — skipping read"}
{"ts": "2026-05-11T09:56:43.614Z", "lvl": "DEBUG", "cat": "dependency", "component": "storage_service", "msg": "DuckDB not available — skipping read"}
{"ts": "2026-05-11T09:56:45.235Z", "lvl": "DEBUG", "cat": "dependency", "component": "storage_service", "msg": "DuckDB not available — skipping read"}
{"ts": "2026-05-11T09:56:46.856Z", "lvl": "DEBUG", "cat": "dependency", "component": "storage_service", "msg": "DuckDB not available — skipping read"}
{"ts": "2026-05-11T09:56:48.479Z", "lvl": "DEBUG", "cat": "dependency", "component": "storage_service", "msg": "DuckDB not available — skipping read"}
{"ts": "2026-05-11T09:56:50.096Z", "lvl": "DEBUG", "cat": "dependency", "component": "storage_service", "msg": "DuckDB not available — skipping read"}
{"ts": "2026-05-11T09:56:51.713Z", "lvl": "DEBUG", "cat": "dependency", "component": "storage_service", "msg": "DuckDB not available — skipping read"}
{"ts": "2026-05-11T09:56:53.335Z", "lvl": "DEBUG", "cat": "dependency", "component": "storage_service", "msg": "DuckDB not available — skipping read"}
{"ts": "2026-05-11T09:56:54.962Z", "lvl": "DEBUG", "cat": "dependency", "component": "storage_service", "msg": "DuckDB not available — skipping read"}
{"ts": "2026-05-11T09:56:56.581Z", "lvl": "DEBUG", "cat": "dependency", "component": "storage_service", "msg": "DuckDB not available — skipping read"}
{"ts": "2026-05-11T09:56:58.199Z", "lvl": "DEBUG", "cat": "dependency", "component": "storage_service", "msg": "DuckDB not available — skipping read"}
{"ts": "2026-05-11T09:56:59.833Z", "lvl": "DEBUG", "cat": "dependency", "component": "storage_service", "msg": "DuckDB not available — skipping read"}
{"ts": "2026-05-11T09:57:01.456Z", "lvl": "DEBUG", "cat": "dependency", "component": "storage_service", "msg": "DuckDB not available — skipping read"}
{"ts": "2026-05-11T09:57:03.096Z", "lvl": "DEBUG", "cat": "dependency", "component": "storage_service", "msg": "DuckDB not available — skipping read"}
{"ts": "2026-05-11T09:57:04.734Z", "lvl": "DEBUG", "cat": "dependency", "component": "storage_service", "msg": "DuckDB not available — skipping read"}
{"ts": "2026-05-11T09:57:06.376Z", "lvl": "DEBUG", "cat": "dependency", "component": "storage_service", "msg": "DuckDB not available — skipping read"}
{"ts": "2026-05-11T09:57:08.011Z", "lvl": "DEBUG", "cat": "dependency", "component": "storage_service", "msg": "DuckDB not available — skipping read"}
{"ts": "2026-05-11T09:57:09.644Z", "lvl": "DEBUG", "cat": "dependency", "component": "storage_service", "msg": "DuckDB not available — skipping read"}
{"ts": "2026-05-11T09:57:11.276Z", "lvl": "DEBUG", "cat": "dependency", "component": "storage_service", "msg": "DuckDB not available — skipping read"}
{"ts": "2026-05-11T09:57:12.914Z", "lvl": "DEBUG", "cat": "dependency", "component": "storage_service", "msg": "DuckDB not available — skipping read"}
{"ts": "2026-05-11T09:57:14.551Z", "lvl": "DEBUG", "cat": "dependency", "component": "storage_service", "msg": "DuckDB not available — skipping read"}
{"ts": "2026-05-11T09:57:16.176Z", "lvl": "DEBUG", "cat": "dependency", "component": "storage_service", "msg": "DuckDB not available — skipping read"}
{"ts": "2026-05-11T09:57:17.805Z", "lvl": "DEBUG", "cat": "dependency", "component": "storage_service", "msg": "DuckDB not available — skipping read"}
{"ts": "2026-05-11T09:57:19.445Z", "lvl": "DEBUG", "cat": "dependency", "component": "storage_service", "msg": "DuckDB not available — skipping read"}
{"ts": "2026-05-11T09:57:21.087Z", "lvl": "DEBUG", "cat": "dependency", "component": "storage_service", "msg": "DuckDB not available — skipping read"}
{"ts": "2026-05-11T09:57:22.727Z", "lvl": "DEBUG", "cat": "dependency", "component": "storage_service", "msg": "DuckDB not available — skipping read"}
{"ts": "2026-05-11T09:57:24.358Z", "lvl": "DEBUG", "cat": "dependency", "component": "storage_service", "msg": "DuckDB not available — skipping read"}
{"ts": "2026-05-11T09:57:25.989Z", "lvl": "DEBUG", "cat": "dependency", "component": "storage_service", "msg": "DuckDB not available — skipping read"}
{"ts": "2026-05-11T09:57:27.625Z", "lvl": "DEBUG", "cat": "dependency", "component": "storage_service", "msg": "DuckDB not available — skipping read"}
{"ts": "2026-05-11T09:57:29.254Z", "lvl": "DEBUG", "cat": "dependency", "component": "storage_service", "msg": "DuckDB not available — skipping read"}
{"ts": "2026-05-11T09:57:30.895Z", "lvl": "DEBUG", "cat": "dependency", "component": "storage_service", "msg": "DuckDB not available — skipping read"}
{"ts": "2026-05-11T09:57:32.532Z", "lvl": "DEBUG", "cat": "dependency", "component": "storage_service", "msg": "DuckDB not available — skipping read"}
{"ts": "2026-05-11T09:57:34.168Z", "lvl": "DEBUG", "cat": "dependency", "component": "storage_service", "msg": "DuckDB not available — skipping read"}
{"ts": "2026-05-11T09:57:35.792Z", "lvl": "DEBUG", "cat": "dependency", "component": "storage_service", "msg": "DuckDB not available — skipping read"}
{"ts": "2026-05-11T09:57:37.412Z", "lvl": "DEBUG", "cat": "dependency", "component": "storage_service", "msg": "DuckDB not available — skipping read"}
{"ts": "2026-05-11T09:57:39.045Z", "lvl": "DEBUG", "cat": "dependency", "component": "storage_service", "msg": "DuckDB not available — skipping read"}
{"ts": "2026-05-11T09:57:40.676Z", "lvl": "DEBUG", "cat": "dependency", "component": "storage_service", "msg": "DuckDB not available — skipping read"}
{"ts": "2026-05-11T09:57:42.295Z", "lvl": "DEBUG", "cat": "dependency", "component": "storage_service", "msg": "DuckDB not available — skipping read"}
{"ts": "2026-05-11T09:57:43.919Z", "lvl": "DEBUG", "cat": "dependency", "component": "storage_service", "msg": "DuckDB not available — skipping read"}
{"ts": "2026-05-11T09:57:45.549Z", "lvl": "DEBUG", "cat": "dependency", "component": "storage_service", "msg": "DuckDB not available — skipping read"}
{"ts": "2026-05-11T09:57:47.169Z", "lvl": "DEBUG", "cat": "dependency", "component": "storage_service", "msg": "DuckDB not available — skipping read"}
{"ts": "2026-05-11T09:57:48.807Z", "lvl": "DEBUG", "cat": "dependency", "component": "storage_service", "msg": "DuckDB not available — skipping read"}
{"ts": "2026-05-11T09:57:50.432Z", "lvl": "DEBUG", "cat": "dependency", "component": "storage_service", "msg": "DuckDB not available — skipping read"}
{"ts": "2026-05-11T09:57:52.059Z", "lvl": "DEBUG", "cat": "dependency", "component": "storage_service", "msg": "DuckDB not available — skipping read"}
{"ts": "2026-05-11T09:57:53.681Z", "lvl": "DEBUG", "cat": "dependency", "component": "storage_service", "msg": "DuckDB not available — skipping read"}
{"ts": "2026-05-11T09:57:55.320Z", "lvl": "DEBUG", "cat": "dependency", "component": "storage_service", "msg": "DuckDB not available — skipping read"}
{"ts": "2026-05-11T09:57:56.981Z", "lvl": "DEBUG", "cat": "dependency", "component": "storage_service", "msg": "DuckDB not available — skipping read"}
{"ts": "2026-05-11T09:57:58.619Z", "lvl": "DEBUG", "cat": "dependency", "component": "storage_service", "msg": "DuckDB not available — skipping read"}
{"ts": "2026-05-11T09:58:00.247Z", "lvl": "DEBUG", "cat": "dependency", "component": "storage_service", "msg": "DuckDB not available — skipping read"}
{"ts": "2026-05-11T09:58:01.882Z", "lvl": "DEBUG", "cat": "dependency", "component": "storage_service", "msg": "DuckDB not available — skipping read"}
{"ts": "2026-05-11T09:58:03.514Z", "lvl": "DEBUG", "cat": "dependency", "component": "storage_service", "msg": "DuckDB not available — skipping read"}
{"ts": "2026-05-11T09:58:05.143Z", "lvl": "DEBUG", "cat": "dependency", "component": "storage_service", "msg": "DuckDB not available — skipping read"}
{"ts": "2026-05-11T09:58:06.766Z", "lvl": "DEBUG", "cat": "dependency", "component": "storage_service", "msg": "DuckDB not available — skipping read"}
{"ts": "2026-05-11T09:58:06.774Z", "lvl": "DEBUG", "cat": "dependency", "component": "storage_service", "msg": "DuckDB not available — skipping read"}
{"ts": "2026-05-11T09:58:08.389Z", "lvl": "DEBUG", "cat": "dependency", "component": "storage_service", "msg": "DuckDB not available — skipping read"}
{"ts": "2026-05-11T09:58:10.011Z", "lvl": "DEBUG", "cat": "dependency", "component": "storage_service", "msg": "DuckDB not available — skipping read"}
{"ts": "2026-05-11T09:58:11.631Z", "lvl": "DEBUG", "cat": "dependency", "component": "storage_service", "msg": "DuckDB not available — skipping read"}
{"ts": "2026-05-11T09:58:13.248Z", "lvl": "DEBUG", "cat": "dependency", "component": "storage_service", "msg": "DuckDB not available — skipping read"}
{"ts": "2026-05-11T09:58:14.870Z", "lvl": "DEBUG", "cat": "dependency", "component": "storage_service", "msg": "DuckDB not available — skipping read"}
{"ts": "2026-05-11T09:58:16.491Z", "lvl": "DEBUG", "cat": "dependency", "component": "storage_service", "msg": "DuckDB not available — skipping read"}
{"ts": "2026-05-11T09:58:18.123Z", "lvl": "DEBUG", "cat": "dependency", "component": "storage_service", "msg": "DuckDB not available — skipping read"}
{"ts": "2026-05-11T09:58:19.747Z", "lvl": "DEBUG", "cat": "dependency", "component": "storage_service", "msg": "DuckDB not available — skipping read"}
{"ts": "2026-05-11T09:58:21.368Z", "lvl": "DEBUG", "cat": "dependency", "component": "storage_service", "msg": "DuckDB not available — skipping read"}
{"ts": "2026-05-11T09:58:22.995Z", "lvl": "DEBUG", "cat": "dependency", "component": "storage_service", "msg": "DuckDB not available — skipping read"}
{"ts": "2026-05-11T09:58:24.621Z", "lvl": "DEBUG", "cat": "dependency", "component": "storage_service", "msg": "DuckDB not available — skipping read"}
{"ts": "2026-05-11T09:58:26.241Z", "lvl": "DEBUG", "cat": "dependency", "component": "storage_service", "msg": "DuckDB not available — skipping read"}
{"ts": "2026-05-11T09:58:27.869Z", "lvl": "DEBUG", "cat": "dependency", "component": "storage_service", "msg": "DuckDB not available — skipping read"}
{"ts": "2026-05-11T09:58:29.508Z", "lvl": "DEBUG", "cat": "dependency", "component": "storage_service", "msg": "DuckDB not available — skipping read"}
{"ts": "2026-05-11T09:58:31.168Z", "lvl": "DEBUG", "cat": "dependency", "component": "storage_service", "msg": "DuckDB not available — skipping read"}
{"ts": "2026-05-11T09:58:32.816Z", "lvl": "DEBUG", "cat": "dependency", "component": "storage_service", "msg": "DuckDB not available — skipping read"}
{"ts": "2026-05-11T09:58:34.454Z", "lvl": "DEBUG", "cat": "dependency", "component": "storage_service", "msg": "DuckDB not available — skipping read"}
{"ts": "2026-05-11T09:58:36.073Z", "lvl": "DEBUG", "cat": "dependency", "component": "storage_service", "msg": "DuckDB not available — skipping read"}
{"ts": "2026-05-11T09:58:37.718Z", "lvl": "DEBUG", "cat": "dependency", "component": "storage_service", "msg": "DuckDB not available — skipping read"}
{"ts": "2026-05-11T09:58:39.358Z", "lvl": "DEBUG", "cat": "dependency", "component": "storage_service", "msg": "DuckDB not available — skipping read"}
{"ts": "2026-05-11T09:58:40.992Z", "lvl": "DEBUG", "cat": "dependency", "component": "storage_service", "msg": "DuckDB not available — skipping read"}
{"ts": "2026-05-11T09:58:42.624Z", "lvl": "DEBUG", "cat": "dependency", "component": "storage_service", "msg": "DuckDB not available — skipping read"}
{"ts": "2026-05-11T09:58:44.252Z", "lvl": "DEBUG", "cat": "dependency", "component": "storage_service", "msg": "DuckDB not available — skipping read"}
{"ts": "2026-05-11T09:58:45.890Z", "lvl": "DEBUG", "cat": "dependency", "component": "storage_service", "msg": "DuckDB not available — skipping read"}
{"ts": "2026-05-11T09:58:47.527Z", "lvl": "DEBUG", "cat": "dependency", "component": "storage_service", "msg": "DuckDB not available — skipping read"}
{"ts": "2026-05-11T09:58:49.167Z", "lvl": "DEBUG", "cat": "dependency", "component": "storage_service", "msg": "DuckDB not available — skipping read"}
{"ts": "2026-05-11T09:58:50.802Z", "lvl": "DEBUG", "cat": "dependency", "component": "storage_service", "msg": "DuckDB not available — skipping read"}
{"ts": "2026-05-11T09:58:52.462Z", "lvl": "DEBUG", "cat": "dependency", "component": "storage_service", "msg": "DuckDB not available — skipping read"}
{"ts": "2026-05-11T09:58:54.091Z", "lvl": "DEBUG", "cat": "dependency", "component": "storage_service", "msg": "DuckDB not available — skipping read"}
{"ts": "2026-05-11T09:58:55.715Z", "lvl": "DEBUG", "cat": "dependency", "component": "storage_service", "msg": "DuckDB not available — skipping read"}
{"ts": "2026-05-11T09:58:57.348Z", "lvl": "DEBUG", "cat": "dependency", "component": "storage_service", "msg": "DuckDB not available — skipping read"}
{"ts": "2026-05-11T09:58:58.974Z", "lvl": "DEBUG", "cat": "dependency", "component": "storage_service", "msg": "DuckDB not available — skipping read"}
{"ts": "2026-05-11T09:59:00.602Z", "lvl": "DEBUG", "cat": "dependency", "component": "storage_service", "msg": "DuckDB not available — skipping read"}
{"ts": "2026-05-11T09:59:02.226Z", "lvl": "DEBUG", "cat": "dependency", "component": "storage_service", "msg": "DuckDB not available — skipping read"}
{"ts": "2026-05-11T09:59:03.843Z", "lvl": "DEBUG", "cat": "dependency", "component": "storage_service", "msg": "DuckDB not available — skipping read"}
{"ts": "2026-05-11T09:59:05.470Z", "lvl": "DEBUG", "cat": "dependency", "component": "storage_service", "msg": "DuckDB not available — skipping read"}
{"ts": "2026-05-11T09:59:07.089Z", "lvl": "DEBUG", "cat": "dependency", "component": "storage_service", "msg": "DuckDB not available — skipping read"}
{"ts": "2026-05-11T09:59:08.713Z", "lvl": "DEBUG", "cat": "dependency", "component": "storage_service", "msg": "DuckDB not available — skipping read"}
{"ts": "2026-05-11T09:59:10.345Z", "lvl": "DEBUG", "cat": "dependency", "component": "storage_service", "msg": "DuckDB not available — skipping read"}
{"ts": "2026-05-11T09:59:11.969Z", "lvl": "DEBUG", "cat": "dependency", "component": "storage_service", "msg": "DuckDB not available — skipping read"}
{"ts": "2026-05-11T09:59:13.609Z", "lvl": "DEBUG", "cat": "dependency", "component": "storage_service", "msg": "DuckDB not available — skipping read"}
{"ts": "2026-05-11T09:59:15.230Z", "lvl": "DEBUG", "cat": "dependency", "component": "storage_service", "msg": "DuckDB not available — skipping read"}
{"ts": "2026-05-11T09:59:16.855Z", "lvl": "DEBUG", "cat": "dependency", "component": "storage_service", "msg": "DuckDB not available — skipping read"}
{"ts": "2026-05-11T09:59:18.473Z", "lvl": "DEBUG", "cat": "dependency", "component": "storage_service", "msg": "DuckDB not available — skipping read"}
{"ts": "2026-05-11T09:59:20.107Z", "lvl": "DEBUG", "cat": "dependency", "component": "storage_service", "msg": "DuckDB not available — skipping read"}
{"ts": "2026-05-11T09:59:21.730Z", "lvl": "DEBUG", "cat": "dependency", "component": "storage_service", "msg": "DuckDB not available — skipping read"}
{"ts": "2026-05-11T09:59:23.360Z", "lvl": "DEBUG", "cat": "dependency", "component": "storage_service", "msg": "DuckDB not available — skipping read"}
{"ts": "2026-05-11T09:59:24.990Z", "lvl": "DEBUG", "cat": "dependency", "component": "storage_service", "msg": "DuckDB not available — skipping read"}
{"ts": "2026-05-11T09:59:26.608Z", "lvl": "DEBUG", "cat": "dependency", "component": "storage_service", "msg": "DuckDB not available — skipping read"}
{"ts": "2026-05-11T09:59:28.232Z", "lvl": "DEBUG", "cat": "dependency", "component": "storage_service", "msg": "DuckDB not available — skipping read"}
{"ts": "2026-05-11T09:59:29.850Z", "lvl": "DEBUG", "cat": "dependency", "component": "storage_service", "msg": "DuckDB not available — skipping read"}
{"ts": "2026-05-11T09:59:31.483Z", "lvl": "DEBUG", "cat": "dependency", "component": "storage_service", "msg": "DuckDB not available — skipping read"}
{"ts": "2026-05-11T09:59:33.100Z", "lvl": "DEBUG", "cat": "dependency", "component": "storage_service", "msg": "DuckDB not available — skipping read"}
{"ts": "2026-05-11T09:59:34.720Z", "lvl": "DEBUG", "cat": "dependency", "component": "storage_service", "msg": "DuckDB not available — skipping read"}
{"ts": "2026-05-11T09:59:36.351Z", "lvl": "DEBUG", "cat": "dependency", "component": "storage_service", "msg": "DuckDB not available — skipping read"}
{"ts": "2026-05-11T09:59:37.980Z", "lvl": "DEBUG", "cat": "dependency", "component": "storage_service", "msg": "DuckDB not available — skipping read"}
{"ts": "2026-05-11T09:59:39.605Z", "lvl": "DEBUG", "cat": "dependency", "component": "storage_service", "msg": "DuckDB not available — skipping read"}
{"ts": "2026-05-11T09:59:41.227Z", "lvl": "DEBUG", "cat": "dependency", "component": "storage_service", "msg": "DuckDB not available — skipping read"}
{"ts": "2026-05-11T09:59:42.849Z", "lvl": "DEBUG", "cat": "dependency", "component": "storage_service", "msg": "DuckDB not available — skipping read"}
{"ts": "2026-05-11T09:59:44.476Z", "lvl": "DEBUG", "cat": "dependency", "component": "storage_service", "msg": "DuckDB not available — skipping read"}
{"ts": "2026-05-11T09:59:46.104Z", "lvl": "DEBUG", "cat": "dependency", "component": "storage_service", "msg": "DuckDB not available — skipping read"}
{"ts": "2026-05-11T09:59:47.734Z", "lvl": "DEBUG", "cat": "dependency", "component": "storage_service", "msg": "DuckDB not available — skipping read"}
{"ts": "2026-05-11T09:59:49.361Z", "lvl": "DEBUG", "cat": "dependency", "component": "storage_service", "msg": "DuckDB not available — skipping read"}
{"ts": "2026-05-11T09:59:50.990Z", "lvl": "DEBUG", "cat": "dependency", "component": "storage_service", "msg": "DuckDB not available — skipping read"}
{"ts": "2026-05-11T09:59:52.617Z", "lvl": "DEBUG", "cat": "dependency", "component": "storage_service", "msg": "DuckDB not available — skipping read"}
{"ts": "2026-05-11T09:59:54.237Z", "lvl": "DEBUG", "cat": "dependency", "component": "storage_service", "msg": "DuckDB not available — skipping read"}
{"ts": "2026-05-11T09:59:55.860Z", "lvl": "DEBUG", "cat": "dependency", "component": "storage_service", "msg": "DuckDB not available — skipping read"}
{"ts": "2026-05-11T09:59:57.480Z", "lvl": "DEBUG", "cat": "dependency", "component": "storage_service", "msg": "DuckDB not available — skipping read"}
{"ts": "2026-05-11T09:59:59.106Z", "lvl": "DEBUG", "cat": "dependency", "component": "storage_service", "msg": "DuckDB not available — skipping read"}
{"ts": "2026-05-11T10:00:00.729Z", "lvl": "DEBUG", "cat": "dependency", "component": "storage_service", "msg": "DuckDB not available — skipping read"}
{"ts": "2026-05-11T10:00:02.350Z", "lvl": "DEBUG", "cat": "dependency", "component": "storage_service", "msg": "DuckDB not available — skipping read"}
{"ts": "2026-05-11T10:00:03.971Z", "lvl": "DEBUG", "cat": "dependency", "component": "storage_service", "msg": "DuckDB not available — skipping read"}
{"ts": "2026-05-11T10:00:05.600Z", "lvl": "DEBUG", "cat": "dependency", "component": "storage_service", "msg": "DuckDB not available — skipping read"}
{"ts": "2026-05-11T10:00:07.221Z", "lvl": "DEBUG", "cat": "dependency", "component": "storage_service", "msg": "DuckDB not available — skipping read"}
{"ts": "2026-05-11T10:00:07.231Z", "lvl": "DEBUG", "cat": "dependency", "component": "storage_service", "msg": "DuckDB not available — skipping read"}
{"ts": "2026-05-11T10:00:08.855Z", "lvl": "DEBUG", "cat": "dependency", "component": "storage_service", "msg": "DuckDB not available — skipping read"}
{"ts": "2026-05-11T10:00:10.479Z", "lvl": "DEBUG", "cat": "dependency", "component": "storage_service", "msg": "DuckDB not available — skipping read"}
{"ts": "2026-05-11T10:00:12.106Z", "lvl": "DEBUG", "cat": "dependency", "component": "storage_service", "msg": "DuckDB not available — skipping read"}
{"ts": "2026-05-11T10:00:13.732Z", "lvl": "DEBUG", "cat": "dependency", "component": "storage_service", "msg": "DuckDB not available — skipping read"}
{"ts": "2026-05-11T10:00:15.355Z", "lvl": "DEBUG", "cat": "dependency", "component": "storage_service", "msg": "DuckDB not available — skipping read"}
{"ts": "2026-05-11T10:00:16.982Z", "lvl": "DEBUG", "cat": "dependency", "component": "storage_service", "msg": "DuckDB not available — skipping read"}
{"ts": "2026-05-11T10:00:18.640Z", "lvl": "DEBUG", "cat": "dependency", "component": "storage_service", "msg": "DuckDB not available — skipping read"}
{"ts": "2026-05-11T10:00:20.305Z", "lvl": "DEBUG", "cat": "dependency", "component": "storage_service", "msg": "DuckDB not available — skipping read"}
{"ts": "2026-05-11T10:00:21.953Z", "lvl": "DEBUG", "cat": "dependency", "component": "storage_service", "msg": "DuckDB not available — skipping read"}
{"ts": "2026-05-11T10:00:23.653Z", "lvl": "DEBUG", "cat": "dependency", "component": "storage_service", "msg": "DuckDB not available — skipping read"}
{"ts": "2026-05-11T10:00:25.292Z", "lvl": "DEBUG", "cat": "dependency", "component": "storage_service", "msg": "DuckDB not available — skipping read"}
{"ts": "2026-05-11T10:00:26.921Z", "lvl": "DEBUG", "cat": "dependency", "component": "storage_service", "msg": "DuckDB not available — skipping read"}
{"ts": "2026-05-11T10:00:28.561Z", "lvl": "DEBUG", "cat": "dependency", "component": "storage_service", "msg": "DuckDB not available — skipping read"}
{"ts": "2026-05-11T10:00:30.198Z", "lvl": "DEBUG", "cat": "dependency", "component": "storage_service", "msg": "DuckDB not available — skipping read"}
{"ts": "2026-05-11T10:00:31.834Z", "lvl": "DEBUG", "cat": "dependency", "component": "storage_service", "msg": "DuckDB not available — skipping read"}
{"ts": "2026-05-11T10:00:33.494Z", "lvl": "DEBUG", "cat": "dependency", "component": "storage_service", "msg": "DuckDB not available — skipping read"}
{"ts": "2026-05-11T10:00:35.136Z", "lvl": "DEBUG", "cat": "dependency", "component": "storage_service", "msg": "DuckDB not available — skipping read"}
{"ts": "2026-05-11T10:00:36.768Z", "lvl": "DEBUG", "cat": "dependency", "component": "storage_service", "msg": "DuckDB not available — skipping read"}
{"ts": "2026-05-11T10:00:38.406Z", "lvl": "DEBUG", "cat": "dependency", "component": "storage_service", "msg": "DuckDB not available — skipping read"}
{"ts": "2026-05-11T10:00:40.037Z", "lvl": "DEBUG", "cat": "dependency", "component": "storage_service", "msg": "DuckDB not available — skipping read"}
{"ts": "2026-05-11T10:00:41.668Z", "lvl": "DEBUG", "cat": "dependency", "component": "storage_service", "msg": "DuckDB not available — skipping read"}
{"ts": "2026-05-11T10:00:43.292Z", "lvl": "DEBUG", "cat": "dependency", "component": "storage_service", "msg": "DuckDB not available — skipping read"}
{"ts": "2026-05-11T10:00:44.919Z", "lvl": "DEBUG", "cat": "dependency", "component": "storage_service", "msg": "DuckDB not available — skipping read"}
{"ts": "2026-05-11T10:00:46.547Z", "lvl": "DEBUG", "cat": "dependency", "component": "storage_service", "msg": "DuckDB not available — skipping read"}
{"ts": "2026-05-11T10:00:48.176Z", "lvl": "DEBUG", "cat": "dependency", "component": "storage_service", "msg": "DuckDB not available — skipping read"}
{"ts": "2026-05-11T10:00:49.818Z", "lvl": "DEBUG", "cat": "dependency", "component": "storage_service", "msg": "DuckDB not available — skipping read"}
{"ts": "2026-05-11T10:00:51.449Z", "lvl": "DEBUG", "cat": "dependency", "component": "storage_service", "msg": "DuckDB not available — skipping read"}
{"ts": "2026-05-11T10:00:53.075Z", "lvl": "DEBUG", "cat": "dependency", "component": "storage_service", "msg": "DuckDB not available — skipping read"}
{"ts": "2026-05-11T10:00:54.706Z", "lvl": "DEBUG", "cat": "dependency", "component": "storage_service", "msg": "DuckDB not available — skipping read"}
{"ts": "2026-05-11T10:00:56.336Z", "lvl": "DEBUG", "cat": "dependency", "component": "storage_service", "msg": "DuckDB not available — skipping read"}
{"ts": "2026-05-11T10:00:57.961Z", "lvl": "DEBUG", "cat": "dependency", "component": "storage_service", "msg": "DuckDB not available — skipping read"}
{"ts": "2026-05-11T10:00:59.585Z", "lvl": "DEBUG", "cat": "dependency", "component": "storage_service", "msg": "DuckDB not available — skipping read"}
{"ts": "2026-05-11T10:01:01.226Z", "lvl": "DEBUG", "cat": "dependency", "component": "storage_service", "msg": "DuckDB not available — skipping read"}
{"ts": "2026-05-11T10:01:02.869Z", "lvl": "DEBUG", "cat": "dependency", "component": "storage_service", "msg": "DuckDB not available — skipping read"}
{"ts": "2026-05-11T10:01:04.506Z", "lvl": "DEBUG", "cat": "dependency", "component": "storage_service", "msg": "DuckDB not available — skipping read"}
{"ts": "2026-05-11T10:01:06.126Z", "lvl": "DEBUG", "cat": "dependency", "component": "storage_service", "msg": "DuckDB not available — skipping read"}
{"ts": "2026-05-11T10:01:07.747Z", "lvl": "DEBUG", "cat": "dependency", "component": "storage_service", "msg": "DuckDB not available — skipping read"}
{"ts": "2026-05-11T10:01:09.373Z", "lvl": "DEBUG", "cat": "dependency", "component": "storage_service", "msg": "DuckDB not available — skipping read"}
{"ts": "2026-05-11T10:01:11.007Z", "lvl": "DEBUG", "cat": "dependency", "component": "storage_service", "msg": "DuckDB not available — skipping read"}
{"ts": "2026-05-11T10:01:12.648Z", "lvl": "DEBUG", "cat": "dependency", "component": "storage_service", "msg": "DuckDB not available — skipping read"}
{"ts": "2026-05-11T10:01:14.276Z", "lvl": "DEBUG", "cat": "dependency", "component": "storage_service", "msg": "DuckDB not available — skipping read"}
{"ts": "2026-05-11T10:01:15.906Z", "lvl": "DEBUG", "cat": "dependency", "component": "storage_service", "msg": "DuckDB not available — skipping read"}
{"ts": "2026-05-11T10:01:17.536Z", "lvl": "DEBUG", "cat": "dependency", "component": "storage_service", "msg": "DuckDB not available — skipping read"}
{"ts": "2026-05-11T10:01:19.166Z", "lvl": "DEBUG", "cat": "dependency", "component": "storage_service", "msg": "DuckDB not available — skipping read"}
{"ts": "2026-05-11T10:01:20.795Z", "lvl": "DEBUG", "cat": "dependency", "component": "storage_service", "msg": "DuckDB not available — skipping read"}
{"ts": "2026-05-11T10:01:22.436Z", "lvl": "DEBUG", "cat": "dependency", "component": "storage_service", "msg": "DuckDB not available — skipping read"}
{"ts": "2026-05-11T10:01:24.074Z", "lvl": "DEBUG", "cat": "dependency", "component": "storage_service", "msg": "DuckDB not available — skipping read"}
{"ts": "2026-05-11T10:01:25.711Z", "lvl": "DEBUG", "cat": "dependency", "component": "storage_service", "msg": "DuckDB not available — skipping read"}
{"ts": "2026-05-11T10:01:27.352Z", "lvl": "DEBUG", "cat": "dependency", "component": "storage_service", "msg": "DuckDB not available — skipping read"}
{"ts": "2026-05-11T10:01:28.990Z", "lvl": "DEBUG", "cat": "dependency", "component": "storage_service", "msg": "DuckDB not available — skipping read"}
{"ts": "2026-05-11T10:01:30.628Z", "lvl": "DEBUG", "cat": "dependency", "component": "storage_service", "msg": "DuckDB not available — skipping read"}
{"ts": "2026-05-11T10:01:32.252Z", "lvl": "DEBUG", "cat": "dependency", "component": "storage_service", "msg": "DuckDB not available — skipping read"}
{"ts": "2026-05-11T10:01:33.885Z", "lvl": "DEBUG", "cat": "dependency", "component": "storage_service", "msg": "DuckDB not available — skipping read"}
{"ts": "2026-05-11T10:01:35.520Z", "lvl": "DEBUG", "cat": "dependency", "component": "storage_service", "msg": "DuckDB not available — skipping read"}
{"ts": "2026-05-11T10:01:37.153Z", "lvl": "DEBUG", "cat": "dependency", "component": "storage_service", "msg": "DuckDB not available — skipping read"}
{"ts": "2026-05-11T10:01:38.789Z", "lvl": "DEBUG", "cat": "dependency", "component": "storage_service", "msg": "DuckDB not available — skipping read"}
{"ts": "2026-05-11T10:01:40.424Z", "lvl": "DEBUG", "cat": "dependency", "component": "storage_service", "msg": "DuckDB not available — skipping read"}
{"ts": "2026-05-11T10:01:42.051Z", "lvl": "DEBUG", "cat": "dependency", "component": "storage_service", "msg": "DuckDB not available — skipping read"}
{"ts": "2026-05-11T10:01:43.686Z", "lvl": "DEBUG", "cat": "dependency", "component": "storage_service", "msg": "DuckDB not available — skipping read"}
{"ts": "2026-05-11T10:01:45.378Z", "lvl": "DEBUG", "cat": "dependency", "component": "storage_service", "msg": "DuckDB not available — skipping read"}
{"ts": "2026-05-11T10:01:47.040Z", "lvl": "DEBUG", "cat": "dependency", "component": "storage_service", "msg": "DuckDB not available — skipping read"}
{"ts": "2026-05-11T10:01:48.674Z", "lvl": "DEBUG", "cat": "dependency", "component": "storage_service", "msg": "DuckDB not available — skipping read"}
{"ts": "2026-05-11T10:01:50.303Z", "lvl": "DEBUG", "cat": "dependency", "component": "storage_service", "msg": "DuckDB not available — skipping read"}
{"ts": "2026-05-11T10:01:51.933Z", "lvl": "DEBUG", "cat": "dependency", "component": "storage_service", "msg": "DuckDB not available — skipping read"}
{"ts": "2026-05-11T10:01:53.559Z", "lvl": "DEBUG", "cat": "dependency", "component": "storage_service", "msg": "DuckDB not available — skipping read"}
{"ts": "2026-05-11T10:01:55.186Z", "lvl": "DEBUG", "cat": "dependency", "component": "storage_service", "msg": "DuckDB not available — skipping read"}
{"ts": "2026-05-11T10:01:56.818Z", "lvl": "DEBUG", "cat": "dependency", "component": "storage_service", "msg": "DuckDB not available — skipping read"}
{"ts": "2026-05-11T10:01:58.456Z", "lvl": "DEBUG", "cat": "dependency", "component": "storage_service", "msg": "DuckDB not available — skipping read"}
{"ts": "2026-05-11T10:02:00.085Z", "lvl": "DEBUG", "cat": "dependency", "component": "storage_service", "msg": "DuckDB not available — skipping read"}
{"ts": "2026-05-11T10:02:01.713Z", "lvl": "DEBUG", "cat": "dependency", "component": "storage_service", "msg": "DuckDB not available — skipping read"}
{"ts": "2026-05-11T10:02:03.342Z", "lvl": "DEBUG", "cat": "dependency", "component": "storage_service", "msg": "DuckDB not available — skipping read"}
{"ts": "2026-05-11T10:02:04.974Z", "lvl": "DEBUG", "cat": "dependency", "component": "storage_service", "msg": "DuckDB not available — skipping read"}
{"ts": "2026-05-11T10:02:06.611Z", "lvl": "DEBUG", "cat": "dependency", "component": "storage_service", "msg": "DuckDB not available — skipping read"}
{"ts": "2026-05-11T10:02:08.242Z", "lvl": "DEBUG", "cat": "dependency", "component": "storage_service", "msg": "DuckDB not available — skipping read"}
{"ts": "2026-05-11T10:02:08.251Z", "lvl": "DEBUG", "cat": "dependency", "component": "storage_service", "msg": "DuckDB not available — skipping read"}
{"ts": "2026-05-11T10:02:09.878Z", "lvl": "DEBUG", "cat": "dependency", "component": "storage_service", "msg": "DuckDB not available — skipping read"}
{"ts": "2026-05-11T10:02:11.502Z", "lvl": "DEBUG", "cat": "dependency", "component": "storage_service", "msg": "DuckDB not available — skipping read"}
{"ts": "2026-05-11T10:02:13.126Z", "lvl": "DEBUG", "cat": "dependency", "component": "storage_service", "msg": "DuckDB not available — skipping read"}
{"ts": "2026-05-11T10:02:14.751Z", "lvl": "DEBUG", "cat": "dependency", "component": "storage_service", "msg": "DuckDB not available — skipping read"}
{"ts": "2026-05-11T10:02:16.375Z", "lvl": "DEBUG", "cat": "dependency", "component": "storage_service", "msg": "DuckDB not available — skipping read"}
{"ts": "2026-05-11T10:02:17.993Z", "lvl": "DEBUG", "cat": "dependency", "component": "storage_service", "msg": "DuckDB not available — skipping read"}
{"ts": "2026-05-11T10:02:19.625Z", "lvl": "DEBUG", "cat": "dependency", "component": "storage_service", "msg": "DuckDB not available — skipping read"}
{"ts": "2026-05-11T10:02:21.269Z", "lvl": "DEBUG", "cat": "dependency", "component": "storage_service", "msg": "DuckDB not available — skipping read"}
{"ts": "2026-05-11T10:02:22.904Z", "lvl": "DEBUG", "cat": "dependency", "component": "storage_service", "msg": "DuckDB not available — skipping read"}
{"ts": "2026-05-11T10:02:24.532Z", "lvl": "DEBUG", "cat": "dependency", "component": "storage_service", "msg": "DuckDB not available — skipping read"}
{"ts": "2026-05-11T10:02:26.170Z", "lvl": "DEBUG", "cat": "dependency", "component": "storage_service", "msg": "DuckDB not available — skipping read"}
{"ts": "2026-05-11T10:02:27.824Z", "lvl": "DEBUG", "cat": "dependency", "component": "storage_service", "msg": "DuckDB not available — skipping read"}
{"ts": "2026-05-11T10:02:29.458Z", "lvl": "DEBUG", "cat": "dependency", "component": "storage_service", "msg": "DuckDB not available — skipping read"}
{"ts": "2026-05-11T10:02:31.075Z", "lvl": "DEBUG", "cat": "dependency", "component": "storage_service", "msg": "DuckDB not available — skipping read"}
{"ts": "2026-05-11T10:02:32.701Z", "lvl": "DEBUG", "cat": "dependency", "component": "storage_service", "msg": "DuckDB not available — skipping read"}
{"ts": "2026-05-11T10:02:34.332Z", "lvl": "DEBUG", "cat": "dependency", "component": "storage_service", "msg": "DuckDB not available — skipping read"}
{"ts": "2026-05-11T10:02:35.964Z", "lvl": "DEBUG", "cat": "dependency", "component": "storage_service", "msg": "DuckDB not available — skipping read"}
{"ts": "2026-05-11T10:02:37.592Z", "lvl": "DEBUG", "cat": "dependency", "component": "storage_service", "msg": "DuckDB not available — skipping read"}
{"ts": "2026-05-11T10:02:39.217Z", "lvl": "DEBUG", "cat": "dependency", "component": "storage_service", "msg": "DuckDB not available — skipping read"}
{"ts": "2026-05-11T10:02:40.845Z", "lvl": "DEBUG", "cat": "dependency", "component": "storage_service", "msg": "DuckDB not available — skipping read"}
{"ts": "2026-05-11T10:02:42.475Z", "lvl": "DEBUG", "cat": "dependency", "component": "storage_service", "msg": "DuckDB not available — skipping read"}
{"ts": "2026-05-11T10:02:44.097Z", "lvl": "DEBUG", "cat": "dependency", "component": "storage_service", "msg": "DuckDB not available — skipping read"}
{"ts": "2026-05-11T10:02:45.726Z", "lvl": "DEBUG", "cat": "dependency", "component": "storage_service", "msg": "DuckDB not available — skipping read"}
{"ts": "2026-05-11T10:02:47.360Z", "lvl": "DEBUG", "cat": "dependency", "component": "storage_service", "msg": "DuckDB not available — skipping read"}
{"ts": "2026-05-11T10:02:48.989Z", "lvl": "DEBUG", "cat": "dependency", "component": "storage_service", "msg": "DuckDB not available — skipping read"}
{"ts": "2026-05-11T10:02:50.617Z", "lvl": "DEBUG", "cat": "dependency", "component": "storage_service", "msg": "DuckDB not available — skipping read"}
{"ts": "2026-05-11T10:02:52.244Z", "lvl": "DEBUG", "cat": "dependency", "component": "storage_service", "msg": "DuckDB not available — skipping read"}
{"ts": "2026-05-11T10:02:53.870Z", "lvl": "DEBUG", "cat": "dependency", "component": "storage_service", "msg": "DuckDB not available — skipping read"}
{"ts": "2026-05-11T10:02:55.494Z", "lvl": "DEBUG", "cat": "dependency", "component": "storage_service", "msg": "DuckDB not available — skipping read"}
{"ts": "2026-05-11T10:02:57.110Z", "lvl": "DEBUG", "cat": "dependency", "component": "storage_service", "msg": "DuckDB not available — skipping read"}
{"ts": "2026-05-11T10:02:58.740Z", "lvl": "DEBUG", "cat": "dependency", "component": "storage_service", "msg": "DuckDB not available — skipping read"}
{"ts": "2026-05-11T10:03:00.371Z", "lvl": "DEBUG", "cat": "dependency", "component": "storage_service", "msg": "DuckDB not available — skipping read"}
{"ts": "2026-05-11T10:03:01.998Z", "lvl": "DEBUG", "cat": "dependency", "component": "storage_service", "msg": "DuckDB not available — skipping read"}
{"ts": "2026-05-11T10:03:03.623Z", "lvl": "DEBUG", "cat": "dependency", "component": "storage_service", "msg": "DuckDB not available — skipping read"}
{"ts": "2026-05-11T10:03:05.243Z", "lvl": "DEBUG", "cat": "dependency", "component": "storage_service", "msg": "DuckDB not available — skipping read"}
{"ts": "2026-05-11T10:03:06.895Z", "lvl": "DEBUG", "cat": "dependency", "component": "storage_service", "msg": "DuckDB not available — skipping read"}
{"ts": "2026-05-11T10:03:08.533Z", "lvl": "DEBUG", "cat": "dependency", "component": "storage_service", "msg": "DuckDB not available — skipping read"}
{"ts": "2026-05-11T10:03:10.160Z", "lvl": "DEBUG", "cat": "dependency", "component": "storage_service", "msg": "DuckDB not available — skipping read"}
{"ts": "2026-05-11T10:03:11.791Z", "lvl": "DEBUG", "cat": "dependency", "component": "storage_service", "msg": "DuckDB not available — skipping read"}
{"ts": "2026-05-11T10:03:13.419Z", "lvl": "DEBUG", "cat": "dependency", "component": "storage_service", "msg": "DuckDB not available — skipping read"}
{"ts": "2026-05-11T10:03:15.062Z", "lvl": "DEBUG", "cat": "dependency", "component": "storage_service", "msg": "DuckDB not available — skipping read"}
{"ts": "2026-05-11T10:03:16.705Z", "lvl": "DEBUG", "cat": "dependency", "component": "storage_service", "msg": "DuckDB not available — skipping read"}
{"ts": "2026-05-11T10:03:18.364Z", "lvl": "DEBUG", "cat": "dependency", "component": "storage_service", "msg": "DuckDB not available — skipping read"}
{"ts": "2026-05-11T10:03:20.009Z", "lvl": "DEBUG", "cat": "dependency", "component": "storage_service", "msg": "DuckDB not available — skipping read"}
{"ts": "2026-05-11T10:03:21.629Z", "lvl": "DEBUG", "cat": "dependency", "component": "storage_service", "msg": "DuckDB not available — skipping read"}
{"ts": "2026-05-11T10:03:23.255Z", "lvl": "DEBUG", "cat": "dependency", "component": "storage_service", "msg": "DuckDB not available — skipping read"}
{"ts": "2026-05-11T10:03:24.888Z", "lvl": "DEBUG", "cat": "dependency", "component": "storage_service", "msg": "DuckDB not available — skipping read"}
{"ts": "2026-05-11T10:03:26.513Z", "lvl": "DEBUG", "cat": "dependency", "component": "storage_service", "msg": "DuckDB not available — skipping read"}
{"ts": "2026-05-11T10:03:28.158Z", "lvl": "DEBUG", "cat": "dependency", "component": "storage_service", "msg": "DuckDB not available — skipping read"}
{"ts": "2026-05-11T10:03:29.800Z", "lvl": "DEBUG", "cat": "dependency", "component": "storage_service", "msg": "DuckDB not available — skipping read"}
{"ts": "2026-05-11T10:03:31.427Z", "lvl": "DEBUG", "cat": "dependency", "component": "storage_service", "msg": "DuckDB not available — skipping read"}
{"ts": "2026-05-11T10:03:33.047Z", "lvl": "DEBUG", "cat": "dependency", "component": "storage_service", "msg": "DuckDB not available — skipping read"}
{"ts": "2026-05-11T10:03:34.671Z", "lvl": "DEBUG", "cat": "dependency", "component": "storage_service", "msg": "DuckDB not available — skipping read"}
{"ts": "2026-05-11T10:03:36.291Z", "lvl": "DEBUG", "cat": "dependency", "component": "storage_service", "msg": "DuckDB not available — skipping read"}
{"ts": "2026-05-11T10:03:37.921Z", "lvl": "DEBUG", "cat": "dependency", "component": "storage_service", "msg": "DuckDB not available — skipping read"}
{"ts": "2026-05-11T10:03:39.593Z", "lvl": "DEBUG", "cat": "dependency", "component": "storage_service", "msg": "DuckDB not available — skipping read"}
{"ts": "2026-05-11T10:03:41.226Z", "lvl": "DEBUG", "cat": "dependency", "component": "storage_service", "msg": "DuckDB not available — skipping read"}
{"ts": "2026-05-11T10:03:42.855Z", "lvl": "DEBUG", "cat": "dependency", "component": "storage_service", "msg": "DuckDB not available — skipping read"}
{"ts": "2026-05-11T10:03:44.478Z", "lvl": "DEBUG", "cat": "dependency", "component": "storage_service", "msg": "DuckDB not available — skipping read"}
{"ts": "2026-05-11T10:03:46.105Z", "lvl": "DEBUG", "cat": "dependency", "component": "storage_service", "msg": "DuckDB not available — skipping read"}
{"ts": "2026-05-11T10:03:47.727Z", "lvl": "DEBUG", "cat": "dependency", "component": "storage_service", "msg": "DuckDB not available — skipping read"}
{"ts": "2026-05-11T10:03:49.370Z", "lvl": "DEBUG", "cat": "dependency", "component": "storage_service", "msg": "DuckDB not available — skipping read"}
{"ts": "2026-05-11T10:03:51.029Z", "lvl": "DEBUG", "cat": "dependency", "component": "storage_service", "msg": "DuckDB not available — skipping read"}
{"ts": "2026-05-11T10:03:52.654Z", "lvl": "DEBUG", "cat": "dependency", "component": "storage_service", "msg": "DuckDB not available — skipping read"}
{"ts": "2026-05-11T10:03:54.299Z", "lvl": "DEBUG", "cat": "dependency", "component": "storage_service", "msg": "DuckDB not available — skipping read"}
{"ts": "2026-05-11T10:03:55.942Z", "lvl": "DEBUG", "cat": "dependency", "component": "storage_service", "msg": "DuckDB not available — skipping read"}
{"ts": "2026-05-11T10:03:57.573Z", "lvl": "DEBUG", "cat": "dependency", "component": "storage_service", "msg": "DuckDB not available — skipping read"}
{"ts": "2026-05-11T10:03:59.205Z", "lvl": "DEBUG", "cat": "dependency", "component": "storage_service", "msg": "DuckDB not available — skipping read"}
{"ts": "2026-05-11T10:04:00.853Z", "lvl": "DEBUG", "cat": "dependency", "component": "storage_service", "msg": "DuckDB not available — skipping read"}
{"ts": "2026-05-11T10:04:02.492Z", "lvl": "DEBUG", "cat": "dependency", "component": "storage_service", "msg": "DuckDB not available — skipping read"}
{"ts": "2026-05-11T10:04:04.114Z", "lvl": "DEBUG", "cat": "dependency", "component": "storage_service", "msg": "DuckDB not available — skipping read"}
{"ts": "2026-05-11T10:04:05.738Z", "lvl": "DEBUG", "cat": "dependency", "component": "storage_service", "msg": "DuckDB not available — skipping read"}
{"ts": "2026-05-11T10:04:07.393Z", "lvl": "DEBUG", "cat": "dependency", "component": "storage_service", "msg": "DuckDB not available — skipping read"}
{"ts": "2026-05-11T10:04:09.026Z", "lvl": "DEBUG", "cat": "dependency", "component": "storage_service", "msg": "DuckDB not available — skipping read"}
{"ts": "2026-05-11T10:04:09.034Z", "lvl": "DEBUG", "cat": "dependency", "component": "storage_service", "msg": "DuckDB not available — skipping read"}
{"ts": "2026-05-11T10:04:10.654Z", "lvl": "DEBUG", "cat": "dependency", "component": "storage_service", "msg": "DuckDB not available — skipping read"}
{"ts": "2026-05-11T10:04:12.273Z", "lvl": "DEBUG", "cat": "dependency", "component": "storage_service", "msg": "DuckDB not available — skipping read"}
{"ts": "2026-05-11T10:04:13.900Z", "lvl": "DEBUG", "cat": "dependency", "component": "storage_service", "msg": "DuckDB not available — skipping read"}
{"ts": "2026-05-11T10:04:15.516Z", "lvl": "DEBUG", "cat": "dependency", "component": "storage_service", "msg": "DuckDB not available — skipping read"}
{"ts": "2026-05-11T10:04:17.143Z", "lvl": "DEBUG", "cat": "dependency", "component": "storage_service", "msg": "DuckDB not available — skipping read"}
{"ts": "2026-05-11T10:04:18.772Z", "lvl": "DEBUG", "cat": "dependency", "component": "storage_service", "msg": "DuckDB not available — skipping read"}
{"ts": "2026-05-11T10:04:20.395Z", "lvl": "DEBUG", "cat": "dependency", "component": "storage_service", "msg": "DuckDB not available — skipping read"}
{"ts": "2026-05-11T10:04:22.017Z", "lvl": "DEBUG", "cat": "dependency", "component": "storage_service", "msg": "DuckDB not available — skipping read"}
{"ts": "2026-05-11T10:04:23.634Z", "lvl": "DEBUG", "cat": "dependency", "component": "storage_service", "msg": "DuckDB not available — skipping read"}
{"ts": "2026-05-11T10:04:25.268Z", "lvl": "DEBUG", "cat": "dependency", "component": "storage_service", "msg": "DuckDB not available — skipping read"}
{"ts": "2026-05-11T10:04:26.893Z", "lvl": "DEBUG", "cat": "dependency", "component": "storage_service", "msg": "DuckDB not available — skipping read"}
{"ts": "2026-05-11T10:04:28.505Z", "lvl": "DEBUG", "cat": "dependency", "component": "storage_service", "msg": "DuckDB not available — skipping read"}
{"ts": "2026-05-11T10:04:30.129Z", "lvl": "DEBUG", "cat": "dependency", "component": "storage_service", "msg": "DuckDB not available — skipping read"}
{"ts": "2026-05-11T10:04:31.752Z", "lvl": "DEBUG", "cat": "dependency", "component": "storage_service", "msg": "DuckDB not available — skipping read"}
{"ts": "2026-05-11T10:04:33.385Z", "lvl": "DEBUG", "cat": "dependency", "component": "storage_service", "msg": "DuckDB not available — skipping read"}
{"ts": "2026-05-11T10:04:35.027Z", "lvl": "DEBUG", "cat": "dependency", "component": "storage_service", "msg": "DuckDB not available — skipping read"}
{"ts": "2026-05-11T10:04:36.675Z", "lvl": "DEBUG", "cat": "dependency", "component": "storage_service", "msg": "DuckDB not available — skipping read"}
{"ts": "2026-05-11T10:04:38.297Z", "lvl": "DEBUG", "cat": "dependency", "component": "storage_service", "msg": "DuckDB not available — skipping read"}
{"ts": "2026-05-11T10:04:39.925Z", "lvl": "DEBUG", "cat": "dependency", "component": "storage_service", "msg": "DuckDB not available — skipping read"}
{"ts": "2026-05-11T10:04:41.551Z", "lvl": "DEBUG", "cat": "dependency", "component": "storage_service", "msg": "DuckDB not available — skipping read"}
{"ts": "2026-05-11T10:04:43.176Z", "lvl": "DEBUG", "cat": "dependency", "component": "storage_service", "msg": "DuckDB not available — skipping read"}
{"ts": "2026-05-11T10:04:44.817Z", "lvl": "DEBUG", "cat": "dependency", "component": "storage_service", "msg": "DuckDB not available — skipping read"}
{"ts": "2026-05-11T10:04:46.466Z", "lvl": "DEBUG", "cat": "dependency", "component": "storage_service", "msg": "DuckDB not available — skipping read"}
{"ts": "2026-05-11T10:04:48.090Z", "lvl": "DEBUG", "cat": "dependency", "component": "storage_service", "msg": "DuckDB not available — skipping read"}
{"ts": "2026-05-11T10:04:49.709Z", "lvl": "DEBUG", "cat": "dependency", "component": "storage_service", "msg": "DuckDB not available — skipping read"}
{"ts": "2026-05-11T10:04:51.324Z", "lvl": "DEBUG", "cat": "dependency", "component": "storage_service", "msg": "DuckDB not available — skipping read"}
{"ts": "2026-05-11T10:04:52.969Z", "lvl": "DEBUG", "cat": "dependency", "component": "storage_service", "msg": "DuckDB not available — skipping read"}
{"ts": "2026-05-11T10:04:54.610Z", "lvl": "DEBUG", "cat": "dependency", "component": "storage_service", "msg": "DuckDB not available — skipping read"}
{"ts": "2026-05-11T10:04:56.243Z", "lvl": "DEBUG", "cat": "dependency", "component": "storage_service", "msg": "DuckDB not available — skipping read"}
{"ts": "2026-05-11T10:04:57.866Z", "lvl": "DEBUG", "cat": "dependency", "component": "storage_service", "msg": "DuckDB not available — skipping read"}
{"ts": "2026-05-11T10:04:59.486Z", "lvl": "DEBUG", "cat": "dependency", "component": "storage_service", "msg": "DuckDB not available — skipping read"}
{"ts": "2026-05-11T10:05:01.104Z", "lvl": "DEBUG", "cat": "dependency", "component": "storage_service", "msg": "DuckDB not available — skipping read"}
{"ts": "2026-05-11T10:05:02.723Z", "lvl": "DEBUG", "cat": "dependency", "component": "storage_service", "msg": "DuckDB not available — skipping read"}
{"ts": "2026-05-11T10:05:04.354Z", "lvl": "DEBUG", "cat": "dependency", "component": "storage_service", "msg": "DuckDB not available — skipping read"}
{"ts": "2026-05-11T10:05:05.985Z", "lvl": "DEBUG", "cat": "dependency", "component": "storage_service", "msg": "DuckDB not available — skipping read"}
{"ts": "2026-05-11T10:05:07.606Z", "lvl": "DEBUG", "cat": "dependency", "component": "storage_service", "msg": "DuckDB not available — skipping read"}
{"ts": "2026-05-11T10:05:09.225Z", "lvl": "DEBUG", "cat": "dependency", "component": "storage_service", "msg": "DuckDB not available — skipping read"}
{"ts": "2026-05-11T10:05:10.841Z", "lvl": "DEBUG", "cat": "dependency", "component": "storage_service", "msg": "DuckDB not available — skipping read"}
{"ts": "2026-05-11T10:05:12.464Z", "lvl": "DEBUG", "cat": "dependency", "component": "storage_service", "msg": "DuckDB not available — skipping read"}
{"ts": "2026-05-11T10:05:14.089Z", "lvl": "DEBUG", "cat": "dependency", "component": "storage_service", "msg": "DuckDB not available — skipping read"}
{"ts": "2026-05-11T10:05:15.716Z", "lvl": "DEBUG", "cat": "dependency", "component": "storage_service", "msg": "DuckDB not available — skipping read"}
{"ts": "2026-05-11T10:05:17.345Z", "lvl": "DEBUG", "cat": "dependency", "component": "storage_service", "msg": "DuckDB not available — skipping read"}
{"ts": "2026-05-11T10:05:18.961Z", "lvl": "DEBUG", "cat": "dependency", "component": "storage_service", "msg": "DuckDB not available — skipping read"}
{"ts": "2026-05-11T10:05:20.578Z", "lvl": "DEBUG", "cat": "dependency", "component": "storage_service", "msg": "DuckDB not available — skipping read"}
{"ts": "2026-05-11T10:05:22.192Z", "lvl": "DEBUG", "cat": "dependency", "component": "storage_service", "msg": "DuckDB not available — skipping read"}
{"ts": "2026-05-11T10:05:23.868Z", "lvl": "DEBUG", "cat": "dependency", "component": "storage_service", "msg": "DuckDB not available — skipping read"}
{"ts": "2026-05-11T10:05:25.495Z", "lvl": "DEBUG", "cat": "dependency", "component": "storage_service", "msg": "DuckDB not available — skipping read"}
{"ts": "2026-05-11T10:05:27.123Z", "lvl": "DEBUG", "cat": "dependency", "component": "storage_service", "msg": "DuckDB not available — skipping read"}
{"ts": "2026-05-11T10:05:28.762Z", "lvl": "DEBUG", "cat": "dependency", "component": "storage_service", "msg": "DuckDB not available — skipping read"}
{"ts": "2026-05-11T10:05:30.378Z", "lvl": "DEBUG", "cat": "dependency", "component": "storage_service", "msg": "DuckDB not available — skipping read"}
{"ts": "2026-05-11T10:05:32.003Z", "lvl": "DEBUG", "cat": "dependency", "component": "storage_service", "msg": "DuckDB not available — skipping read"}
{"ts": "2026-05-11T10:05:33.639Z", "lvl": "DEBUG", "cat": "dependency", "component": "storage_service", "msg": "DuckDB not available — skipping read"}
{"ts": "2026-05-11T10:05:35.282Z", "lvl": "DEBUG", "cat": "dependency", "component": "storage_service", "msg": "DuckDB not available — skipping read"}
{"ts": "2026-05-11T10:05:36.918Z", "lvl": "DEBUG", "cat": "dependency", "component": "storage_service", "msg": "DuckDB not available — skipping read"}
{"ts": "2026-05-11T10:05:38.543Z", "lvl": "DEBUG", "cat": "dependency", "component": "storage_service", "msg": "DuckDB not available — skipping read"}
{"ts": "2026-05-11T10:05:40.168Z", "lvl": "DEBUG", "cat": "dependency", "component": "storage_service", "msg": "DuckDB not available — skipping read"}
{"ts": "2026-05-11T10:05:41.798Z", "lvl": "DEBUG", "cat": "dependency", "component": "storage_service", "msg": "DuckDB not available — skipping read"}
{"ts": "2026-05-11T10:05:43.444Z", "lvl": "DEBUG", "cat": "dependency", "component": "storage_service", "msg": "DuckDB not available — skipping read"}
{"ts": "2026-05-11T10:05:45.076Z", "lvl": "DEBUG", "cat": "dependency", "component": "storage_service", "msg": "DuckDB not available — skipping read"}
{"ts": "2026-05-11T10:05:46.706Z", "lvl": "DEBUG", "cat": "dependency", "component": "storage_service", "msg": "DuckDB not available — skipping read"}
{"ts": "2026-05-11T10:05:48.367Z", "lvl": "DEBUG", "cat": "dependency", "component": "storage_service", "msg": "DuckDB not available — skipping read"}
{"ts": "2026-05-11T10:05:50.009Z", "lvl": "DEBUG", "cat": "dependency", "component": "storage_service", "msg": "DuckDB not available — skipping read"}
{"ts": "2026-05-11T10:05:51.633Z", "lvl": "DEBUG", "cat": "dependency", "component": "storage_service", "msg": "DuckDB not available — skipping read"}
{"ts": "2026-05-11T10:05:53.266Z", "lvl": "DEBUG", "cat": "dependency", "component": "storage_service", "msg": "DuckDB not available — skipping read"}
{"ts": "2026-05-11T10:05:54.951Z", "lvl": "DEBUG", "cat": "dependency", "component": "storage_service", "msg": "DuckDB not available — skipping read"}
{"ts": "2026-05-11T10:05:56.587Z", "lvl": "DEBUG", "cat": "dependency", "component": "storage_service", "msg": "DuckDB not available — skipping read"}
{"ts": "2026-05-11T10:05:58.224Z", "lvl": "DEBUG", "cat": "dependency", "component": "storage_service", "msg": "DuckDB not available — skipping read"}
{"ts": "2026-05-11T10:05:59.861Z", "lvl": "DEBUG", "cat": "dependency", "component": "storage_service", "msg": "DuckDB not available — skipping read"}
{"ts": "2026-05-11T10:06:01.495Z", "lvl": "DEBUG", "cat": "dependency", "component": "storage_service", "msg": "DuckDB not available — skipping read"}
{"ts": "2026-05-11T10:06:03.131Z", "lvl": "DEBUG", "cat": "dependency", "component": "storage_service", "msg": "DuckDB not available — skipping read"}
{"ts": "2026-05-11T10:06:04.757Z", "lvl": "DEBUG", "cat": "dependency", "component": "storage_service", "msg": "DuckDB not available — skipping read"}
{"ts": "2026-05-11T10:06:06.385Z", "lvl": "DEBUG", "cat": "dependency", "component": "storage_service", "msg": "DuckDB not available — skipping read"}
{"ts": "2026-05-11T10:06:08.018Z", "lvl": "DEBUG", "cat": "dependency", "component": "storage_service", "msg": "DuckDB not available — skipping read"}
{"ts": "2026-05-11T10:06:09.642Z", "lvl": "DEBUG", "cat": "dependency", "component": "storage_service", "msg": "DuckDB not available — skipping read"}
{"ts": "2026-05-11T10:06:09.650Z", "lvl": "DEBUG", "cat": "dependency", "component": "storage_service", "msg": "DuckDB not available — skipping read"}
{"ts": "2026-05-11T10:06:11.268Z", "lvl": "DEBUG", "cat": "dependency", "component": "storage_service", "msg": "DuckDB not available — skipping read"}
{"ts": "2026-05-11T10:06:12.897Z", "lvl": "DEBUG", "cat": "dependency", "component": "storage_service", "msg": "DuckDB not available — skipping read"}
{"ts": "2026-05-11T10:06:14.533Z", "lvl": "DEBUG", "cat": "dependency", "component": "storage_service", "msg": "DuckDB not available — skipping read"}
{"ts": "2026-05-11T10:06:16.164Z", "lvl": "DEBUG", "cat": "dependency", "component": "storage_service", "msg": "DuckDB not available — skipping read"}
{"ts": "2026-05-11T10:06:17.790Z", "lvl": "DEBUG", "cat": "dependency", "component": "storage_service", "msg": "DuckDB not available — skipping read"}
{"ts": "2026-05-11T10:06:19.406Z", "lvl": "DEBUG", "cat": "dependency", "component": "storage_service", "msg": "DuckDB not available — skipping read"}
{"ts": "2026-05-11T10:06:21.038Z", "lvl": "DEBUG", "cat": "dependency", "component": "storage_service", "msg": "DuckDB not available — skipping read"}
{"ts": "2026-05-11T10:06:22.684Z", "lvl": "DEBUG", "cat": "dependency", "component": "storage_service", "msg": "DuckDB not available — skipping read"}
{"ts": "2026-05-11T10:06:24.312Z", "lvl": "DEBUG", "cat": "dependency", "component": "storage_service", "msg": "DuckDB not available — skipping read"}
{"ts": "2026-05-11T10:06:25.939Z", "lvl": "DEBUG", "cat": "dependency", "component": "storage_service", "msg": "DuckDB not available — skipping read"}
{"ts": "2026-05-11T10:06:27.568Z", "lvl": "DEBUG", "cat": "dependency", "component": "storage_service", "msg": "DuckDB not available — skipping read"}
{"ts": "2026-05-11T10:06:29.188Z", "lvl": "DEBUG", "cat": "dependency", "component": "storage_service", "msg": "DuckDB not available — skipping read"}
{"ts": "2026-05-11T10:06:30.825Z", "lvl": "DEBUG", "cat": "dependency", "component": "storage_service", "msg": "DuckDB not available — skipping read"}
{"ts": "2026-05-11T10:06:32.472Z", "lvl": "DEBUG", "cat": "dependency", "component": "storage_service", "msg": "DuckDB not available — skipping read"}
{"ts": "2026-05-11T10:06:34.095Z", "lvl": "DEBUG", "cat": "dependency", "component": "storage_service", "msg": "DuckDB not available — skipping read"}
{"ts": "2026-05-11T10:06:35.728Z", "lvl": "DEBUG", "cat": "dependency", "component": "storage_service", "msg": "DuckDB not available — skipping read"}
{"ts": "2026-05-11T10:06:37.374Z", "lvl": "DEBUG", "cat": "dependency", "component": "storage_service", "msg": "DuckDB not available — skipping read"}
{"ts": "2026-05-11T10:06:39.003Z", "lvl": "DEBUG", "cat": "dependency", "component": "storage_service", "msg": "DuckDB not available — skipping read"}
{"ts": "2026-05-11T10:06:40.649Z", "lvl": "DEBUG", "cat": "dependency", "component": "storage_service", "msg": "DuckDB not available — skipping read"}
{"ts": "2026-05-11T10:06:42.277Z", "lvl": "DEBUG", "cat": "dependency", "component": "storage_service", "msg": "DuckDB not available — skipping read"}
{"ts": "2026-05-11T10:06:43.898Z", "lvl": "DEBUG", "cat": "dependency", "component": "storage_service", "msg": "DuckDB not available — skipping read"}
{"ts": "2026-05-11T10:06:45.535Z", "lvl": "DEBUG", "cat": "dependency", "component": "storage_service", "msg": "DuckDB not available — skipping read"}
{"ts": "2026-05-11T10:06:47.189Z", "lvl": "DEBUG", "cat": "dependency", "component": "storage_service", "msg": "DuckDB not available — skipping read"}
{"ts": "2026-05-11T10:06:48.834Z", "lvl": "DEBUG", "cat": "dependency", "component": "storage_service", "msg": "DuckDB not available — skipping read"}
{"ts": "2026-05-11T10:06:50.474Z", "lvl": "DEBUG", "cat": "dependency", "component": "storage_service", "msg": "DuckDB not available — skipping read"}
{"ts": "2026-05-11T10:06:52.093Z", "lvl": "DEBUG", "cat": "dependency", "component": "storage_service", "msg": "DuckDB not available — skipping read"}
{"ts": "2026-05-11T10:06:53.721Z", "lvl": "DEBUG", "cat": "dependency", "component": "storage_service", "msg": "DuckDB not available — skipping read"}
{"ts": "2026-05-11T10:06:55.351Z", "lvl": "DEBUG", "cat": "dependency", "component": "storage_service", "msg": "DuckDB not available — skipping read"}
{"ts": "2026-05-11T10:06:56.973Z", "lvl": "DEBUG", "cat": "dependency", "component": "storage_service", "msg": "DuckDB not available — skipping read"}
{"ts": "2026-05-11T10:06:58.596Z", "lvl": "DEBUG", "cat": "dependency", "component": "storage_service", "msg": "DuckDB not available — skipping read"}
{"ts": "2026-05-11T10:07:00.225Z", "lvl": "DEBUG", "cat": "dependency", "component": "storage_service", "msg": "DuckDB not available — skipping read"}
{"ts": "2026-05-11T10:07:01.852Z", "lvl": "DEBUG", "cat": "dependency", "component": "storage_service", "msg": "DuckDB not available — skipping read"}
{"ts": "2026-05-11T10:07:03.480Z", "lvl": "DEBUG", "cat": "dependency", "component": "storage_service", "msg": "DuckDB not available — skipping read"}
{"ts": "2026-05-11T10:07:05.112Z", "lvl": "DEBUG", "cat": "dependency", "component": "storage_service", "msg": "DuckDB not available — skipping read"}
{"ts": "2026-05-11T10:07:06.735Z", "lvl": "DEBUG", "cat": "dependency", "component": "storage_service", "msg": "DuckDB not available — skipping read"}
{"ts": "2026-05-11T10:07:08.359Z", "lvl": "DEBUG", "cat": "dependency", "component": "storage_service", "msg": "DuckDB not available — skipping read"}
{"ts": "2026-05-11T10:07:09.986Z", "lvl": "DEBUG", "cat": "dependency", "component": "storage_service", "msg": "DuckDB not available — skipping read"}
{"ts": "2026-05-11T10:07:11.608Z", "lvl": "DEBUG", "cat": "dependency", "component": "storage_service", "msg": "DuckDB not available — skipping read"}
{"ts": "2026-05-11T10:07:13.233Z", "lvl": "DEBUG", "cat": "dependency", "component": "storage_service", "msg": "DuckDB not available — skipping read"}
{"ts": "2026-05-11T10:07:14.851Z", "lvl": "DEBUG", "cat": "dependency", "component": "storage_service", "msg": "DuckDB not available — skipping read"}
{"ts": "2026-05-11T10:07:16.475Z", "lvl": "DEBUG", "cat": "dependency", "component": "storage_service", "msg": "DuckDB not available — skipping read"}
{"ts": "2026-05-11T10:07:18.096Z", "lvl": "DEBUG", "cat": "dependency", "component": "storage_service", "msg": "DuckDB not available — skipping read"}
{"ts": "2026-05-11T10:07:19.724Z", "lvl": "DEBUG", "cat": "dependency", "component": "storage_service", "msg": "DuckDB not available — skipping read"}
{"ts": "2026-05-11T10:07:21.343Z", "lvl": "DEBUG", "cat": "dependency", "component": "storage_service", "msg": "DuckDB not available — skipping read"}
{"ts": "2026-05-11T10:07:22.961Z", "lvl": "DEBUG", "cat": "dependency", "component": "storage_service", "msg": "DuckDB not available — skipping read"}
{"ts": "2026-05-11T10:07:24.594Z", "lvl": "DEBUG", "cat": "dependency", "component": "storage_service", "msg": "DuckDB not available — skipping read"}
{"ts": "2026-05-11T10:07:26.221Z", "lvl": "DEBUG", "cat": "dependency", "component": "storage_service", "msg": "DuckDB not available — skipping read"}
{"ts": "2026-05-11T10:07:27.863Z", "lvl": "DEBUG", "cat": "dependency", "component": "storage_service", "msg": "DuckDB not available — skipping read"}
{"ts": "2026-05-11T10:07:29.481Z", "lvl": "DEBUG", "cat": "dependency", "component": "storage_service", "msg": "DuckDB not available — skipping read"}
{"ts": "2026-05-11T10:07:31.115Z", "lvl": "DEBUG", "cat": "dependency", "component": "storage_service", "msg": "DuckDB not available — skipping read"}
{"ts": "2026-05-11T10:07:32.737Z", "lvl": "DEBUG", "cat": "dependency", "component": "storage_service", "msg": "DuckDB not available — skipping read"}
{"ts": "2026-05-11T10:07:34.363Z", "lvl": "DEBUG", "cat": "dependency", "component": "storage_service", "msg": "DuckDB not available — skipping read"}
{"ts": "2026-05-11T10:07:35.995Z", "lvl": "DEBUG", "cat": "dependency", "component": "storage_service", "msg": "DuckDB not available — skipping read"}
{"ts": "2026-05-11T10:07:37.623Z", "lvl": "DEBUG", "cat": "dependency", "component": "storage_service", "msg": "DuckDB not available — skipping read"}
{"ts": "2026-05-11T10:07:39.245Z", "lvl": "DEBUG", "cat": "dependency", "component": "storage_service", "msg": "DuckDB not available — skipping read"}
{"ts": "2026-05-11T10:07:40.872Z", "lvl": "DEBUG", "cat": "dependency", "component": "storage_service", "msg": "DuckDB not available — skipping read"}
{"ts": "2026-05-11T10:07:42.500Z", "lvl": "DEBUG", "cat": "dependency", "component": "storage_service", "msg": "DuckDB not available — skipping read"}
{"ts": "2026-05-11T10:07:44.125Z", "lvl": "DEBUG", "cat": "dependency", "component": "storage_service", "msg": "DuckDB not available — skipping read"}
{"ts": "2026-05-11T10:07:45.758Z", "lvl": "DEBUG", "cat": "dependency", "component": "storage_service", "msg": "DuckDB not available — skipping read"}
{"ts": "2026-05-11T10:07:47.397Z", "lvl": "DEBUG", "cat": "dependency", "component": "storage_service", "msg": "DuckDB not available — skipping read"}
{"ts": "2026-05-11T10:07:49.046Z", "lvl": "DEBUG", "cat": "dependency", "component": "storage_service", "msg": "DuckDB not available — skipping read"}
{"ts": "2026-05-11T10:07:50.677Z", "lvl": "DEBUG", "cat": "dependency", "component": "storage_service", "msg": "DuckDB not available — skipping read"}
{"ts": "2026-05-11T10:07:52.305Z", "lvl": "DEBUG", "cat": "dependency", "component": "storage_service", "msg": "DuckDB not available — skipping read"}
{"ts": "2026-05-11T10:07:53.940Z", "lvl": "DEBUG", "cat": "dependency", "component": "storage_service", "msg": "DuckDB not available — skipping read"}
{"ts": "2026-05-11T10:07:55.568Z", "lvl": "DEBUG", "cat": "dependency", "component": "storage_service", "msg": "DuckDB not available — skipping read"}
{"ts": "2026-05-11T10:07:57.202Z", "lvl": "DEBUG", "cat": "dependency", "component": "storage_service", "msg": "DuckDB not available — skipping read"}
{"ts": "2026-05-11T10:07:58.841Z", "lvl": "DEBUG", "cat": "dependency", "component": "storage_service", "msg": "DuckDB not available — skipping read"}
{"ts": "2026-05-11T10:08:00.474Z", "lvl": "DEBUG", "cat": "dependency", "component": "storage_service", "msg": "DuckDB not available — skipping read"}
{"ts": "2026-05-11T10:08:02.124Z", "lvl": "DEBUG", "cat": "dependency", "component": "storage_service", "msg": "DuckDB not available — skipping read"}
{"ts": "2026-05-11T10:08:03.769Z", "lvl": "DEBUG", "cat": "dependency", "component": "storage_service", "msg": "DuckDB not available — skipping read"}
{"ts": "2026-05-11T10:08:05.401Z", "lvl": "DEBUG", "cat": "dependency", "component": "storage_service", "msg": "DuckDB not available — skipping read"}
{"ts": "2026-05-11T10:08:07.031Z", "lvl": "DEBUG", "cat": "dependency", "component": "storage_service", "msg": "DuckDB not available — skipping read"}
{"ts": "2026-05-11T10:08:08.669Z", "lvl": "DEBUG", "cat": "dependency", "component": "storage_service", "msg": "DuckDB not available — skipping read"}
{"ts": "2026-05-11T10:08:10.290Z", "lvl": "DEBUG", "cat": "dependency", "component": "storage_service", "msg": "DuckDB not available — skipping read"}
{"ts": "2026-05-11T10:08:10.298Z", "lvl": "DEBUG", "cat": "dependency", "component": "storage_service", "msg": "DuckDB not available — skipping read"}
{"ts": "2026-05-11T10:08:11.929Z", "lvl": "DEBUG", "cat": "dependency", "component": "storage_service", "msg": "DuckDB not available — skipping read"}
{"ts": "2026-05-11T10:08:13.558Z", "lvl": "DEBUG", "cat": "dependency", "component": "storage_service", "msg": "DuckDB not available — skipping read"}
{"ts": "2026-05-11T10:08:15.199Z", "lvl": "DEBUG", "cat": "dependency", "component": "storage_service", "msg": "DuckDB not available — skipping read"}
{"ts": "2026-05-11T10:08:16.837Z", "lvl": "DEBUG", "cat": "dependency", "component": "storage_service", "msg": "DuckDB not available — skipping read"}
{"ts": "2026-05-11T10:08:18.460Z", "lvl": "DEBUG", "cat": "dependency", "component": "storage_service", "msg": "DuckDB not available — skipping read"}
{"ts": "2026-05-11T10:08:20.083Z", "lvl": "DEBUG", "cat": "dependency", "component": "storage_service", "msg": "DuckDB not available — skipping read"}
{"ts": "2026-05-11T10:08:21.707Z", "lvl": "DEBUG", "cat": "dependency", "component": "storage_service", "msg": "DuckDB not available — skipping read"}
{"ts": "2026-05-11T10:08:23.331Z", "lvl": "DEBUG", "cat": "dependency", "component": "storage_service", "msg": "DuckDB not available — skipping read"}
{"ts": "2026-05-11T10:08:24.952Z", "lvl": "DEBUG", "cat": "dependency", "component": "storage_service", "msg": "DuckDB not available — skipping read"}
{"ts": "2026-05-11T10:08:26.585Z", "lvl": "DEBUG", "cat": "dependency", "component": "storage_service", "msg": "DuckDB not available — skipping read"}
{"ts": "2026-05-11T10:08:28.220Z", "lvl": "DEBUG", "cat": "dependency", "component": "storage_service", "msg": "DuckDB not available — skipping read"}
{"ts": "2026-05-11T10:08:29.855Z", "lvl": "DEBUG", "cat": "dependency", "component": "storage_service", "msg": "DuckDB not available — skipping read"}
{"ts": "2026-05-11T10:08:31.488Z", "lvl": "DEBUG", "cat": "dependency", "component": "storage_service", "msg": "DuckDB not available — skipping read"}
{"ts": "2026-05-11T10:08:33.114Z", "lvl": "DEBUG", "cat": "dependency", "component": "storage_service", "msg": "DuckDB not available — skipping read"}
{"ts": "2026-05-11T10:08:34.739Z", "lvl": "DEBUG", "cat": "dependency", "component": "storage_service", "msg": "DuckDB not available — skipping read"}
{"ts": "2026-05-11T10:08:36.380Z", "lvl": "DEBUG", "cat": "dependency", "component": "storage_service", "msg": "DuckDB not available — skipping read"}
{"ts": "2026-05-11T10:08:38.011Z", "lvl": "DEBUG", "cat": "dependency", "component": "storage_service", "msg": "DuckDB not available — skipping read"}
{"ts": "2026-05-11T10:08:39.660Z", "lvl": "DEBUG", "cat": "dependency", "component": "storage_service", "msg": "DuckDB not available — skipping read"}
{"ts": "2026-05-11T10:08:41.300Z", "lvl": "DEBUG", "cat": "dependency", "component": "storage_service", "msg": "DuckDB not available — skipping read"}
{"ts": "2026-05-11T10:08:42.925Z", "lvl": "DEBUG", "cat": "dependency", "component": "storage_service", "msg": "DuckDB not available — skipping read"}
{"ts": "2026-05-11T10:08:44.549Z", "lvl": "DEBUG", "cat": "dependency", "component": "storage_service", "msg": "DuckDB not available — skipping read"}
{"ts": "2026-05-11T10:08:46.178Z", "lvl": "DEBUG", "cat": "dependency", "component": "storage_service", "msg": "DuckDB not available — skipping read"}
{"ts": "2026-05-11T10:08:47.808Z", "lvl": "DEBUG", "cat": "dependency", "component": "storage_service", "msg": "DuckDB not available — skipping read"}
{"ts": "2026-05-11T10:08:49.451Z", "lvl": "DEBUG", "cat": "dependency", "component": "storage_service", "msg": "DuckDB not available — skipping read"}
{"ts": "2026-05-11T10:08:51.093Z", "lvl": "DEBUG", "cat": "dependency", "component": "storage_service", "msg": "DuckDB not available — skipping read"}
{"ts": "2026-05-11T10:08:52.727Z", "lvl": "DEBUG", "cat": "dependency", "component": "storage_service", "msg": "DuckDB not available — skipping read"}
{"ts": "2026-05-11T10:08:54.355Z", "lvl": "DEBUG", "cat": "dependency", "component": "storage_service", "msg": "DuckDB not available — skipping read"}
{"ts": "2026-05-11T10:08:56.004Z", "lvl": "DEBUG", "cat": "dependency", "component": "storage_service", "msg": "DuckDB not available — skipping read"}
{"ts": "2026-05-11T10:08:57.644Z", "lvl": "DEBUG", "cat": "dependency", "component": "storage_service", "msg": "DuckDB not available — skipping read"}
{"ts": "2026-05-11T10:08:59.277Z", "lvl": "DEBUG", "cat": "dependency", "component": "storage_service", "msg": "DuckDB not available — skipping read"}
{"ts": "2026-05-11T10:09:00.915Z", "lvl": "DEBUG", "cat": "dependency", "component": "storage_service", "msg": "DuckDB not available — skipping read"}
{"ts": "2026-05-11T10:09:02.533Z", "lvl": "DEBUG", "cat": "dependency", "component": "storage_service", "msg": "DuckDB not available — skipping read"}
{"ts": "2026-05-11T10:09:04.185Z", "lvl": "DEBUG", "cat": "dependency", "component": "storage_service", "msg": "DuckDB not available — skipping read"}
{"ts": "2026-05-11T10:09:05.817Z", "lvl": "DEBUG", "cat": "dependency", "component": "storage_service", "msg": "DuckDB not available — skipping read"}
{"ts": "2026-05-11T10:09:07.458Z", "lvl": "DEBUG", "cat": "dependency", "component": "storage_service", "msg": "DuckDB not available — skipping read"}
{"ts": "2026-05-11T10:09:09.114Z", "lvl": "DEBUG", "cat": "dependency", "component": "storage_service", "msg": "DuckDB not available — skipping read"}
{"ts": "2026-05-11T10:09:10.741Z", "lvl": "DEBUG", "cat": "dependency", "component": "storage_service", "msg": "DuckDB not available — skipping read"}
{"ts": "2026-05-11T10:09:12.367Z", "lvl": "DEBUG", "cat": "dependency", "component": "storage_service", "msg": "DuckDB not available — skipping read"}
{"ts": "2026-05-11T10:09:14.015Z", "lvl": "DEBUG", "cat": "dependency", "component": "storage_service", "msg": "DuckDB not available — skipping read"}
{"ts": "2026-05-11T10:09:15.662Z", "lvl": "DEBUG", "cat": "dependency", "component": "storage_service", "msg": "DuckDB not available — skipping read"}
{"ts": "2026-05-11T10:09:17.300Z", "lvl": "DEBUG", "cat": "dependency", "component": "storage_service", "msg": "DuckDB not available — skipping read"}
{"ts": "2026-05-11T10:09:18.945Z", "lvl": "DEBUG", "cat": "dependency", "component": "storage_service", "msg": "DuckDB not available — skipping read"}
{"ts": "2026-05-11T10:09:20.568Z", "lvl": "DEBUG", "cat": "dependency", "component": "storage_service", "msg": "DuckDB not available — skipping read"}
{"ts": "2026-05-11T10:09:22.206Z", "lvl": "DEBUG", "cat": "dependency", "component": "storage_service", "msg": "DuckDB not available — skipping read"}
{"ts": "2026-05-11T10:09:23.835Z", "lvl": "DEBUG", "cat": "dependency", "component": "storage_service", "msg": "DuckDB not available — skipping read"}
{"ts": "2026-05-11T10:09:25.471Z", "lvl": "DEBUG", "cat": "dependency", "component": "storage_service", "msg": "DuckDB not available — skipping read"}
{"ts": "2026-05-11T10:09:27.096Z", "lvl": "DEBUG", "cat": "dependency", "component": "storage_service", "msg": "DuckDB not available — skipping read"}
{"ts": "2026-05-11T10:09:28.726Z", "lvl": "DEBUG", "cat": "dependency", "component": "storage_service", "msg": "DuckDB not available — skipping read"}
{"ts": "2026-05-11T10:09:30.352Z", "lvl": "DEBUG", "cat": "dependency", "component": "storage_service", "msg": "DuckDB not available — skipping read"}
{"ts": "2026-05-11T10:09:31.977Z", "lvl": "DEBUG", "cat": "dependency", "component": "storage_service", "msg": "DuckDB not available — skipping read"}
{"ts": "2026-05-11T10:09:33.616Z", "lvl": "DEBUG", "cat": "dependency", "component": "storage_service", "msg": "DuckDB not available — skipping read"}
{"ts": "2026-05-11T10:09:35.240Z", "lvl": "DEBUG", "cat": "dependency", "component": "storage_service", "msg": "DuckDB not available — skipping read"}
{"ts": "2026-05-11T10:09:36.871Z", "lvl": "DEBUG", "cat": "dependency", "component": "storage_service", "msg": "DuckDB not available — skipping read"}
{"ts": "2026-05-11T10:09:38.498Z", "lvl": "DEBUG", "cat": "dependency", "component": "storage_service", "msg": "DuckDB not available — skipping read"}
{"ts": "2026-05-11T10:09:40.121Z", "lvl": "DEBUG", "cat": "dependency", "component": "storage_service", "msg": "DuckDB not available — skipping read"}
{"ts": "2026-05-11T10:09:41.752Z", "lvl": "DEBUG", "cat": "dependency", "component": "storage_service", "msg": "DuckDB not available — skipping read"}
{"ts": "2026-05-11T10:09:43.383Z", "lvl": "DEBUG", "cat": "dependency", "component": "storage_service", "msg": "DuckDB not available — skipping read"}
{"ts": "2026-05-11T10:09:45.015Z", "lvl": "DEBUG", "cat": "dependency", "component": "storage_service", "msg": "DuckDB not available — skipping read"}
{"ts": "2026-05-11T10:09:46.638Z", "lvl": "DEBUG", "cat": "dependency", "component": "storage_service", "msg": "DuckDB not available — skipping read"}
{"ts": "2026-05-11T10:09:48.262Z", "lvl": "DEBUG", "cat": "dependency", "component": "storage_service", "msg": "DuckDB not available — skipping read"}
{"ts": "2026-05-11T10:09:49.887Z", "lvl": "DEBUG", "cat": "dependency", "component": "storage_service", "msg": "DuckDB not available — skipping read"}
{"ts": "2026-05-11T10:09:51.524Z", "lvl": "DEBUG", "cat": "dependency", "component": "storage_service", "msg": "DuckDB not available — skipping read"}
{"ts": "2026-05-11T10:09:53.150Z", "lvl": "DEBUG", "cat": "dependency", "component": "storage_service", "msg": "DuckDB not available — skipping read"}
{"ts": "2026-05-11T10:09:54.779Z", "lvl": "DEBUG", "cat": "dependency", "component": "storage_service", "msg": "DuckDB not available — skipping read"}
{"ts": "2026-05-11T10:09:56.403Z", "lvl": "DEBUG", "cat": "dependency", "component": "storage_service", "msg": "DuckDB not available — skipping read"}
{"ts": "2026-05-11T10:09:58.044Z", "lvl": "DEBUG", "cat": "dependency", "component": "storage_service", "msg": "DuckDB not available — skipping read"}
{"ts": "2026-05-11T10:09:59.675Z", "lvl": "DEBUG", "cat": "dependency", "component": "storage_service", "msg": "DuckDB not available — skipping read"}
{"ts": "2026-05-11T10:10:01.311Z", "lvl": "DEBUG", "cat": "dependency", "component": "storage_service", "msg": "DuckDB not available — skipping read"}
{"ts": "2026-05-11T10:10:02.951Z", "lvl": "DEBUG", "cat": "dependency", "component": "storage_service", "msg": "DuckDB not available — skipping read"}
{"ts": "2026-05-11T10:10:04.583Z", "lvl": "DEBUG", "cat": "dependency", "component": "storage_service", "msg": "DuckDB not available — skipping read"}
{"ts": "2026-05-11T10:10:06.207Z", "lvl": "DEBUG", "cat": "dependency", "component": "storage_service", "msg": "DuckDB not available — skipping read"}
{"ts": "2026-05-11T10:10:07.839Z", "lvl": "DEBUG", "cat": "dependency", "component": "storage_service", "msg": "DuckDB not available — skipping read"}
{"ts": "2026-05-11T10:10:09.516Z", "lvl": "DEBUG", "cat": "dependency", "component": "storage_service", "msg": "DuckDB not available — skipping read"}
{"ts": "2026-05-11T10:45:30.713Z", "lvl": "DEBUG", "cat": "dependency", "component": "storage_service", "msg": "SQLite tables ensured"}
{"ts": "2026-05-11T10:45:30.714Z", "lvl": "INFO", "cat": "dependency", "component": "storage_service", "msg": "SQLite initialized: C:\\Users\\p venkata naveen\\Cursor ai\\Quant_Forex_V3\\QUANT_ENGINE_2026\\data\\journal.db"}
{"ts": "2026-05-11T10:45:30.856Z", "lvl": "DEBUG", "cat": "dependency", "component": "storage_service", "msg": "DuckDB tables ensured"}
{"ts": "2026-05-11T10:45:30.856Z", "lvl": "INFO", "cat": "dependency", "component": "storage_service", "msg": "DuckDB initialized: C:\\Users\\p venkata naveen\\Cursor ai\\Quant_Forex_V3\\QUANT_ENGINE_2026\\data\\market.duckdb"}
{"ts": "2026-05-11T10:45:30.856Z", "lvl": "INFO", "cat": "dependency", "component": "storage_service", "msg": "StorageService ready — DuckDB:C:\\Users\\p venkata naveen\\Cursor ai\\Quant_Forex_V3\\QUANT_ENGINE_2026\\data\\market.duckdb, SQLite:C:\\Users\\p venkata naveen\\Cursor ai\\Quant_Forex_V3\\QUANT_ENGINE_2026\\data\\journal.db"}
{"ts": "2026-05-11T10:45:47.047Z", "lvl": "WARNING", "cat": "dependency", "component": "storage_service", "msg": "DuckDB error — retry 1: Binder Error: Column \"regime_label\" referenced that exists in the SELECT clause - but this column cannot be referenced before it is defined"}
{"ts": "2026-05-11T10:45:47.148Z", "lvl": "WARNING", "cat": "dependency", "component": "storage_service", "msg": "DuckDB error — retry 2: Binder Error: Column \"regime_label\" referenced that exists in the SELECT clause - but this column cannot be referenced before it is defined"}
{"ts": "2026-05-11T10:46:32.072Z", "lvl": "DEBUG", "cat": "dependency", "component": "storage_service", "msg": "SQLite tables ensured"}
{"ts": "2026-05-11T10:46:32.074Z", "lvl": "INFO", "cat": "dependency", "component": "storage_service", "msg": "SQLite initialized: C:\\Users\\p venkata naveen\\Cursor ai\\Quant_Forex_V3\\QUANT_ENGINE_2026\\data\\journal.db"}
{"ts": "2026-05-11T10:46:32.454Z", "lvl": "ERROR", "cat": "dependency", "component": "storage_service", "msg": "DuckDB init failed: IO Error: Cannot open file \"C:\\Users\\p venkata naveen\\Cursor ai\\Quant_Forex_V3\\QUANT_ENGINE_2026\\data\\market.duckdb\": The process cannot access the file because it is being used by another process.\r\n\nFile is already open in \nC:\\Python312\\python.exe (PID 38984)", "stack_trace": "Traceback (most recent call last):\n  File \"C:\\Users\\p venkata naveen\\Cursor ai\\Quant_Forex_V3\\QUANT_ENGINE_2026\\services\\storage_service.py\", line 290, in _init_duckdb\n    conn = duckdb.connect(str(DUCKDB_PATH))\n           ^^^^^^^^^^^^^^^^^^^^^^^^^^^^^^^^\n_duckdb.IOException: IO Error: Cannot open file \"C:\\Users\\p venkata naveen\\Cursor ai\\Quant_Forex_V3\\QUANT_ENGINE_2026\\data\\market.duckdb\": The process cannot access the file because it is being used by another process.\r\n\nFile is already open in \nC:\\Python312\\python.exe (PID 38984)\n\nDuring handling of the above exception, another exception occurred:\n\nTraceback (most recent call last):\n  File \"C:\\Users\\p venkata naveen\\Cursor ai\\Quant_Forex_V3\\QUANT_ENGINE_2026\\services\\storage_service.py\", line 311, in _init_duckdb\n    conn = duckdb.connect(str(DUCKDB_PATH), read_only=True)\n           ^^^^^^^^^^^^^^^^^^^^^^^^^^^^^^^^^^^^^^^^^^^^^^^^\n_duckdb.IOException: IO Error: Cannot open file \"C:\\Users\\p venkata naveen\\Cursor ai\\Quant_Forex_V3\\QUANT_ENGINE_2026\\data\\market.duckdb\": The process cannot access the file because it is being used by another process.\r\n\nFile is already open in \nC:\\Python312\\python.exe (PID 38984)"}
{"ts": "2026-05-11T10:46:32.459Z", "lvl": "INFO", "cat": "dependency", "component": "storage_service", "msg": "StorageService ready — DuckDB:C:\\Users\\p venkata naveen\\Cursor ai\\Quant_Forex_V3\\QUANT_ENGINE_2026\\data\\market.duckdb, SQLite:C:\\Users\\p venkata naveen\\Cursor ai\\Quant_Forex_V3\\QUANT_ENGINE_2026\\data\\journal.db"}
{"ts": "2026-05-11T10:46:32.469Z", "lvl": "DEBUG", "cat": "dependency", "component": "storage_service", "msg": "SQLite tables ensured"}
{"ts": "2026-05-11T10:46:32.470Z", "lvl": "INFO", "cat": "dependency", "component": "storage_service", "msg": "SQLite initialized: C:\\Users\\PVENKA~1\\AppData\\Local\\Temp\\tmp1d2l6z9c\\test_journal.db"}
{"ts": "2026-05-11T10:46:32.493Z", "lvl": "DEBUG", "cat": "dependency", "component": "storage_service", "msg": "DuckDB tables ensured"}
{"ts": "2026-05-11T10:46:32.494Z", "lvl": "INFO", "cat": "dependency", "component": "storage_service", "msg": "DuckDB initialized: C:\\Users\\PVENKA~1\\AppData\\Local\\Temp\\tmp1d2l6z9c\\test_market.duckdb"}
{"ts": "2026-05-11T10:46:32.494Z", "lvl": "INFO", "cat": "dependency", "component": "storage_service", "msg": "StorageService ready — DuckDB:C:\\Users\\PVENKA~1\\AppData\\Local\\Temp\\tmp1d2l6z9c\\test_market.duckdb, SQLite:C:\\Users\\PVENKA~1\\AppData\\Local\\Temp\\tmp1d2l6z9c\\test_journal.db"}
{"ts": "2026-05-11T10:46:32.538Z", "lvl": "DEBUG", "cat": "dependency", "component": "storage_service", "msg": "SQLite tables ensured"}
{"ts": "2026-05-11T10:46:32.538Z", "lvl": "INFO", "cat": "dependency", "component": "storage_service", "msg": "SQLite initialized: C:\\Users\\PVENKA~1\\AppData\\Local\\Temp\\tmp63o3548o\\test_journal.db"}
{"ts": "2026-05-11T10:46:32.560Z", "lvl": "DEBUG", "cat": "dependency", "component": "storage_service", "msg": "DuckDB tables ensured"}
{"ts": "2026-05-11T10:46:32.560Z", "lvl": "INFO", "cat": "dependency", "component": "storage_service", "msg": "DuckDB initialized: C:\\Users\\PVENKA~1\\AppData\\Local\\Temp\\tmp63o3548o\\test_market.duckdb"}
{"ts": "2026-05-11T10:46:32.561Z", "lvl": "INFO", "cat": "dependency", "component": "storage_service", "msg": "StorageService ready — DuckDB:C:\\Users\\PVENKA~1\\AppData\\Local\\Temp\\tmp63o3548o\\test_market.duckdb, SQLite:C:\\Users\\PVENKA~1\\AppData\\Local\\Temp\\tmp63o3548o\\test_journal.db"}
{"ts": "2026-05-11T10:46:32.584Z", "lvl": "DEBUG", "cat": "dependency", "component": "storage_service", "msg": "SQLite tables ensured"}
{"ts": "2026-05-11T10:46:32.584Z", "lvl": "INFO", "cat": "dependency", "component": "storage_service", "msg": "SQLite initialized: C:\\Users\\PVENKA~1\\AppData\\Local\\Temp\\tmpam1g7zm7\\test_journal.db"}
{"ts": "2026-05-11T10:46:32.605Z", "lvl": "DEBUG", "cat": "dependency", "component": "storage_service", "msg": "DuckDB tables ensured"}
{"ts": "2026-05-11T10:46:32.606Z", "lvl": "INFO", "cat": "dependency", "component": "storage_service", "msg": "DuckDB initialized: C:\\Users\\PVENKA~1\\AppData\\Local\\Temp\\tmpam1g7zm7\\test_market.duckdb"}
{"ts": "2026-05-11T10:46:32.606Z", "lvl": "INFO", "cat": "dependency", "component": "storage_service", "msg": "StorageService ready — DuckDB:C:\\Users\\PVENKA~1\\AppData\\Local\\Temp\\tmpam1g7zm7\\test_market.duckdb, SQLite:C:\\Users\\PVENKA~1\\AppData\\Local\\Temp\\tmpam1g7zm7\\test_journal.db"}
{"ts": "2026-05-11T10:46:32.631Z", "lvl": "DEBUG", "cat": "dependency", "component": "storage_service", "msg": "SQLite tables ensured"}
{"ts": "2026-05-11T10:46:32.631Z", "lvl": "INFO", "cat": "dependency", "component": "storage_service", "msg": "SQLite initialized: C:\\Users\\PVENKA~1\\AppData\\Local\\Temp\\tmpd90pac5z\\test_journal.db"}
{"ts": "2026-05-11T10:46:32.653Z", "lvl": "DEBUG", "cat": "dependency", "component": "storage_service", "msg": "DuckDB tables ensured"}
{"ts": "2026-05-11T10:46:32.653Z", "lvl": "INFO", "cat": "dependency", "component": "storage_service", "msg": "DuckDB initialized: C:\\Users\\PVENKA~1\\AppData\\Local\\Temp\\tmpd90pac5z\\test_market.duckdb"}
{"ts": "2026-05-11T10:46:32.653Z", "lvl": "INFO", "cat": "dependency", "component": "storage_service", "msg": "StorageService ready — DuckDB:C:\\Users\\PVENKA~1\\AppData\\Local\\Temp\\tmpd90pac5z\\test_market.duckdb, SQLite:C:\\Users\\PVENKA~1\\AppData\\Local\\Temp\\tmpd90pac5z\\test_journal.db"}
{"ts": "2026-05-11T10:46:32.677Z", "lvl": "DEBUG", "cat": "dependency", "component": "storage_service", "msg": "SQLite tables ensured"}
{"ts": "2026-05-11T10:46:32.678Z", "lvl": "INFO", "cat": "dependency", "component": "storage_service", "msg": "SQLite initialized: C:\\Users\\PVENKA~1\\AppData\\Local\\Temp\\tmpn4zh46uv\\test_journal.db"}
{"ts": "2026-05-11T10:46:32.698Z", "lvl": "DEBUG", "cat": "dependency", "component": "storage_service", "msg": "DuckDB tables ensured"}
{"ts": "2026-05-11T10:46:32.698Z", "lvl": "INFO", "cat": "dependency", "component": "storage_service", "msg": "DuckDB initialized: C:\\Users\\PVENKA~1\\AppData\\Local\\Temp\\tmpn4zh46uv\\test_market.duckdb"}
{"ts": "2026-05-11T10:46:32.698Z", "lvl": "INFO", "cat": "dependency", "component": "storage_service", "msg": "StorageService ready — DuckDB:C:\\Users\\PVENKA~1\\AppData\\Local\\Temp\\tmpn4zh46uv\\test_market.duckdb, SQLite:C:\\Users\\PVENKA~1\\AppData\\Local\\Temp\\tmpn4zh46uv\\test_journal.db"}
{"ts": "2026-05-11T10:46:32.723Z", "lvl": "DEBUG", "cat": "dependency", "component": "storage_service", "msg": "SQLite tables ensured"}
{"ts": "2026-05-11T10:46:32.724Z", "lvl": "INFO", "cat": "dependency", "component": "storage_service", "msg": "SQLite initialized: C:\\Users\\PVENKA~1\\AppData\\Local\\Temp\\tmp9d6y6pcm\\test_journal.db"}
{"ts": "2026-05-11T10:46:32.754Z", "lvl": "DEBUG", "cat": "dependency", "component": "storage_service", "msg": "DuckDB tables ensured"}
{"ts": "2026-05-11T10:46:32.754Z", "lvl": "INFO", "cat": "dependency", "component": "storage_service", "msg": "DuckDB initialized: C:\\Users\\PVENKA~1\\AppData\\Local\\Temp\\tmp9d6y6pcm\\test_market.duckdb"}
{"ts": "2026-05-11T10:46:32.754Z", "lvl": "INFO", "cat": "dependency", "component": "storage_service", "msg": "StorageService ready — DuckDB:C:\\Users\\PVENKA~1\\AppData\\Local\\Temp\\tmp9d6y6pcm\\test_market.duckdb, SQLite:C:\\Users\\PVENKA~1\\AppData\\Local\\Temp\\tmp9d6y6pcm\\test_journal.db"}
{"ts": "2026-05-11T10:47:59.045Z", "lvl": "WARNING", "cat": "dependency", "component": "storage_service", "msg": "DuckDB error — retry 1: Binder Error: Column \"regime_label\" referenced that exists in the SELECT clause - but this column cannot be referenced before it is defined"}
{"ts": "2026-05-11T10:47:59.146Z", "lvl": "WARNING", "cat": "dependency", "component": "storage_service", "msg": "DuckDB error — retry 2: Binder Error: Column \"regime_label\" referenced that exists in the SELECT clause - but this column cannot be referenced before it is defined"}
{"ts": "2026-05-11T10:50:37.008Z", "lvl": "WARNING", "cat": "dependency", "component": "storage_service", "msg": "DuckDB error — retry 1: Binder Error: Column \"regime_label\" referenced that exists in the SELECT clause - but this column cannot be referenced before it is defined"}
{"ts": "2026-05-11T10:50:37.111Z", "lvl": "WARNING", "cat": "dependency", "component": "storage_service", "msg": "DuckDB error — retry 2: Binder Error: Column \"regime_label\" referenced that exists in the SELECT clause - but this column cannot be referenced before it is defined"}
{"ts": "2026-05-11T10:52:05.073Z", "lvl": "DEBUG", "cat": "dependency", "component": "storage_service", "msg": "SQLite tables ensured"}
{"ts": "2026-05-11T10:52:05.073Z", "lvl": "INFO", "cat": "dependency", "component": "storage_service", "msg": "SQLite initialized: C:\\Users\\p venkata naveen\\Cursor ai\\Quant_Forex_V3\\QUANT_ENGINE_2026\\data\\journal.db"}
{"ts": "2026-05-11T10:52:05.513Z", "lvl": "ERROR", "cat": "dependency", "component": "storage_service", "msg": "DuckDB init failed: IO Error: Cannot open file \"C:\\Users\\p venkata naveen\\Cursor ai\\Quant_Forex_V3\\QUANT_ENGINE_2026\\data\\market.duckdb\": The process cannot access the file because it is being used by another process.\r\n\nFile is already open in \nC:\\Python312\\python.exe (PID 38984)", "stack_trace": "Traceback (most recent call last):\n  File \"C:\\Users\\p venkata naveen\\Cursor ai\\Quant_Forex_V3\\QUANT_ENGINE_2026\\services\\storage_service.py\", line 290, in _init_duckdb\n    conn = duckdb.connect(str(DUCKDB_PATH))\n           ^^^^^^^^^^^^^^^^^^^^^^^^^^^^^^^^\n_duckdb.IOException: IO Error: Cannot open file \"C:\\Users\\p venkata naveen\\Cursor ai\\Quant_Forex_V3\\QUANT_ENGINE_2026\\data\\market.duckdb\": The process cannot access the file because it is being used by another process.\r\n\nFile is already open in \nC:\\Python312\\python.exe (PID 38984)\n\nDuring handling of the above exception, another exception occurred:\n\nTraceback (most recent call last):\n  File \"C:\\Users\\p venkata naveen\\Cursor ai\\Quant_Forex_V3\\QUANT_ENGINE_2026\\services\\storage_service.py\", line 311, in _init_duckdb\n    conn = duckdb.connect(str(DUCKDB_PATH), read_only=True)\n           ^^^^^^^^^^^^^^^^^^^^^^^^^^^^^^^^^^^^^^^^^^^^^^^^\n_duckdb.IOException: IO Error: Cannot open file \"C:\\Users\\p venkata naveen\\Cursor ai\\Quant_Forex_V3\\QUANT_ENGINE_2026\\data\\market.duckdb\": The process cannot access the file because it is being used by another process.\r\n\nFile is already open in \nC:\\Python312\\python.exe (PID 38984)"}
{"ts": "2026-05-11T10:52:05.515Z", "lvl": "INFO", "cat": "dependency", "component": "storage_service", "msg": "StorageService ready — DuckDB:C:\\Users\\p venkata naveen\\Cursor ai\\Quant_Forex_V3\\QUANT_ENGINE_2026\\data\\market.duckdb, SQLite:C:\\Users\\p venkata naveen\\Cursor ai\\Quant_Forex_V3\\QUANT_ENGINE_2026\\data\\journal.db"}
{"ts": "2026-05-11T10:52:05.528Z", "lvl": "DEBUG", "cat": "dependency", "component": "storage_service", "msg": "SQLite tables ensured"}
{"ts": "2026-05-11T10:52:05.528Z", "lvl": "INFO", "cat": "dependency", "component": "storage_service", "msg": "SQLite initialized: C:\\Users\\PVENKA~1\\AppData\\Local\\Temp\\tmpyqqwjwc0\\test_journal.db"}
{"ts": "2026-05-11T10:52:05.561Z", "lvl": "DEBUG", "cat": "dependency", "component": "storage_service", "msg": "DuckDB tables ensured"}
{"ts": "2026-05-11T10:52:05.561Z", "lvl": "INFO", "cat": "dependency", "component": "storage_service", "msg": "DuckDB initialized: C:\\Users\\PVENKA~1\\AppData\\Local\\Temp\\tmpyqqwjwc0\\test_market.duckdb"}
{"ts": "2026-05-11T10:52:05.561Z", "lvl": "INFO", "cat": "dependency", "component": "storage_service", "msg": "StorageService ready — DuckDB:C:\\Users\\PVENKA~1\\AppData\\Local\\Temp\\tmpyqqwjwc0\\test_market.duckdb, SQLite:C:\\Users\\PVENKA~1\\AppData\\Local\\Temp\\tmpyqqwjwc0\\test_journal.db"}
{"ts": "2026-05-11T10:52:05.614Z", "lvl": "DEBUG", "cat": "dependency", "component": "storage_service", "msg": "SQLite tables ensured"}
{"ts": "2026-05-11T10:52:05.614Z", "lvl": "INFO", "cat": "dependency", "component": "storage_service", "msg": "SQLite initialized: C:\\Users\\PVENKA~1\\AppData\\Local\\Temp\\tmp_j5dxa65\\test_journal.db"}
{"ts": "2026-05-11T10:52:05.634Z", "lvl": "DEBUG", "cat": "dependency", "component": "storage_service", "msg": "DuckDB tables ensured"}
{"ts": "2026-05-11T10:52:05.634Z", "lvl": "INFO", "cat": "dependency", "component": "storage_service", "msg": "DuckDB initialized: C:\\Users\\PVENKA~1\\AppData\\Local\\Temp\\tmp_j5dxa65\\test_market.duckdb"}
{"ts": "2026-05-11T10:52:05.634Z", "lvl": "INFO", "cat": "dependency", "component": "storage_service", "msg": "StorageService ready — DuckDB:C:\\Users\\PVENKA~1\\AppData\\Local\\Temp\\tmp_j5dxa65\\test_market.duckdb, SQLite:C:\\Users\\PVENKA~1\\AppData\\Local\\Temp\\tmp_j5dxa65\\test_journal.db"}
{"ts": "2026-05-11T10:52:05.659Z", "lvl": "DEBUG", "cat": "dependency", "component": "storage_service", "msg": "SQLite tables ensured"}
{"ts": "2026-05-11T10:52:05.660Z", "lvl": "INFO", "cat": "dependency", "component": "storage_service", "msg": "SQLite initialized: C:\\Users\\PVENKA~1\\AppData\\Local\\Temp\\tmp_1p8fsyl\\test_journal.db"}
{"ts": "2026-05-11T10:52:05.682Z", "lvl": "DEBUG", "cat": "dependency", "component": "storage_service", "msg": "DuckDB tables ensured"}
{"ts": "2026-05-11T10:52:05.682Z", "lvl": "INFO", "cat": "dependency", "component": "storage_service", "msg": "DuckDB initialized: C:\\Users\\PVENKA~1\\AppData\\Local\\Temp\\tmp_1p8fsyl\\test_market.duckdb"}
{"ts": "2026-05-11T10:52:05.682Z", "lvl": "INFO", "cat": "dependency", "component": "storage_service", "msg": "StorageService ready — DuckDB:C:\\Users\\PVENKA~1\\AppData\\Local\\Temp\\tmp_1p8fsyl\\test_market.duckdb, SQLite:C:\\Users\\PVENKA~1\\AppData\\Local\\Temp\\tmp_1p8fsyl\\test_journal.db"}
{"ts": "2026-05-11T10:52:05.709Z", "lvl": "DEBUG", "cat": "dependency", "component": "storage_service", "msg": "SQLite tables ensured"}
{"ts": "2026-05-11T10:52:05.709Z", "lvl": "INFO", "cat": "dependency", "component": "storage_service", "msg": "SQLite initialized: C:\\Users\\PVENKA~1\\AppData\\Local\\Temp\\tmp65azurg6\\test_journal.db"}
{"ts": "2026-05-11T10:52:05.733Z", "lvl": "DEBUG", "cat": "dependency", "component": "storage_service", "msg": "DuckDB tables ensured"}
{"ts": "2026-05-11T10:52:05.733Z", "lvl": "INFO", "cat": "dependency", "component": "storage_service", "msg": "DuckDB initialized: C:\\Users\\PVENKA~1\\AppData\\Local\\Temp\\tmp65azurg6\\test_market.duckdb"}
{"ts": "2026-05-11T10:52:05.733Z", "lvl": "INFO", "cat": "dependency", "component": "storage_service", "msg": "StorageService ready — DuckDB:C:\\Users\\PVENKA~1\\AppData\\Local\\Temp\\tmp65azurg6\\test_market.duckdb, SQLite:C:\\Users\\PVENKA~1\\AppData\\Local\\Temp\\tmp65azurg6\\test_journal.db"}
{"ts": "2026-05-11T10:52:05.763Z", "lvl": "DEBUG", "cat": "dependency", "component": "storage_service", "msg": "SQLite tables ensured"}
{"ts": "2026-05-11T10:52:05.763Z", "lvl": "INFO", "cat": "dependency", "component": "storage_service", "msg": "SQLite initialized: C:\\Users\\PVENKA~1\\AppData\\Local\\Temp\\tmp51ggo13x\\test_journal.db"}
{"ts": "2026-05-11T10:52:05.785Z", "lvl": "DEBUG", "cat": "dependency", "component": "storage_service", "msg": "DuckDB tables ensured"}
{"ts": "2026-05-11T10:52:05.785Z", "lvl": "INFO", "cat": "dependency", "component": "storage_service", "msg": "DuckDB initialized: C:\\Users\\PVENKA~1\\AppData\\Local\\Temp\\tmp51ggo13x\\test_market.duckdb"}
{"ts": "2026-05-11T10:52:05.786Z", "lvl": "INFO", "cat": "dependency", "component": "storage_service", "msg": "StorageService ready — DuckDB:C:\\Users\\PVENKA~1\\AppData\\Local\\Temp\\tmp51ggo13x\\test_market.duckdb, SQLite:C:\\Users\\PVENKA~1\\AppData\\Local\\Temp\\tmp51ggo13x\\test_journal.db"}
{"ts": "2026-05-11T10:52:05.814Z", "lvl": "DEBUG", "cat": "dependency", "component": "storage_service", "msg": "SQLite tables ensured"}
{"ts": "2026-05-11T10:52:05.814Z", "lvl": "INFO", "cat": "dependency", "component": "storage_service", "msg": "SQLite initialized: C:\\Users\\PVENKA~1\\AppData\\Local\\Temp\\tmpdra36shw\\test_journal.db"}
{"ts": "2026-05-11T10:52:05.838Z", "lvl": "DEBUG", "cat": "dependency", "component": "storage_service", "msg": "DuckDB tables ensured"}
{"ts": "2026-05-11T10:52:05.838Z", "lvl": "INFO", "cat": "dependency", "component": "storage_service", "msg": "DuckDB initialized: C:\\Users\\PVENKA~1\\AppData\\Local\\Temp\\tmpdra36shw\\test_market.duckdb"}
{"ts": "2026-05-11T10:52:05.838Z", "lvl": "INFO", "cat": "dependency", "component": "storage_service", "msg": "StorageService ready — DuckDB:C:\\Users\\PVENKA~1\\AppData\\Local\\Temp\\tmpdra36shw\\test_market.duckdb, SQLite:C:\\Users\\PVENKA~1\\AppData\\Local\\Temp\\tmpdra36shw\\test_journal.db"}
{"ts": "2026-05-11T10:54:00.271Z", "lvl": "WARNING", "cat": "dependency", "component": "storage_service", "msg": "DuckDB error — retry 1: Binder Error: Column \"regime_label\" referenced that exists in the SELECT clause - but this column cannot be referenced before it is defined"}
{"ts": "2026-05-11T10:54:00.372Z", "lvl": "WARNING", "cat": "dependency", "component": "storage_service", "msg": "DuckDB error — retry 2: Binder Error: Column \"regime_label\" referenced that exists in the SELECT clause - but this column cannot be referenced before it is defined"}
{"ts": "2026-05-11T10:57:01.356Z", "lvl": "WARNING", "cat": "dependency", "component": "storage_service", "msg": "DuckDB error — retry 1: Binder Error: Column \"regime_label\" referenced that exists in the SELECT clause - but this column cannot be referenced before it is defined"}
{"ts": "2026-05-11T10:57:01.459Z", "lvl": "WARNING", "cat": "dependency", "component": "storage_service", "msg": "DuckDB error — retry 2: Binder Error: Column \"regime_label\" referenced that exists in the SELECT clause - but this column cannot be referenced before it is defined"}
