{"ts": "2026-05-11T07:08:52.339Z", "lvl": "INFO", "cat": "trading", "component": "test_component", "msg": "Logger test", "symbol": "XAUUSD", "direction": "BUY"}
{"ts": "2026-05-11T07:08:52.339Z", "lvl": "INFO", "cat": "trading", "component": "trading", "msg": "Trading log test", "symbol": "XAUUSD"}
{"ts": "2026-05-11T07:11:51.257Z", "lvl": "INFO", "cat": "trading", "component": "trading", "msg": "Buy signal fired", "event_type": "SIGNAL_GENERATED", "symbol": "XAUUSD", "direction": "BUY", "strategy": "alpha_breakout", "entry_price": 2350.0, "stop_loss": 2345.5, "take_profit": 2359.0, "quality_score": 72.5, "session": "LONDON", "regime": "STRONG_TREND", "regime_confidence": null, "spread_pips": 0.3, "correlation_id": "SIG_001", "timeframe": null, "system_mode": "TEST"}
{"ts": "2026-05-11T07:11:51.258Z", "lvl": "INFO", "cat": "trading", "component": "trading", "msg": "Trade filled by MT5", "event_type": "TRADE_OPEN", "symbol": "XAUUSD", "direction": "BUY", "lot_size": 0.05, "entry_price": 2350.2, "stop_loss": 2345.5, "take_profit": 2359.0, "order_id": "MT5_12345", "trade_id": "TRD_001", "correlation_id": null, "slippage_pips": 0.2, "latency_ms": 185, "spread_at_fill": 0.3, "strategy": "alpha_breakout", "session": "LONDON", "regime": "STRONG_TREND", "system_mode": "TEST"}
{"ts": "2026-05-11T07:11:51.258Z", "lvl": "INFO", "cat": "trading", "component": "trading", "msg": "Trade closed at TP", "event_type": "TRADE_CLOSE", "symbol": "XAUUSD", "trade_id": "TRD_001", "close_price": 2359.0, "close_reason": "TAKE_PROFIT", "net_pnl": 43.5, "lot_size": null, "entry_price": null, "duration_minutes": null, "gross_pnl": 45.0, "slippage_pips": null, "strategy": "alpha_breakout", "system_mode": "TEST", "session": "LONDON", "regime": "STRONG_TREND"}
{"ts": "2026-05-11T07:11:51.262Z", "lvl": "INFO", "cat": "trading", "component": "trading", "msg": "Sweep signal (EURUSD)", "event_type": "SIGNAL_GENERATED", "symbol": "EURUSD", "direction": "SELL", "strategy": "alpha_sweep", "entry_price": 1.085, "stop_loss": 1.087, "take_profit": 1.081, "quality_score": 65.0, "session": null, "regime": null, "regime_confidence": null, "spread_pips": null, "correlation_id": "SIG_002", "timeframe": null}
{"ts": "2026-05-11T07:48:07.294Z", "lvl": "DEBUG", "cat": "trading", "component": "strategy_base", "msg": "Strategy 'alpha_breakout' initialized"}
{"ts": "2026-05-11T07:48:07.296Z", "lvl": "INFO", "cat": "trading", "component": "alpha_breakout", "msg": "BUY breakout signal: entry=2361.51 SL=2354.48 TP=2375.56 range=36.0pips ATR=4.68"}
{"ts": "2026-05-11T07:48:07.296Z", "lvl": "INFO", "cat": "trading", "component": "alpha_breakout", "msg": "BUY breakout signal: entry=2375.79 SL=2368.59 TP=2390.19 range=70.9pips ATR=4.80"}
{"ts": "2026-05-11T07:48:07.297Z", "lvl": "DEBUG", "cat": "trading", "component": "alpha_breakout", "msg": "Breakout skip: range=109.7pips not in [10.0-80.0]"}
{"ts": "2026-05-11T07:48:07.297Z", "lvl": "DEBUG", "cat": "trading", "component": "alpha_breakout", "msg": "Breakout skip: range=129.3pips not in [10.0-80.0]"}
{"ts": "2026-05-11T07:48:07.297Z", "lvl": "DEBUG", "cat": "trading", "component": "alpha_breakout", "msg": "Breakout skip: range=84.6pips not in [10.0-80.0]"}
{"ts": "2026-05-11T07:48:07.297Z", "lvl": "INFO", "cat": "trading", "component": "alpha_breakout", "msg": "BUY breakout signal: entry=2393.49 SL=2386.63 TP=2407.20 range=47.9pips ATR=4.57"}
{"ts": "2026-05-11T07:48:07.297Z", "lvl": "DEBUG", "cat": "trading", "component": "alpha_breakout", "msg": "Breakout skip: range=87.3pips not in [10.0-80.0]"}
{"ts": "2026-05-11T07:48:07.298Z", "lvl": "DEBUG", "cat": "trading", "component": "alpha_breakout", "msg": "Breakout skip: range=127.5pips not in [10.0-80.0]"}
{"ts": "2026-05-11T07:48:07.298Z", "lvl": "DEBUG", "cat": "trading", "component": "alpha_breakout", "msg": "Breakout skip: range=107.3pips not in [10.0-80.0]"}
{"ts": "2026-05-11T07:48:07.298Z", "lvl": "INFO", "cat": "trading", "component": "alpha_breakout", "msg": "BUY breakout signal: entry=2414.98 SL=2407.68 TP=2429.59 range=50.0pips ATR=4.87"}
{"ts": "2026-05-11T07:48:07.298Z", "lvl": "INFO", "cat": "trading", "component": "alpha_breakout", "msg": "BUY breakout signal: entry=2430.07 SL=2422.70 TP=2444.81 range=73.3pips ATR=4.91"}
{"ts": "2026-05-11T07:48:07.299Z", "lvl": "INFO", "cat": "trading", "component": "alpha_breakout", "msg": "SELL breakout signal: entry=2423.79 SL=2430.57 TP=2410.23 range=55.7pips ATR=4.52"}
{"ts": "2026-05-11T07:48:07.299Z", "lvl": "INFO", "cat": "trading", "component": "alpha_breakout", "msg": "BUY breakout signal: entry=2434.40 SL=2427.74 TP=2447.73 range=64.5pips ATR=4.44"}
{"ts": "2026-05-11T07:48:07.300Z", "lvl": "INFO", "cat": "trading", "component": "alpha_breakout", "msg": "BUY breakout signal: entry=2434.02 SL=2427.49 TP=2447.08 range=62.8pips ATR=4.35"}
{"ts": "2026-05-11T07:48:07.300Z", "lvl": "DEBUG", "cat": "trading", "component": "alpha_breakout", "msg": "Breakout skip: range=117.5pips not in [10.0-80.0]"}
{"ts": "2026-05-11T07:48:07.300Z", "lvl": "DEBUG", "cat": "trading", "component": "alpha_breakout", "msg": "Breakout skip: range=124.1pips not in [10.0-80.0]"}
{"ts": "2026-05-11T07:48:07.301Z", "lvl": "DEBUG", "cat": "trading", "component": "alpha_breakout", "msg": "Breakout skip: range=128.8pips not in [10.0-80.0]"}
{"ts": "2026-05-11T07:48:07.301Z", "lvl": "DEBUG", "cat": "trading", "component": "alpha_breakout", "msg": "Breakout skip: range=93.5pips not in [10.0-80.0]"}
{"ts": "2026-05-11T07:48:07.301Z", "lvl": "DEBUG", "cat": "trading", "component": "alpha_breakout", "msg": "Breakout skip: range=81.7pips not in [10.0-80.0]"}
{"ts": "2026-05-11T07:48:07.301Z", "lvl": "INFO", "cat": "trading", "component": "alpha_breakout", "msg": "BUY breakout signal: entry=2458.59 SL=2451.57 TP=2472.62 range=73.0pips ATR=4.68"}
{"ts": "2026-05-11T07:48:07.302Z", "lvl": "INFO", "cat": "trading", "component": "alpha_breakout", "msg": "BUY breakout signal: entry=2475.20 SL=2468.55 TP=2488.49 range=64.8pips ATR=4.43"}
{"ts": "2026-05-11T07:48:07.302Z", "lvl": "INFO", "cat": "trading", "component": "alpha_breakout", "msg": "BUY breakout signal: entry=2488.59 SL=2481.69 TP=2502.40 range=59.4pips ATR=4.60"}
{"ts": "2026-05-11T07:48:07.302Z", "lvl": "DEBUG", "cat": "trading", "component": "alpha_breakout", "msg": "Breakout skip: range=95.1pips not in [10.0-80.0]"}
{"ts": "2026-05-11T07:48:07.302Z", "lvl": "DEBUG", "cat": "trading", "component": "alpha_breakout", "msg": "Breakout skip: range=99.2pips not in [10.0-80.0]"}
{"ts": "2026-05-11T07:48:07.302Z", "lvl": "DEBUG", "cat": "trading", "component": "alpha_breakout", "msg": "Breakout skip: range=109.2pips not in [10.0-80.0]"}
{"ts": "2026-05-11T07:48:07.303Z", "lvl": "DEBUG", "cat": "trading", "component": "alpha_breakout", "msg": "Breakout skip: range=145.4pips not in [10.0-80.0]"}
{"ts": "2026-05-11T07:48:07.303Z", "lvl": "DEBUG", "cat": "trading", "component": "alpha_breakout", "msg": "Breakout skip: range=108.6pips not in [10.0-80.0]"}
{"ts": "2026-05-11T07:48:07.303Z", "lvl": "DEBUG", "cat": "trading", "component": "alpha_breakout", "msg": "Breakout skip: range=86.7pips not in [10.0-80.0]"}
{"ts": "2026-05-11T07:48:07.303Z", "lvl": "INFO", "cat": "trading", "component": "alpha_breakout", "msg": "BUY breakout signal: entry=2513.35 SL=2506.05 TP=2527.94 range=62.6pips ATR=4.86"}
{"ts": "2026-05-11T07:48:07.303Z", "lvl": "INFO", "cat": "trading", "component": "alpha_breakout", "msg": "BUY breakout signal: entry=2532.49 SL=2525.45 TP=2546.57 range=71.9pips ATR=4.69"}
{"ts": "2026-05-11T07:48:07.304Z", "lvl": "DEBUG", "cat": "trading", "component": "alpha_breakout", "msg": "Breakout skip: range=110.8pips not in [10.0-80.0]"}
{"ts": "2026-05-11T07:48:07.304Z", "lvl": "DEBUG", "cat": "trading", "component": "alpha_breakout", "msg": "Breakout skip: range=118.5pips not in [10.0-80.0]"}
{"ts": "2026-05-11T07:48:07.304Z", "lvl": "DEBUG", "cat": "trading", "component": "alpha_breakout", "msg": "Breakout skip: range=89.5pips not in [10.0-80.0]"}
{"ts": "2026-05-11T07:48:07.305Z", "lvl": "INFO", "cat": "trading", "component": "alpha_breakout", "msg": "BUY breakout signal: entry=2545.72 SL=2538.96 TP=2559.23 range=58.6pips ATR=4.50"}
{"ts": "2026-05-11T07:48:07.305Z", "lvl": "DEBUG", "cat": "trading", "component": "alpha_breakout", "msg": "Breakout skip: range=82.7pips not in [10.0-80.0]"}
{"ts": "2026-05-11T07:48:07.305Z", "lvl": "DEBUG", "cat": "trading", "component": "alpha_breakout", "msg": "Breakout skip: range=105.0pips not in [10.0-80.0]"}
{"ts": "2026-05-11T07:48:07.305Z", "lvl": "DEBUG", "cat": "trading", "component": "alpha_breakout", "msg": "Breakout skip: range=105.0pips not in [10.0-80.0]"}
{"ts": "2026-05-11T07:48:07.305Z", "lvl": "INFO", "cat": "trading", "component": "alpha_breakout", "msg": "BUY breakout signal: entry=2565.42 SL=2558.24 TP=2579.79 range=42.1pips ATR=4.79"}
{"ts": "2026-05-11T07:48:07.306Z", "lvl": "DEBUG", "cat": "trading", "component": "alpha_breakout", "msg": "Breakout skip: range=108.4pips not in [10.0-80.0]"}
{"ts": "2026-05-11T07:48:07.306Z", "lvl": "DEBUG", "cat": "trading", "component": "alpha_breakout", "msg": "Breakout skip: range=138.8pips not in [10.0-80.0]"}
{"ts": "2026-05-11T07:48:07.306Z", "lvl": "DEBUG", "cat": "trading", "component": "alpha_breakout", "msg": "Breakout skip: range=85.8pips not in [10.0-80.0]"}
{"ts": "2026-05-11T07:48:07.307Z", "lvl": "INFO", "cat": "trading", "component": "alpha_breakout", "msg": "BUY breakout signal: entry=2582.66 SL=2575.21 TP=2597.55 range=68.4pips ATR=4.96"}
{"ts": "2026-05-11T07:48:07.307Z", "lvl": "DEBUG", "cat": "trading", "component": "alpha_breakout", "msg": "Breakout skip: range=131.1pips not in [10.0-80.0]"}
{"ts": "2026-05-11T07:48:07.307Z", "lvl": "DEBUG", "cat": "trading", "component": "alpha_breakout", "msg": "Breakout skip: range=130.0pips not in [10.0-80.0]"}
{"ts": "2026-05-11T07:48:07.307Z", "lvl": "INFO", "cat": "trading", "component": "alpha_breakout", "msg": "BUY breakout signal: entry=2604.62 SL=2597.00 TP=2619.86 range=56.0pips ATR=5.08"}
{"ts": "2026-05-11T07:48:07.320Z", "lvl": "DEBUG", "cat": "trading", "component": "strategy_base", "msg": "Strategy 'alpha_breakout' initialized"}
{"ts": "2026-05-11T07:48:07.321Z", "lvl": "INFO", "cat": "trading", "component": "alpha_breakout", "msg": "BUY breakout signal: entry=2355.37 SL=2348.34 TP=2369.43 range=47.5pips ATR=4.69"}
{"ts": "2026-05-11T07:48:07.321Z", "lvl": "INFO", "cat": "trading", "component": "alpha_breakout", "msg": "BUY breakout signal: entry=2370.39 SL=2363.57 TP=2384.04 range=34.6pips ATR=4.55"}
{"ts": "2026-05-11T07:48:07.322Z", "lvl": "DEBUG", "cat": "trading", "component": "alpha_breakout", "msg": "Breakout skip: range=90.2pips not in [10.0-80.0]"}
{"ts": "2026-05-11T07:48:07.322Z", "lvl": "INFO", "cat": "trading", "component": "alpha_breakout", "msg": "BUY breakout signal: entry=2387.05 SL=2380.01 TP=2401.12 range=76.7pips ATR=4.69"}
{"ts": "2026-05-11T07:48:07.322Z", "lvl": "INFO", "cat": "trading", "component": "alpha_breakout", "msg": "SELL breakout signal: entry=2379.72 SL=2386.73 TP=2365.71 range=54.0pips ATR=4.67"}
{"ts": "2026-05-11T07:48:07.322Z", "lvl": "DEBUG", "cat": "trading", "component": "alpha_breakout", "msg": "Breakout skip: range=88.1pips not in [10.0-80.0]"}
{"ts": "2026-05-11T07:48:07.322Z", "lvl": "DEBUG", "cat": "trading", "component": "alpha_breakout", "msg": "Breakout skip: range=89.9pips not in [10.0-80.0]"}
{"ts": "2026-05-11T07:48:07.322Z", "lvl": "DEBUG", "cat": "trading", "component": "alpha_breakout", "msg": "Breakout skip: range=126.8pips not in [10.0-80.0]"}
{"ts": "2026-05-11T07:48:07.322Z", "lvl": "DEBUG", "cat": "trading", "component": "alpha_breakout", "msg": "Breakout skip: range=91.2pips not in [10.0-80.0]"}
{"ts": "2026-05-11T07:48:07.322Z", "lvl": "DEBUG", "cat": "trading", "component": "alpha_breakout", "msg": "Breakout skip: range=96.9pips not in [10.0-80.0]"}
{"ts": "2026-05-11T07:48:07.323Z", "lvl": "INFO", "cat": "trading", "component": "alpha_breakout", "msg": "BUY breakout signal: entry=2398.70 SL=2391.27 TP=2413.56 range=66.0pips ATR=4.95"}
{"ts": "2026-05-11T07:48:07.324Z", "lvl": "INFO", "cat": "trading", "component": "alpha_breakout", "msg": "BUY breakout signal: entry=2414.14 SL=2406.98 TP=2428.46 range=43.3pips ATR=4.77"}
{"ts": "2026-05-11T07:48:07.324Z", "lvl": "INFO", "cat": "trading", "component": "alpha_breakout", "msg": "BUY breakout signal: entry=2427.51 SL=2420.76 TP=2441.01 range=52.9pips ATR=4.50"}
{"ts": "2026-05-11T07:48:07.324Z", "lvl": "DEBUG", "cat": "trading", "component": "alpha_breakout", "msg": "Breakout skip: range=128.1pips not in [10.0-80.0]"}
{"ts": "2026-05-11T07:48:07.324Z", "lvl": "DEBUG", "cat": "trading", "component": "alpha_breakout", "msg": "Breakout skip: range=147.4pips not in [10.0-80.0]"}
{"ts": "2026-05-11T07:48:07.324Z", "lvl": "DEBUG", "cat": "trading", "component": "alpha_breakout", "msg": "Breakout skip: range=123.3pips not in [10.0-80.0]"}
{"ts": "2026-05-11T07:48:07.324Z", "lvl": "DEBUG", "cat": "trading", "component": "alpha_breakout", "msg": "Breakout skip: range=126.4pips not in [10.0-80.0]"}
{"ts": "2026-05-11T07:48:07.324Z", "lvl": "DEBUG", "cat": "trading", "component": "alpha_breakout", "msg": "Breakout skip: range=95.9pips not in [10.0-80.0]"}
{"ts": "2026-05-11T07:48:07.324Z", "lvl": "DEBUG", "cat": "trading", "component": "alpha_breakout", "msg": "Breakout skip: range=80.1pips not in [10.0-80.0]"}
{"ts": "2026-05-11T07:48:07.325Z", "lvl": "INFO", "cat": "trading", "component": "alpha_breakout", "msg": "BUY breakout signal: entry=2448.10 SL=2440.81 TP=2462.68 range=61.7pips ATR=4.86"}
{"ts": "2026-05-11T07:48:07.326Z", "lvl": "DEBUG", "cat": "trading", "component": "alpha_breakout", "msg": "Breakout skip: range=81.1pips not in [10.0-80.0]"}
{"ts": "2026-05-11T07:48:07.326Z", "lvl": "DEBUG", "cat": "trading", "component": "alpha_breakout", "msg": "Breakout skip: range=120.9pips not in [10.0-80.0]"}
{"ts": "2026-05-11T07:48:07.326Z", "lvl": "DEBUG", "cat": "trading", "component": "alpha_breakout", "msg": "Breakout skip: range=108.9pips not in [10.0-80.0]"}
{"ts": "2026-05-11T07:48:07.326Z", "lvl": "DEBUG", "cat": "trading", "component": "alpha_breakout", "msg": "Breakout skip: range=112.1pips not in [10.0-80.0]"}
{"ts": "2026-05-11T07:48:07.326Z", "lvl": "DEBUG", "cat": "trading", "component": "alpha_breakout", "msg": "Breakout skip: range=109.1pips not in [10.0-80.0]"}
{"ts": "2026-05-11T07:48:07.327Z", "lvl": "INFO", "cat": "trading", "component": "alpha_breakout", "msg": "SELL breakout signal: entry=2468.07 SL=2475.38 TP=2453.45 range=68.3pips ATR=4.87"}
{"ts": "2026-05-11T07:48:07.327Z", "lvl": "INFO", "cat": "trading", "component": "alpha_breakout", "msg": "BUY breakout signal: entry=2475.89 SL=2468.68 TP=2490.32 range=47.5pips ATR=4.81"}
{"ts": "2026-05-11T07:48:07.327Z", "lvl": "INFO", "cat": "trading", "component": "alpha_breakout", "msg": "SELL breakout signal: entry=2467.56 SL=2474.47 TP=2453.74 range=78.0pips ATR=4.61"}
{"ts": "2026-05-11T07:48:07.327Z", "lvl": "INFO", "cat": "trading", "component": "alpha_breakout", "msg": "BUY breakout signal: entry=2474.59 SL=2467.34 TP=2489.09 range=78.4pips ATR=4.83"}
{"ts": "2026-05-11T07:48:07.328Z", "lvl": "DEBUG", "cat": "trading", "component": "alpha_breakout", "msg": "Breakout skip: range=93.5pips not in [10.0-80.0]"}
{"ts": "2026-05-11T07:48:07.328Z", "lvl": "DEBUG", "cat": "trading", "component": "alpha_breakout", "msg": "Breakout skip: range=99.0pips not in [10.0-80.0]"}
{"ts": "2026-05-11T07:48:07.328Z", "lvl": "INFO", "cat": "trading", "component": "alpha_breakout", "msg": "BUY breakout signal: entry=2495.54 SL=2488.04 TP=2510.55 range=77.2pips ATR=5.00"}
{"ts": "2026-05-11T07:48:07.329Z", "lvl": "INFO", "cat": "trading", "component": "alpha_breakout", "msg": "BUY breakout signal: entry=2509.95 SL=2502.92 TP=2524.01 range=55.3pips ATR=4.69"}
{"ts": "2026-05-11T07:48:07.329Z", "lvl": "DEBUG", "cat": "trading", "component": "alpha_breakout", "msg": "Breakout skip: range=82.5pips not in [10.0-80.0]"}
{"ts": "2026-05-11T07:48:07.329Z", "lvl": "INFO", "cat": "trading", "component": "alpha_breakout", "msg": "BUY breakout signal: entry=2528.12 SL=2520.94 TP=2542.49 range=59.0pips ATR=4.79"}
{"ts": "2026-05-11T07:48:07.329Z", "lvl": "DEBUG", "cat": "trading", "component": "alpha_breakout", "msg": "Breakout skip: range=94.3pips not in [10.0-80.0]"}
{"ts": "2026-05-11T07:48:07.330Z", "lvl": "DEBUG", "cat": "trading", "component": "alpha_breakout", "msg": "Breakout skip: range=108.6pips not in [10.0-80.0]"}
{"ts": "2026-05-11T07:48:07.330Z", "lvl": "DEBUG", "cat": "trading", "component": "alpha_breakout", "msg": "Breakout skip: range=96.3pips not in [10.0-80.0]"}
{"ts": "2026-05-11T07:48:07.330Z", "lvl": "DEBUG", "cat": "trading", "component": "alpha_breakout", "msg": "Breakout skip: range=115.7pips not in [10.0-80.0]"}
{"ts": "2026-05-11T07:48:07.331Z", "lvl": "INFO", "cat": "trading", "component": "alpha_breakout", "msg": "SELL breakout signal: entry=2542.22 SL=2548.69 TP=2529.29 range=44.6pips ATR=4.31"}
{"ts": "2026-05-11T07:48:07.332Z", "lvl": "INFO", "cat": "trading", "component": "alpha_breakout", "msg": "BUY breakout signal: entry=2552.92 SL=2545.96 TP=2566.83 range=68.7pips ATR=4.64"}
{"ts": "2026-05-11T07:48:07.332Z", "lvl": "DEBUG", "cat": "trading", "component": "alpha_breakout", "msg": "Breakout skip: range=106.1pips not in [10.0-80.0]"}
{"ts": "2026-05-11T07:48:07.332Z", "lvl": "DEBUG", "cat": "trading", "component": "alpha_breakout", "msg": "Breakout skip: range=109.8pips not in [10.0-80.0]"}
{"ts": "2026-05-11T07:48:07.334Z", "lvl": "DEBUG", "cat": "trading", "component": "strategy_base", "msg": "Strategy 'alpha_breakout' initialized"}
{"ts": "2026-05-11T07:48:07.334Z", "lvl": "INFO", "cat": "trading", "component": "alpha_breakout", "msg": "BUY breakout signal: entry=2343.84 SL=2336.94 TP=2357.64 range=63.5pips ATR=4.60"}
{"ts": "2026-05-11T07:48:07.335Z", "lvl": "DEBUG", "cat": "trading", "component": "alpha_breakout", "msg": "Breakout skip: range=99.8pips not in [10.0-80.0]"}
{"ts": "2026-05-11T07:48:07.336Z", "lvl": "DEBUG", "cat": "trading", "component": "alpha_breakout", "msg": "Breakout skip: range=110.1pips not in [10.0-80.0]"}
{"ts": "2026-05-11T07:48:07.336Z", "lvl": "DEBUG", "cat": "trading", "component": "alpha_breakout", "msg": "Breakout skip: range=93.3pips not in [10.0-80.0]"}
{"ts": "2026-05-11T07:48:07.336Z", "lvl": "INFO", "cat": "trading", "component": "alpha_breakout", "msg": "BUY breakout signal: entry=2361.99 SL=2354.39 TP=2377.18 range=74.0pips ATR=5.06"}
{"ts": "2026-05-11T07:48:07.336Z", "lvl": "DEBUG", "cat": "trading", "component": "alpha_breakout", "msg": "Breakout skip: range=95.0pips not in [10.0-80.0]"}
{"ts": "2026-05-11T07:48:07.336Z", "lvl": "INFO", "cat": "trading", "component": "alpha_breakout", "msg": "BUY breakout signal: entry=2381.65 SL=2374.02 TP=2396.92 range=75.4pips ATR=5.09"}
{"ts": "2026-05-11T07:48:07.336Z", "lvl": "DEBUG", "cat": "trading", "component": "alpha_breakout", "msg": "Breakout skip: range=127.4pips not in [10.0-80.0]"}
{"ts": "2026-05-11T07:48:07.337Z", "lvl": "DEBUG", "cat": "trading", "component": "alpha_breakout", "msg": "Breakout skip: range=126.9pips not in [10.0-80.0]"}
{"ts": "2026-05-11T07:48:07.337Z", "lvl": "DEBUG", "cat": "trading", "component": "alpha_breakout", "msg": "Breakout skip: range=96.2pips not in [10.0-80.0]"}
{"ts": "2026-05-11T07:48:07.337Z", "lvl": "DEBUG", "cat": "trading", "component": "alpha_breakout", "msg": "Breakout skip: range=83.0pips not in [10.0-80.0]"}
{"ts": "2026-05-11T07:48:07.337Z", "lvl": "DEBUG", "cat": "trading", "component": "alpha_breakout", "msg": "Breakout skip: range=80.9pips not in [10.0-80.0]"}
{"ts": "2026-05-11T07:48:07.337Z", "lvl": "DEBUG", "cat": "trading", "component": "alpha_breakout", "msg": "Breakout skip: range=80.9pips not in [10.0-80.0]"}
{"ts": "2026-05-11T07:48:07.337Z", "lvl": "DEBUG", "cat": "trading", "component": "alpha_breakout", "msg": "Breakout skip: range=111.1pips not in [10.0-80.0]"}
{"ts": "2026-05-11T07:48:07.337Z", "lvl": "DEBUG", "cat": "trading", "component": "alpha_breakout", "msg": "Breakout skip: range=91.7pips not in [10.0-80.0]"}
{"ts": "2026-05-11T07:48:07.338Z", "lvl": "DEBUG", "cat": "trading", "component": "alpha_breakout", "msg": "Breakout skip: range=91.1pips not in [10.0-80.0]"}
{"ts": "2026-05-11T07:48:07.338Z", "lvl": "INFO", "cat": "trading", "component": "alpha_breakout", "msg": "BUY breakout signal: entry=2411.32 SL=2403.47 TP=2427.02 range=51.5pips ATR=5.23"}
{"ts": "2026-05-11T07:48:07.338Z", "lvl": "DEBUG", "cat": "trading", "component": "alpha_breakout", "msg": "Breakout skip: range=86.0pips not in [10.0-80.0]"}
{"ts": "2026-05-11T07:48:07.338Z", "lvl": "DEBUG", "cat": "trading", "component": "alpha_breakout", "msg": "Breakout skip: range=92.0pips not in [10.0-80.0]"}
{"ts": "2026-05-11T07:48:07.338Z", "lvl": "DEBUG", "cat": "trading", "component": "alpha_breakout", "msg": "Breakout skip: range=106.1pips not in [10.0-80.0]"}
{"ts": "2026-05-11T07:48:07.338Z", "lvl": "DEBUG", "cat": "trading", "component": "alpha_breakout", "msg": "Breakout skip: range=104.3pips not in [10.0-80.0]"}
{"ts": "2026-05-11T07:48:07.338Z", "lvl": "DEBUG", "cat": "trading", "component": "alpha_breakout", "msg": "Breakout skip: range=92.8pips not in [10.0-80.0]"}
{"ts": "2026-05-11T07:48:07.338Z", "lvl": "DEBUG", "cat": "trading", "component": "alpha_breakout", "msg": "Breakout skip: range=92.8pips not in [10.0-80.0]"}
{"ts": "2026-05-11T07:48:07.339Z", "lvl": "INFO", "cat": "trading", "component": "alpha_breakout", "msg": "BUY breakout signal: entry=2434.89 SL=2427.33 TP=2450.01 range=43.6pips ATR=5.04"}
{"ts": "2026-05-11T07:48:07.339Z", "lvl": "DEBUG", "cat": "trading", "component": "alpha_breakout", "msg": "Breakout skip: range=101.6pips not in [10.0-80.0]"}
{"ts": "2026-05-11T07:48:07.339Z", "lvl": "DEBUG", "cat": "trading", "component": "alpha_breakout", "msg": "Breakout skip: range=84.5pips not in [10.0-80.0]"}
{"ts": "2026-05-11T07:48:07.339Z", "lvl": "INFO", "cat": "trading", "component": "alpha_breakout", "msg": "BUY breakout signal: entry=2453.95 SL=2446.75 TP=2468.34 range=52.4pips ATR=4.80"}
{"ts": "2026-05-11T07:48:07.339Z", "lvl": "INFO", "cat": "trading", "component": "alpha_breakout", "msg": "BUY breakout signal: entry=2470.30 SL=2462.91 TP=2485.09 range=69.3pips ATR=4.93"}
{"ts": "2026-05-11T07:48:07.340Z", "lvl": "INFO", "cat": "trading", "component": "alpha_breakout", "msg": "BUY breakout signal: entry=2484.40 SL=2476.99 TP=2499.22 range=59.2pips ATR=4.94"}
{"ts": "2026-05-11T07:48:07.340Z", "lvl": "DEBUG", "cat": "trading", "component": "alpha_breakout", "msg": "Breakout skip: range=120.0pips not in [10.0-80.0]"}
{"ts": "2026-05-11T07:48:07.340Z", "lvl": "DEBUG", "cat": "trading", "component": "alpha_breakout", "msg": "Breakout skip: range=145.0pips not in [10.0-80.0]"}
{"ts": "2026-05-11T07:48:07.340Z", "lvl": "DEBUG", "cat": "trading", "component": "alpha_breakout", "msg": "Breakout skip: range=151.1pips not in [10.0-80.0]"}
{"ts": "2026-05-11T07:48:07.340Z", "lvl": "DEBUG", "cat": "trading", "component": "alpha_breakout", "msg": "Breakout skip: range=115.2pips not in [10.0-80.0]"}
{"ts": "2026-05-11T07:48:07.340Z", "lvl": "INFO", "cat": "trading", "component": "alpha_breakout", "msg": "BUY breakout signal: entry=2511.26 SL=2503.64 TP=2526.51 range=72.4pips ATR=5.08"}
{"ts": "2026-05-11T07:48:07.341Z", "lvl": "DEBUG", "cat": "trading", "component": "alpha_breakout", "msg": "Breakout skip: range=99.9pips not in [10.0-80.0]"}
{"ts": "2026-05-11T07:48:07.341Z", "lvl": "DEBUG", "cat": "trading", "component": "alpha_breakout", "msg": "Breakout skip: range=101.9pips not in [10.0-80.0]"}
{"ts": "2026-05-11T07:48:07.341Z", "lvl": "DEBUG", "cat": "trading", "component": "alpha_breakout", "msg": "Breakout skip: range=101.8pips not in [10.0-80.0]"}
{"ts": "2026-05-11T07:48:07.342Z", "lvl": "INFO", "cat": "trading", "component": "alpha_breakout", "msg": "BUY breakout signal: entry=2531.66 SL=2524.72 TP=2545.54 range=45.9pips ATR=4.63"}
{"ts": "2026-05-11T07:48:07.342Z", "lvl": "INFO", "cat": "trading", "component": "alpha_breakout", "msg": "SELL breakout signal: entry=2535.96 SL=2542.87 TP=2522.13 range=62.8pips ATR=4.61"}
{"ts": "2026-05-11T07:48:07.342Z", "lvl": "DEBUG", "cat": "trading", "component": "alpha_breakout", "msg": "Breakout skip: range=80.8pips not in [10.0-80.0]"}
{"ts": "2026-05-11T07:48:07.343Z", "lvl": "INFO", "cat": "trading", "component": "alpha_breakout", "msg": "SELL breakout signal: entry=2537.40 SL=2544.17 TP=2523.87 range=52.1pips ATR=4.51"}
{"ts": "2026-05-11T07:48:07.343Z", "lvl": "INFO", "cat": "trading", "component": "alpha_breakout", "msg": "BUY breakout signal: entry=2545.40 SL=2538.38 TP=2559.43 range=70.5pips ATR=4.68"}
{"ts": "2026-05-11T07:48:07.343Z", "lvl": "INFO", "cat": "trading", "component": "alpha_breakout", "msg": "BUY breakout signal: entry=2559.83 SL=2552.46 TP=2574.57 range=71.8pips ATR=4.91"}
{"ts": "2026-05-11T07:48:07.343Z", "lvl": "DEBUG", "cat": "trading", "component": "alpha_breakout", "msg": "Breakout skip: range=148.7pips not in [10.0-80.0]"}
{"ts": "2026-05-11T07:48:07.343Z", "lvl": "DEBUG", "cat": "trading", "component": "alpha_breakout", "msg": "Breakout skip: range=152.8pips not in [10.0-80.0]"}
{"ts": "2026-05-11T07:48:07.343Z", "lvl": "DEBUG", "cat": "trading", "component": "alpha_breakout", "msg": "Breakout skip: range=97.4pips not in [10.0-80.0]"}
{"ts": "2026-05-11T07:48:07.343Z", "lvl": "INFO", "cat": "trading", "component": "alpha_breakout", "msg": "BUY breakout signal: entry=2578.71 SL=2571.28 TP=2593.57 range=52.7pips ATR=4.95"}
{"ts": "2026-05-11T07:48:07.344Z", "lvl": "INFO", "cat": "trading", "component": "alpha_breakout", "msg": "BUY breakout signal: entry=2593.98 SL=2586.47 TP=2608.99 range=64.2pips ATR=5.00"}
{"ts": "2026-05-11T07:48:07.345Z", "lvl": "INFO", "cat": "trading", "component": "alpha_breakout", "msg": "BUY breakout signal: entry=2608.79 SL=2601.78 TP=2622.80 range=41.0pips ATR=4.67"}
{"ts": "2026-05-11T07:48:07.345Z", "lvl": "INFO", "cat": "trading", "component": "alpha_breakout", "msg": "BUY breakout signal: entry=2623.75 SL=2617.16 TP=2636.93 range=58.6pips ATR=4.39"}
{"ts": "2026-05-11T07:48:07.347Z", "lvl": "DEBUG", "cat": "trading", "component": "strategy_base", "msg": "Strategy 'alpha_breakout' initialized"}
{"ts": "2026-05-11T07:48:07.349Z", "lvl": "DEBUG", "cat": "trading", "component": "strategy_base", "msg": "Strategy 'alpha_breakout' initialized"}
{"ts": "2026-05-11T07:48:07.349Z", "lvl": "INFO", "cat": "trading", "component": "alpha_breakout", "msg": "BUY breakout signal: entry=2343.42 SL=2336.88 TP=2356.49 range=49.1pips ATR=4.36"}
{"ts": "2026-05-11T07:48:07.349Z", "lvl": "INFO", "cat": "trading", "component": "alpha_breakout", "msg": "BUY breakout signal: entry=2357.01 SL=2350.75 TP=2369.54 range=41.3pips ATR=4.18"}
{"ts": "2026-05-11T07:48:07.351Z", "lvl": "INFO", "cat": "trading", "component": "alpha_breakout", "msg": "SELL breakout signal: entry=2350.08 SL=2356.57 TP=2337.10 range=69.5pips ATR=4.33"}
{"ts": "2026-05-11T07:48:07.351Z", "lvl": "INFO", "cat": "trading", "component": "alpha_breakout", "msg": "BUY breakout signal: entry=2355.91 SL=2349.55 TP=2368.63 range=46.6pips ATR=4.24"}
{"ts": "2026-05-11T07:48:07.351Z", "lvl": "DEBUG", "cat": "trading", "component": "alpha_breakout", "msg": "Breakout skip: range=80.8pips not in [10.0-80.0]"}
{"ts": "2026-05-11T07:48:07.351Z", "lvl": "DEBUG", "cat": "trading", "component": "alpha_breakout", "msg": "Breakout skip: range=97.0pips not in [10.0-80.0]"}
{"ts": "2026-05-11T07:48:07.351Z", "lvl": "DEBUG", "cat": "trading", "component": "alpha_breakout", "msg": "Breakout skip: range=84.6pips not in [10.0-80.0]"}
{"ts": "2026-05-11T07:48:07.351Z", "lvl": "DEBUG", "cat": "trading", "component": "alpha_breakout", "msg": "Breakout skip: range=89.4pips not in [10.0-80.0]"}
{"ts": "2026-05-11T07:48:07.351Z", "lvl": "DEBUG", "cat": "trading", "component": "alpha_breakout", "msg": "Breakout skip: range=89.1pips not in [10.0-80.0]"}
{"ts": "2026-05-11T07:48:07.352Z", "lvl": "INFO", "cat": "trading", "component": "alpha_breakout", "msg": "BUY breakout signal: entry=2360.32 SL=2353.59 TP=2373.77 range=71.9pips ATR=4.48"}
{"ts": "2026-05-11T07:48:07.352Z", "lvl": "DEBUG", "cat": "trading", "component": "alpha_breakout", "msg": "Breakout skip: range=138.9pips not in [10.0-80.0]"}
{"ts": "2026-05-11T07:48:07.352Z", "lvl": "DEBUG", "cat": "trading", "component": "alpha_breakout", "msg": "Breakout skip: range=133.1pips not in [10.0-80.0]"}
{"ts": "2026-05-11T07:48:07.352Z", "lvl": "DEBUG", "cat": "trading", "component": "alpha_breakout", "msg": "Breakout skip: range=102.0pips not in [10.0-80.0]"}
{"ts": "2026-05-11T07:48:07.353Z", "lvl": "DEBUG", "cat": "trading", "component": "alpha_breakout", "msg": "Breakout skip: range=85.3pips not in [10.0-80.0]"}
{"ts": "2026-05-11T07:48:07.353Z", "lvl": "DEBUG", "cat": "trading", "component": "alpha_breakout", "msg": "Breakout skip: range=116.2pips not in [10.0-80.0]"}
{"ts": "2026-05-11T07:48:07.353Z", "lvl": "DEBUG", "cat": "trading", "component": "alpha_breakout", "msg": "Breakout skip: range=157.2pips not in [10.0-80.0]"}
{"ts": "2026-05-11T07:48:07.353Z", "lvl": "DEBUG", "cat": "trading", "component": "alpha_breakout", "msg": "Breakout skip: range=118.8pips not in [10.0-80.0]"}
{"ts": "2026-05-11T07:48:07.353Z", "lvl": "INFO", "cat": "trading", "component": "alpha_breakout", "msg": "BUY breakout signal: entry=2391.12 SL=2383.12 TP=2407.12 range=68.5pips ATR=5.33"}
{"ts": "2026-05-11T07:48:07.353Z", "lvl": "DEBUG", "cat": "trading", "component": "alpha_breakout", "msg": "Breakout skip: range=90.1pips not in [10.0-80.0]"}
{"ts": "2026-05-11T07:48:07.353Z", "lvl": "DEBUG", "cat": "trading", "component": "alpha_breakout", "msg": "Breakout skip: range=114.1pips not in [10.0-80.0]"}
{"ts": "2026-05-11T07:48:07.353Z", "lvl": "DEBUG", "cat": "trading", "component": "alpha_breakout", "msg": "Breakout skip: range=138.5pips not in [10.0-80.0]"}
{"ts": "2026-05-11T07:48:07.354Z", "lvl": "DEBUG", "cat": "trading", "component": "alpha_breakout", "msg": "Breakout skip: range=103.3pips not in [10.0-80.0]"}
{"ts": "2026-05-11T07:48:07.354Z", "lvl": "DEBUG", "cat": "trading", "component": "alpha_breakout", "msg": "Breakout skip: range=101.7pips not in [10.0-80.0]"}
{"ts": "2026-05-11T07:48:07.354Z", "lvl": "DEBUG", "cat": "trading", "component": "alpha_breakout", "msg": "Breakout skip: range=90.0pips not in [10.0-80.0]"}
{"ts": "2026-05-11T07:48:07.354Z", "lvl": "DEBUG", "cat": "trading", "component": "alpha_breakout", "msg": "Breakout skip: range=98.4pips not in [10.0-80.0]"}
{"ts": "2026-05-11T07:48:07.354Z", "lvl": "INFO", "cat": "trading", "component": "alpha_breakout", "msg": "BUY breakout signal: entry=2426.08 SL=2418.70 TP=2440.83 range=62.4pips ATR=4.92"}
{"ts": "2026-05-11T07:48:07.354Z", "lvl": "DEBUG", "cat": "trading", "component": "alpha_breakout", "msg": "Breakout skip: range=98.8pips not in [10.0-80.0]"}
{"ts": "2026-05-11T07:48:07.354Z", "lvl": "DEBUG", "cat": "trading", "component": "alpha_breakout", "msg": "Breakout skip: range=95.9pips not in [10.0-80.0]"}
{"ts": "2026-05-11T07:48:07.354Z", "lvl": "DEBUG", "cat": "trading", "component": "alpha_breakout", "msg": "Breakout skip: range=80.7pips not in [10.0-80.0]"}
{"ts": "2026-05-11T07:48:07.355Z", "lvl": "INFO", "cat": "trading", "component": "alpha_breakout", "msg": "BUY breakout signal: entry=2444.03 SL=2437.12 TP=2457.85 range=71.2pips ATR=4.61"}
{"ts": "2026-05-11T07:48:07.356Z", "lvl": "INFO", "cat": "trading", "component": "alpha_breakout", "msg": "BUY breakout signal: entry=2458.31 SL=2451.28 TP=2472.38 range=56.4pips ATR=4.69"}
{"ts": "2026-05-11T07:48:07.356Z", "lvl": "INFO", "cat": "trading", "component": "alpha_breakout", "msg": "BUY breakout signal: entry=2475.62 SL=2468.79 TP=2489.29 range=56.6pips ATR=4.56"}
{"ts": "2026-05-11T07:48:07.357Z", "lvl": "INFO", "cat": "trading", "component": "alpha_breakout", "msg": "BUY breakout signal: entry=2492.53 SL=2485.28 TP=2507.03 range=63.1pips ATR=4.83"}
{"ts": "2026-05-11T07:48:07.357Z", "lvl": "DEBUG", "cat": "trading", "component": "alpha_breakout", "msg": "Breakout skip: range=83.8pips not in [10.0-80.0]"}
{"ts": "2026-05-11T07:48:07.357Z", "lvl": "DEBUG", "cat": "trading", "component": "alpha_breakout", "msg": "Breakout skip: range=102.3pips not in [10.0-80.0]"}
{"ts": "2026-05-11T07:48:07.357Z", "lvl": "DEBUG", "cat": "trading", "component": "alpha_breakout", "msg": "Breakout skip: range=98.6pips not in [10.0-80.0]"}
{"ts": "2026-05-11T07:48:07.357Z", "lvl": "DEBUG", "cat": "trading", "component": "alpha_breakout", "msg": "Breakout skip: range=90.4pips not in [10.0-80.0]"}
{"ts": "2026-05-11T07:48:07.357Z", "lvl": "DEBUG", "cat": "trading", "component": "alpha_breakout", "msg": "Breakout skip: range=107.8pips not in [10.0-80.0]"}
{"ts": "2026-05-11T07:48:07.357Z", "lvl": "DEBUG", "cat": "trading", "component": "alpha_breakout", "msg": "Breakout skip: range=102.2pips not in [10.0-80.0]"}
{"ts": "2026-05-11T07:48:07.357Z", "lvl": "DEBUG", "cat": "trading", "component": "alpha_breakout", "msg": "Breakout skip: range=82.5pips not in [10.0-80.0]"}
{"ts": "2026-05-11T07:48:07.358Z", "lvl": "INFO", "cat": "trading", "component": "alpha_breakout", "msg": "BUY breakout signal: entry=2498.90 SL=2492.10 TP=2512.50 range=50.3pips ATR=4.53"}
{"ts": "2026-05-11T07:48:07.358Z", "lvl": "INFO", "cat": "trading", "component": "alpha_breakout", "msg": "BUY breakout signal: entry=2511.23 SL=2504.49 TP=2524.71 range=77.6pips ATR=4.49"}
{"ts": "2026-05-11T07:48:07.359Z", "lvl": "INFO", "cat": "trading", "component": "alpha_breakout", "msg": "BUY breakout signal: entry=2524.28 SL=2517.07 TP=2538.71 range=72.6pips ATR=4.81"}
{"ts": "2026-05-11T07:48:07.359Z", "lvl": "DEBUG", "cat": "trading", "component": "alpha_breakout", "msg": "Breakout skip: range=82.1pips not in [10.0-80.0]"}
{"ts": "2026-05-11T07:48:07.359Z", "lvl": "INFO", "cat": "trading", "component": "alpha_breakout", "msg": "BUY breakout signal: entry=2543.94 SL=2536.53 TP=2558.76 range=63.0pips ATR=4.94"}
{"ts": "2026-05-11T07:48:07.360Z", "lvl": "INFO", "cat": "trading", "component": "alpha_breakout", "msg": "BUY breakout signal: entry=2558.05 SL=2551.00 TP=2572.16 range=69.9pips ATR=4.70"}
{"ts": "2026-05-11T07:48:09.218Z", "lvl": "DEBUG", "cat": "trading", "component": "trade_repository", "msg": "Trade inserted: decde0fa-0a31-4db7-8bc6-592a7b72686f | XAUUSD BUY"}
{"ts": "2026-05-11T07:48:09.239Z", "lvl": "DEBUG", "cat": "trading", "component": "trade_repository", "msg": "Trade inserted: d4f34c39-adbe-41bd-b63e-680b8aebc0bb | XAUUSD BUY"}
{"ts": "2026-05-11T07:48:09.253Z", "lvl": "DEBUG", "cat": "trading", "component": "trade_repository", "msg": "Trade inserted: f0678775-2b24-4fea-a7ec-0402ef351956 | XAUUSD BUY"}
{"ts": "2026-05-11T07:48:09.253Z", "lvl": "INFO", "cat": "trading", "component": "trade_repository", "msg": "Trade closed: f0678775-2b24-4fea-a7ec-0402ef351956 | net_pnl=+145.00 reason=TAKE_PROFIT"}
{"ts": "2026-05-11T07:48:09.272Z", "lvl": "DEBUG", "cat": "trading", "component": "trade_repository", "msg": "Trade inserted: b7584484-03e0-4bb9-a13f-687a6eac7efe | XAUUSD BUY"}
{"ts": "2026-05-11T07:48:09.272Z", "lvl": "INFO", "cat": "trading", "component": "trade_repository", "msg": "Trade closed: b7584484-03e0-4bb9-a13f-687a6eac7efe | net_pnl=+95.00 reason=TAKE_PROFIT"}
{"ts": "2026-05-11T07:49:33.312Z", "lvl": "DEBUG", "cat": "trading", "component": "strategy_base", "msg": "Strategy 'alpha_breakout' initialized"}
{"ts": "2026-05-11T08:11:27.752Z", "lvl": "DEBUG", "cat": "trading", "component": "strategy_base", "msg": "Strategy 'alpha_breakout' initialized"}
{"ts": "2026-05-11T08:21:08.998Z", "lvl": "DEBUG", "cat": "trading", "component": "strategy_base", "msg": "Strategy 'alpha_breakout' initialized"}
{"ts": "2026-05-11T08:21:09.000Z", "lvl": "INFO", "cat": "trading", "component": "alpha_breakout", "msg": "SELL breakout signal: entry=2333.43 SL=2340.26 TP=2319.77 range=56.4pips ATR=4.55"}
{"ts": "2026-05-11T08:21:09.000Z", "lvl": "INFO", "cat": "trading", "component": "alpha_breakout", "msg": "BUY breakout signal: entry=2339.94 SL=2333.25 TP=2353.33 range=50.7pips ATR=4.46"}
{"ts": "2026-05-11T08:21:09.000Z", "lvl": "DEBUG", "cat": "trading", "component": "alpha_breakout", "msg": "Breakout skip: range=94.5pips not in [10.0-80.0]"}
{"ts": "2026-05-11T08:21:09.000Z", "lvl": "DEBUG", "cat": "trading", "component": "alpha_breakout", "msg": "Breakout skip: range=116.1pips not in [10.0-80.0]"}
{"ts": "2026-05-11T08:21:09.001Z", "lvl": "DEBUG", "cat": "trading", "component": "alpha_breakout", "msg": "Breakout skip: range=151.9pips not in [10.0-80.0]"}
{"ts": "2026-05-11T08:21:09.001Z", "lvl": "DEBUG", "cat": "trading", "component": "alpha_breakout", "msg": "Breakout skip: range=140.7pips not in [10.0-80.0]"}
{"ts": "2026-05-11T08:21:09.001Z", "lvl": "DEBUG", "cat": "trading", "component": "alpha_breakout", "msg": "Breakout skip: range=106.3pips not in [10.0-80.0]"}
{"ts": "2026-05-11T08:21:09.001Z", "lvl": "INFO", "cat": "trading", "component": "alpha_breakout", "msg": "SELL breakout signal: entry=2356.25 SL=2363.13 TP=2342.49 range=59.7pips ATR=4.59"}
{"ts": "2026-05-11T08:21:09.001Z", "lvl": "INFO", "cat": "trading", "component": "alpha_breakout", "msg": "BUY breakout signal: entry=2365.84 SL=2358.68 TP=2380.17 range=78.4pips ATR=4.78"}
{"ts": "2026-05-11T08:21:09.001Z", "lvl": "INFO", "cat": "trading", "component": "alpha_breakout", "msg": "BUY breakout signal: entry=2379.36 SL=2372.38 TP=2393.32 range=40.6pips ATR=4.65"}
{"ts": "2026-05-11T08:21:09.001Z", "lvl": "DEBUG", "cat": "trading", "component": "alpha_breakout", "msg": "Breakout skip: range=111.4pips not in [10.0-80.0]"}
{"ts": "2026-05-11T08:21:09.001Z", "lvl": "DEBUG", "cat": "trading", "component": "alpha_breakout", "msg": "Breakout skip: range=105.4pips not in [10.0-80.0]"}
{"ts": "2026-05-11T08:21:09.002Z", "lvl": "DEBUG", "cat": "trading", "component": "alpha_breakout", "msg": "Breakout skip: range=99.9pips not in [10.0-80.0]"}
{"ts": "2026-05-11T08:21:09.002Z", "lvl": "DEBUG", "cat": "trading", "component": "alpha_breakout", "msg": "Breakout skip: range=94.9pips not in [10.0-80.0]"}
{"ts": "2026-05-11T08:21:09.002Z", "lvl": "DEBUG", "cat": "trading", "component": "alpha_breakout", "msg": "Breakout skip: range=109.3pips not in [10.0-80.0]"}
{"ts": "2026-05-11T08:21:09.003Z", "lvl": "INFO", "cat": "trading", "component": "alpha_breakout", "msg": "BUY breakout signal: entry=2404.72 SL=2398.01 TP=2418.14 range=49.3pips ATR=4.47"}
{"ts": "2026-05-11T08:21:09.003Z", "lvl": "INFO", "cat": "trading", "component": "alpha_breakout", "msg": "BUY breakout signal: entry=2417.37 SL=2410.82 TP=2430.48 range=52.0pips ATR=4.37"}
{"ts": "2026-05-11T08:21:09.003Z", "lvl": "DEBUG", "cat": "trading", "component": "alpha_breakout", "msg": "Breakout skip: range=111.7pips not in [10.0-80.0]"}
{"ts": "2026-05-11T08:21:09.003Z", "lvl": "DEBUG", "cat": "trading", "component": "alpha_breakout", "msg": "Breakout skip: range=87.3pips not in [10.0-80.0]"}
{"ts": "2026-05-11T08:21:09.003Z", "lvl": "DEBUG", "cat": "trading", "component": "alpha_breakout", "msg": "Breakout skip: range=100.1pips not in [10.0-80.0]"}
{"ts": "2026-05-11T08:21:09.003Z", "lvl": "DEBUG", "cat": "trading", "component": "alpha_breakout", "msg": "Breakout skip: range=83.4pips not in [10.0-80.0]"}
{"ts": "2026-05-11T08:21:09.004Z", "lvl": "DEBUG", "cat": "trading", "component": "alpha_breakout", "msg": "Breakout skip: range=81.9pips not in [10.0-80.0]"}
{"ts": "2026-05-11T08:21:09.004Z", "lvl": "DEBUG", "cat": "trading", "component": "alpha_breakout", "msg": "Breakout skip: range=112.8pips not in [10.0-80.0]"}
{"ts": "2026-05-11T08:21:09.004Z", "lvl": "DEBUG", "cat": "trading", "component": "alpha_breakout", "msg": "Breakout skip: range=95.4pips not in [10.0-80.0]"}
{"ts": "2026-05-11T08:21:09.004Z", "lvl": "INFO", "cat": "trading", "component": "alpha_breakout", "msg": "BUY breakout signal: entry=2442.69 SL=2436.10 TP=2455.87 range=41.5pips ATR=4.39"}
{"ts": "2026-05-11T08:21:09.005Z", "lvl": "DEBUG", "cat": "trading", "component": "alpha_breakout", "msg": "Breakout skip: range=133.6pips not in [10.0-80.0]"}
{"ts": "2026-05-11T08:21:09.005Z", "lvl": "DEBUG", "cat": "trading", "component": "alpha_breakout", "msg": "Breakout skip: range=109.1pips not in [10.0-80.0]"}
{"ts": "2026-05-11T08:21:09.006Z", "lvl": "INFO", "cat": "trading", "component": "alpha_breakout", "msg": "BUY breakout signal: entry=2458.91 SL=2451.99 TP=2472.75 range=47.1pips ATR=4.61"}
{"ts": "2026-05-11T08:21:09.006Z", "lvl": "INFO", "cat": "trading", "component": "alpha_breakout", "msg": "BUY breakout signal: entry=2472.95 SL=2465.86 TP=2487.12 range=59.4pips ATR=4.72"}
{"ts": "2026-05-11T08:21:09.007Z", "lvl": "DEBUG", "cat": "trading", "component": "alpha_breakout", "msg": "Breakout skip: range=123.1pips not in [10.0-80.0]"}
{"ts": "2026-05-11T08:21:09.007Z", "lvl": "DEBUG", "cat": "trading", "component": "alpha_breakout", "msg": "Breakout skip: range=85.1pips not in [10.0-80.0]"}
{"ts": "2026-05-11T08:21:09.007Z", "lvl": "DEBUG", "cat": "trading", "component": "alpha_breakout", "msg": "Breakout skip: range=101.8pips not in [10.0-80.0]"}
{"ts": "2026-05-11T08:21:09.007Z", "lvl": "DEBUG", "cat": "trading", "component": "alpha_breakout", "msg": "Breakout skip: range=101.8pips not in [10.0-80.0]"}
{"ts": "2026-05-11T08:21:09.008Z", "lvl": "INFO", "cat": "trading", "component": "alpha_breakout", "msg": "BUY breakout signal: entry=2492.42 SL=2485.69 TP=2505.87 range=46.8pips ATR=4.48"}
{"ts": "2026-05-11T08:21:09.008Z", "lvl": "INFO", "cat": "trading", "component": "alpha_breakout", "msg": "BUY breakout signal: entry=2505.00 SL=2498.02 TP=2518.96 range=46.9pips ATR=4.65"}
{"ts": "2026-05-11T08:21:09.008Z", "lvl": "DEBUG", "cat": "trading", "component": "alpha_breakout", "msg": "Breakout skip: range=114.7pips not in [10.0-80.0]"}
{"ts": "2026-05-11T08:21:09.009Z", "lvl": "DEBUG", "cat": "trading", "component": "alpha_breakout", "msg": "Breakout skip: range=155.7pips not in [10.0-80.0]"}
{"ts": "2026-05-11T08:21:09.009Z", "lvl": "DEBUG", "cat": "trading", "component": "alpha_breakout", "msg": "Breakout skip: range=106.8pips not in [10.0-80.0]"}
{"ts": "2026-05-11T08:21:09.009Z", "lvl": "INFO", "cat": "trading", "component": "alpha_breakout", "msg": "BUY breakout signal: entry=2523.12 SL=2515.92 TP=2537.52 range=76.9pips ATR=4.80"}
{"ts": "2026-05-11T08:21:09.009Z", "lvl": "INFO", "cat": "trading", "component": "alpha_breakout", "msg": "BUY breakout signal: entry=2538.06 SL=2531.23 TP=2551.73 range=55.0pips ATR=4.56"}
{"ts": "2026-05-11T08:21:09.009Z", "lvl": "INFO", "cat": "trading", "component": "alpha_breakout", "msg": "BUY breakout signal: entry=2552.68 SL=2545.89 TP=2566.26 range=61.9pips ATR=4.53"}
{"ts": "2026-05-11T08:21:09.009Z", "lvl": "DEBUG", "cat": "trading", "component": "alpha_breakout", "msg": "Breakout skip: range=81.5pips not in [10.0-80.0]"}
{"ts": "2026-05-11T08:21:09.010Z", "lvl": "DEBUG", "cat": "trading", "component": "alpha_breakout", "msg": "Breakout skip: range=102.3pips not in [10.0-80.0]"}
{"ts": "2026-05-11T08:21:09.010Z", "lvl": "DEBUG", "cat": "trading", "component": "alpha_breakout", "msg": "Breakout skip: range=83.1pips not in [10.0-80.0]"}
{"ts": "2026-05-11T08:21:09.010Z", "lvl": "DEBUG", "cat": "trading", "component": "alpha_breakout", "msg": "Breakout skip: range=82.3pips not in [10.0-80.0]"}
{"ts": "2026-05-11T08:21:09.010Z", "lvl": "DEBUG", "cat": "trading", "component": "alpha_breakout", "msg": "Breakout skip: range=88.3pips not in [10.0-80.0]"}
{"ts": "2026-05-11T08:21:09.011Z", "lvl": "INFO", "cat": "trading", "component": "alpha_breakout", "msg": "BUY breakout signal: entry=2566.59 SL=2559.20 TP=2581.36 range=50.6pips ATR=4.92"}
{"ts": "2026-05-11T08:21:09.011Z", "lvl": "DEBUG", "cat": "trading", "component": "alpha_breakout", "msg": "Breakout skip: range=129.1pips not in [10.0-80.0]"}
{"ts": "2026-05-11T08:21:09.011Z", "lvl": "DEBUG", "cat": "trading", "component": "alpha_breakout", "msg": "Breakout skip: range=138.3pips not in [10.0-80.0]"}
{"ts": "2026-05-11T08:21:09.012Z", "lvl": "DEBUG", "cat": "trading", "component": "alpha_breakout", "msg": "Breakout skip: range=128.3pips not in [10.0-80.0]"}
{"ts": "2026-05-11T08:21:09.012Z", "lvl": "DEBUG", "cat": "trading", "component": "alpha_breakout", "msg": "Breakout skip: range=145.7pips not in [10.0-80.0]"}
{"ts": "2026-05-11T08:21:09.012Z", "lvl": "DEBUG", "cat": "trading", "component": "alpha_breakout", "msg": "Breakout skip: range=91.7pips not in [10.0-80.0]"}
{"ts": "2026-05-11T08:21:09.012Z", "lvl": "INFO", "cat": "trading", "component": "alpha_breakout", "msg": "BUY breakout signal: entry=2595.03 SL=2587.09 TP=2610.92 range=68.3pips ATR=5.30"}
{"ts": "2026-05-11T08:21:09.012Z", "lvl": "INFO", "cat": "trading", "component": "alpha_breakout", "msg": "BUY breakout signal: entry=2611.15 SL=2603.77 TP=2625.92 range=76.1pips ATR=4.92"}
{"ts": "2026-05-11T08:21:09.211Z", "lvl": "DEBUG", "cat": "trading", "component": "strategy_base", "msg": "Strategy 'alpha_breakout' initialized"}
{"ts": "2026-05-11T08:21:09.212Z", "lvl": "DEBUG", "cat": "trading", "component": "alpha_breakout", "msg": "Breakout skip: range=105.2pips not in [10.0-80.0]"}
{"ts": "2026-05-11T08:21:09.212Z", "lvl": "DEBUG", "cat": "trading", "component": "alpha_breakout", "msg": "Breakout skip: range=103.4pips not in [10.0-80.0]"}
{"ts": "2026-05-11T08:21:09.212Z", "lvl": "INFO", "cat": "trading", "component": "alpha_breakout", "msg": "BUY breakout signal: entry=2369.84 SL=2362.48 TP=2384.56 range=51.8pips ATR=4.91"}
{"ts": "2026-05-11T08:21:09.212Z", "lvl": "DEBUG", "cat": "trading", "component": "alpha_breakout", "msg": "Breakout skip: range=90.8pips not in [10.0-80.0]"}
{"ts": "2026-05-11T08:21:09.212Z", "lvl": "DEBUG", "cat": "trading", "component": "alpha_breakout", "msg": "Breakout skip: range=102.6pips not in [10.0-80.0]"}
{"ts": "2026-05-11T08:21:09.213Z", "lvl": "INFO", "cat": "trading", "component": "alpha_breakout", "msg": "BUY breakout signal: entry=2387.12 SL=2380.72 TP=2399.93 range=67.9pips ATR=4.27"}
{"ts": "2026-05-11T08:21:09.213Z", "lvl": "INFO", "cat": "trading", "component": "alpha_breakout", "msg": "SELL breakout signal: entry=2380.46 SL=2387.19 TP=2366.99 range=67.8pips ATR=4.49"}
{"ts": "2026-05-11T08:21:09.213Z", "lvl": "DEBUG", "cat": "trading", "component": "alpha_breakout", "msg": "Breakout skip: range=94.8pips not in [10.0-80.0]"}
{"ts": "2026-05-11T08:21:09.213Z", "lvl": "INFO", "cat": "trading", "component": "alpha_breakout", "msg": "BUY breakout signal: entry=2392.27 SL=2385.02 TP=2406.76 range=66.9pips ATR=4.83"}
{"ts": "2026-05-11T08:21:09.213Z", "lvl": "DEBUG", "cat": "trading", "component": "alpha_breakout", "msg": "Breakout skip: range=91.5pips not in [10.0-80.0]"}
{"ts": "2026-05-11T08:21:09.213Z", "lvl": "DEBUG", "cat": "trading", "component": "alpha_breakout", "msg": "Breakout skip: range=113.1pips not in [10.0-80.0]"}
{"ts": "2026-05-11T08:21:09.213Z", "lvl": "DEBUG", "cat": "trading", "component": "alpha_breakout", "msg": "Breakout skip: range=135.3pips not in [10.0-80.0]"}
{"ts": "2026-05-11T08:21:09.213Z", "lvl": "DEBUG", "cat": "trading", "component": "alpha_breakout", "msg": "Breakout skip: range=93.3pips not in [10.0-80.0]"}
{"ts": "2026-05-11T08:21:09.214Z", "lvl": "INFO", "cat": "trading", "component": "alpha_breakout", "msg": "BUY breakout signal: entry=2418.68 SL=2411.09 TP=2433.87 range=74.5pips ATR=5.06"}
{"ts": "2026-05-11T08:21:09.215Z", "lvl": "INFO", "cat": "trading", "component": "alpha_breakout", "msg": "BUY breakout signal: entry=2435.50 SL=2428.15 TP=2450.20 range=71.8pips ATR=4.90"}
{"ts": "2026-05-11T08:21:09.215Z", "lvl": "DEBUG", "cat": "trading", "component": "alpha_breakout", "msg": "Breakout skip: range=108.3pips not in [10.0-80.0]"}
{"ts": "2026-05-11T08:21:09.215Z", "lvl": "DEBUG", "cat": "trading", "component": "alpha_breakout", "msg": "Breakout skip: range=132.0pips not in [10.0-80.0]"}
{"ts": "2026-05-11T08:21:09.215Z", "lvl": "DEBUG", "cat": "trading", "component": "alpha_breakout", "msg": "Breakout skip: range=109.8pips not in [10.0-80.0]"}
{"ts": "2026-05-11T08:21:09.215Z", "lvl": "DEBUG", "cat": "trading", "component": "alpha_breakout", "msg": "Breakout skip: range=82.3pips not in [10.0-80.0]"}
{"ts": "2026-05-11T08:21:09.215Z", "lvl": "INFO", "cat": "trading", "component": "alpha_breakout", "msg": "BUY breakout signal: entry=2455.94 SL=2448.56 TP=2470.69 range=49.6pips ATR=4.92"}
{"ts": "2026-05-11T08:21:09.216Z", "lvl": "DEBUG", "cat": "trading", "component": "alpha_breakout", "msg": "Breakout skip: range=86.8pips not in [10.0-80.0]"}
{"ts": "2026-05-11T08:21:09.216Z", "lvl": "DEBUG", "cat": "trading", "component": "alpha_breakout", "msg": "Breakout skip: range=86.4pips not in [10.0-80.0]"}
{"ts": "2026-05-11T08:21:09.216Z", "lvl": "DEBUG", "cat": "trading", "component": "alpha_breakout", "msg": "Breakout skip: range=83.0pips not in [10.0-80.0]"}
{"ts": "2026-05-11T08:21:09.216Z", "lvl": "INFO", "cat": "trading", "component": "alpha_breakout", "msg": "BUY breakout signal: entry=2472.38 SL=2465.49 TP=2486.16 range=50.2pips ATR=4.59"}
{"ts": "2026-05-11T08:21:09.217Z", "lvl": "INFO", "cat": "trading", "component": "alpha_breakout", "msg": "BUY breakout signal: entry=2487.28 SL=2480.71 TP=2500.41 range=78.2pips ATR=4.38"}
{"ts": "2026-05-11T08:21:09.217Z", "lvl": "INFO", "cat": "trading", "component": "alpha_breakout", "msg": "BUY breakout signal: entry=2500.11 SL=2493.13 TP=2514.07 range=65.5pips ATR=4.65"}
{"ts": "2026-05-11T08:21:09.217Z", "lvl": "DEBUG", "cat": "trading", "component": "alpha_breakout", "msg": "Breakout skip: range=98.4pips not in [10.0-80.0]"}
{"ts": "2026-05-11T08:21:09.217Z", "lvl": "DEBUG", "cat": "trading", "component": "alpha_breakout", "msg": "Breakout skip: range=120.1pips not in [10.0-80.0]"}
{"ts": "2026-05-11T08:21:09.217Z", "lvl": "DEBUG", "cat": "trading", "component": "alpha_breakout", "msg": "Breakout skip: range=122.2pips not in [10.0-80.0]"}
{"ts": "2026-05-11T08:21:09.218Z", "lvl": "DEBUG", "cat": "trading", "component": "alpha_breakout", "msg": "Breakout skip: range=101.4pips not in [10.0-80.0]"}
{"ts": "2026-05-11T08:21:09.218Z", "lvl": "INFO", "cat": "trading", "component": "alpha_breakout", "msg": "BUY breakout signal: entry=2525.37 SL=2518.13 TP=2539.85 range=63.1pips ATR=4.83"}
{"ts": "2026-05-11T08:21:09.218Z", "lvl": "DEBUG", "cat": "trading", "component": "alpha_breakout", "msg": "Breakout skip: range=91.1pips not in [10.0-80.0]"}
{"ts": "2026-05-11T08:21:09.218Z", "lvl": "DEBUG", "cat": "trading", "component": "alpha_breakout", "msg": "Breakout skip: range=106.9pips not in [10.0-80.0]"}
{"ts": "2026-05-11T08:21:09.218Z", "lvl": "DEBUG", "cat": "trading", "component": "alpha_breakout", "msg": "Breakout skip: range=111.9pips not in [10.0-80.0]"}
{"ts": "2026-05-11T08:21:09.219Z", "lvl": "DEBUG", "cat": "trading", "component": "alpha_breakout", "msg": "Breakout skip: range=83.5pips not in [10.0-80.0]"}
{"ts": "2026-05-11T08:21:09.219Z", "lvl": "INFO", "cat": "trading", "component": "alpha_breakout", "msg": "SELL breakout signal: entry=2536.91 SL=2543.44 TP=2523.85 range=66.3pips ATR=4.35"}
{"ts": "2026-05-11T08:21:09.219Z", "lvl": "DEBUG", "cat": "trading", "component": "alpha_breakout", "msg": "Breakout skip: range=136.0pips not in [10.0-80.0]"}
{"ts": "2026-05-11T08:21:09.219Z", "lvl": "DEBUG", "cat": "trading", "component": "alpha_breakout", "msg": "Breakout skip: range=138.4pips not in [10.0-80.0]"}
{"ts": "2026-05-11T08:21:09.219Z", "lvl": "DEBUG", "cat": "trading", "component": "alpha_breakout", "msg": "Breakout skip: range=142.5pips not in [10.0-80.0]"}
{"ts": "2026-05-11T08:21:09.219Z", "lvl": "DEBUG", "cat": "trading", "component": "alpha_breakout", "msg": "Breakout skip: range=95.4pips not in [10.0-80.0]"}
{"ts": "2026-05-11T08:21:09.219Z", "lvl": "DEBUG", "cat": "trading", "component": "alpha_breakout", "msg": "Breakout skip: range=92.7pips not in [10.0-80.0]"}
{"ts": "2026-05-11T08:21:09.219Z", "lvl": "DEBUG", "cat": "trading", "component": "alpha_breakout", "msg": "Breakout skip: range=114.4pips not in [10.0-80.0]"}
{"ts": "2026-05-11T08:21:09.220Z", "lvl": "DEBUG", "cat": "trading", "component": "alpha_breakout", "msg": "Breakout skip: range=97.0pips not in [10.0-80.0]"}
{"ts": "2026-05-11T08:21:09.220Z", "lvl": "INFO", "cat": "trading", "component": "alpha_breakout", "msg": "BUY breakout signal: entry=2556.94 SL=2549.26 TP=2572.29 range=57.8pips ATR=5.12"}
{"ts": "2026-05-11T08:21:09.220Z", "lvl": "DEBUG", "cat": "trading", "component": "alpha_breakout", "msg": "Breakout skip: range=123.0pips not in [10.0-80.0]"}
{"ts": "2026-05-11T08:21:09.220Z", "lvl": "DEBUG", "cat": "trading", "component": "alpha_breakout", "msg": "Breakout skip: range=105.3pips not in [10.0-80.0]"}
{"ts": "2026-05-11T08:21:09.221Z", "lvl": "INFO", "cat": "trading", "component": "alpha_breakout", "msg": "BUY breakout signal: entry=2575.58 SL=2568.56 TP=2589.63 range=61.0pips ATR=4.68"}
{"ts": "2026-05-11T08:21:09.223Z", "lvl": "DEBUG", "cat": "trading", "component": "strategy_base", "msg": "Strategy 'alpha_breakout' initialized"}
{"ts": "2026-05-11T08:21:09.225Z", "lvl": "DEBUG", "cat": "trading", "component": "alpha_breakout", "msg": "Breakout skip: range=108.9pips not in [10.0-80.0]"}
{"ts": "2026-05-11T08:21:09.225Z", "lvl": "INFO", "cat": "trading", "component": "alpha_breakout", "msg": "BUY breakout signal: entry=2327.22 SL=2320.67 TP=2340.32 range=53.1pips ATR=4.37"}
{"ts": "2026-05-11T08:21:09.225Z", "lvl": "DEBUG", "cat": "trading", "component": "alpha_breakout", "msg": "Breakout skip: range=81.0pips not in [10.0-80.0]"}
{"ts": "2026-05-11T08:21:09.225Z", "lvl": "DEBUG", "cat": "trading", "component": "alpha_breakout", "msg": "Breakout skip: range=86.5pips not in [10.0-80.0]"}
{"ts": "2026-05-11T08:21:09.225Z", "lvl": "DEBUG", "cat": "trading", "component": "alpha_breakout", "msg": "Breakout skip: range=120.9pips not in [10.0-80.0]"}
{"ts": "2026-05-11T08:21:09.225Z", "lvl": "DEBUG", "cat": "trading", "component": "alpha_breakout", "msg": "Breakout skip: range=119.2pips not in [10.0-80.0]"}
{"ts": "2026-05-11T08:21:09.225Z", "lvl": "INFO", "cat": "trading", "component": "alpha_breakout", "msg": "BUY breakout signal: entry=2349.00 SL=2342.36 TP=2362.28 range=60.1pips ATR=4.43"}
{"ts": "2026-05-11T08:21:09.226Z", "lvl": "DEBUG", "cat": "trading", "component": "alpha_breakout", "msg": "Breakout skip: range=124.1pips not in [10.0-80.0]"}
{"ts": "2026-05-11T08:21:09.226Z", "lvl": "DEBUG", "cat": "trading", "component": "alpha_breakout", "msg": "Breakout skip: range=103.0pips not in [10.0-80.0]"}
{"ts": "2026-05-11T08:21:09.226Z", "lvl": "INFO", "cat": "trading", "component": "alpha_breakout", "msg": "BUY breakout signal: entry=2363.73 SL=2356.80 TP=2377.59 range=43.3pips ATR=4.62"}
{"ts": "2026-05-11T08:21:09.226Z", "lvl": "INFO", "cat": "trading", "component": "alpha_breakout", "msg": "SELL breakout signal: entry=2357.95 SL=2365.21 TP=2343.44 range=63.1pips ATR=4.84"}
{"ts": "2026-05-11T08:21:09.226Z", "lvl": "DEBUG", "cat": "trading", "component": "alpha_breakout", "msg": "Breakout skip: range=96.3pips not in [10.0-80.0]"}
{"ts": "2026-05-11T08:21:09.227Z", "lvl": "DEBUG", "cat": "trading", "component": "alpha_breakout", "msg": "Breakout skip: range=117.3pips not in [10.0-80.0]"}
{"ts": "2026-05-11T08:21:09.227Z", "lvl": "DEBUG", "cat": "trading", "component": "alpha_breakout", "msg": "Breakout skip: range=87.4pips not in [10.0-80.0]"}
{"ts": "2026-05-11T08:21:09.227Z", "lvl": "INFO", "cat": "trading", "component": "alpha_breakout", "msg": "BUY breakout signal: entry=2370.79 SL=2363.53 TP=2385.31 range=74.9pips ATR=4.84"}
{"ts": "2026-05-11T08:21:09.228Z", "lvl": "INFO", "cat": "trading", "component": "alpha_breakout", "msg": "BUY breakout signal: entry=2383.60 SL=2376.11 TP=2398.59 range=69.8pips ATR=5.00"}
{"ts": "2026-05-11T08:21:09.228Z", "lvl": "DEBUG", "cat": "trading", "component": "alpha_breakout", "msg": "Breakout skip: range=82.0pips not in [10.0-80.0]"}
{"ts": "2026-05-11T08:21:09.228Z", "lvl": "INFO", "cat": "trading", "component": "alpha_breakout", "msg": "BUY breakout signal: entry=2400.16 SL=2393.45 TP=2413.58 range=70.7pips ATR=4.47"}
{"ts": "2026-05-11T08:21:09.228Z", "lvl": "DEBUG", "cat": "trading", "component": "alpha_breakout", "msg": "Breakout skip: range=118.3pips not in [10.0-80.0]"}
{"ts": "2026-05-11T08:21:09.229Z", "lvl": "DEBUG", "cat": "trading", "component": "alpha_breakout", "msg": "Breakout skip: range=138.1pips not in [10.0-80.0]"}
{"ts": "2026-05-11T08:21:09.229Z", "lvl": "DEBUG", "cat": "trading", "component": "alpha_breakout", "msg": "Breakout skip: range=103.4pips not in [10.0-80.0]"}
{"ts": "2026-05-11T08:21:09.229Z", "lvl": "DEBUG", "cat": "trading", "component": "alpha_breakout", "msg": "Breakout skip: range=94.7pips not in [10.0-80.0]"}
{"ts": "2026-05-11T08:21:09.229Z", "lvl": "DEBUG", "cat": "trading", "component": "alpha_breakout", "msg": "Breakout skip: range=97.5pips not in [10.0-80.0]"}
{"ts": "2026-05-11T08:21:09.229Z", "lvl": "DEBUG", "cat": "trading", "component": "alpha_breakout", "msg": "Breakout skip: range=95.7pips not in [10.0-80.0]"}
{"ts": "2026-05-11T08:21:09.229Z", "lvl": "DEBUG", "cat": "trading", "component": "alpha_breakout", "msg": "Breakout skip: range=85.5pips not in [10.0-80.0]"}
{"ts": "2026-05-11T08:21:09.229Z", "lvl": "DEBUG", "cat": "trading", "component": "alpha_breakout", "msg": "Breakout skip: range=91.8pips not in [10.0-80.0]"}
{"ts": "2026-05-11T08:21:09.230Z", "lvl": "INFO", "cat": "trading", "component": "alpha_breakout", "msg": "SELL breakout signal: entry=2410.09 SL=2416.93 TP=2396.41 range=54.5pips ATR=4.56"}
{"ts": "2026-05-11T08:21:09.230Z", "lvl": "INFO", "cat": "trading", "component": "alpha_breakout", "msg": "BUY breakout signal: entry=2420.17 SL=2413.15 TP=2434.21 range=62.7pips ATR=4.68"}
{"ts": "2026-05-11T08:21:09.230Z", "lvl": "DEBUG", "cat": "trading", "component": "alpha_breakout", "msg": "Breakout skip: range=119.4pips not in [10.0-80.0]"}
{"ts": "2026-05-11T08:21:09.230Z", "lvl": "DEBUG", "cat": "trading", "component": "alpha_breakout", "msg": "Breakout skip: range=148.3pips not in [10.0-80.0]"}
{"ts": "2026-05-11T08:21:09.230Z", "lvl": "DEBUG", "cat": "trading", "component": "alpha_breakout", "msg": "Breakout skip: range=137.1pips not in [10.0-80.0]"}
{"ts": "2026-05-11T08:21:09.231Z", "lvl": "DEBUG", "cat": "trading", "component": "alpha_breakout", "msg": "Breakout skip: range=89.7pips not in [10.0-80.0]"}
{"ts": "2026-05-11T08:21:09.231Z", "lvl": "INFO", "cat": "trading", "component": "alpha_breakout", "msg": "SELL breakout signal: entry=2431.58 SL=2438.93 TP=2416.89 range=53.1pips ATR=4.90"}
{"ts": "2026-05-11T08:21:09.231Z", "lvl": "INFO", "cat": "trading", "component": "alpha_breakout", "msg": "BUY breakout signal: entry=2439.58 SL=2432.19 TP=2454.35 range=68.0pips ATR=4.92"}
{"ts": "2026-05-11T08:21:09.231Z", "lvl": "DEBUG", "cat": "trading", "component": "alpha_breakout", "msg": "Breakout skip: range=80.8pips not in [10.0-80.0]"}
{"ts": "2026-05-11T08:21:09.231Z", "lvl": "DEBUG", "cat": "trading", "component": "alpha_breakout", "msg": "Breakout skip: range=95.0pips not in [10.0-80.0]"}
{"ts": "2026-05-11T08:21:09.232Z", "lvl": "INFO", "cat": "trading", "component": "alpha_breakout", "msg": "SELL breakout signal: entry=2450.54 SL=2457.18 TP=2437.26 range=50.8pips ATR=4.43"}
{"ts": "2026-05-11T08:21:09.232Z", "lvl": "INFO", "cat": "trading", "component": "alpha_breakout", "msg": "BUY breakout signal: entry=2455.89 SL=2449.25 TP=2469.17 range=78.4pips ATR=4.43"}
{"ts": "2026-05-11T08:21:09.233Z", "lvl": "INFO", "cat": "trading", "component": "alpha_breakout", "msg": "BUY breakout signal: entry=2470.77 SL=2463.75 TP=2484.82 range=71.3pips ATR=4.68"}
{"ts": "2026-05-11T08:21:09.233Z", "lvl": "INFO", "cat": "trading", "component": "alpha_breakout", "msg": "BUY breakout signal: entry=2484.56 SL=2477.89 TP=2497.91 range=54.2pips ATR=4.45"}
{"ts": "2026-05-11T08:21:09.233Z", "lvl": "DEBUG", "cat": "trading", "component": "alpha_breakout", "msg": "Breakout skip: range=136.8pips not in [10.0-80.0]"}
{"ts": "2026-05-11T08:21:09.233Z", "lvl": "DEBUG", "cat": "trading", "component": "alpha_breakout", "msg": "Breakout skip: range=145.9pips not in [10.0-80.0]"}
{"ts": "2026-05-11T08:21:09.234Z", "lvl": "DEBUG", "cat": "trading", "component": "alpha_breakout", "msg": "Breakout skip: range=137.4pips not in [10.0-80.0]"}
{"ts": "2026-05-11T08:21:09.234Z", "lvl": "DEBUG", "cat": "trading", "component": "alpha_breakout", "msg": "Breakout skip: range=137.0pips not in [10.0-80.0]"}
{"ts": "2026-05-11T08:21:09.234Z", "lvl": "DEBUG", "cat": "trading", "component": "alpha_breakout", "msg": "Breakout skip: range=103.9pips not in [10.0-80.0]"}
{"ts": "2026-05-11T08:21:09.235Z", "lvl": "DEBUG", "cat": "trading", "component": "alpha_breakout", "msg": "Breakout skip: range=93.1pips not in [10.0-80.0]"}
{"ts": "2026-05-11T08:21:09.235Z", "lvl": "DEBUG", "cat": "trading", "component": "alpha_breakout", "msg": "Breakout skip: range=87.9pips not in [10.0-80.0]"}
{"ts": "2026-05-11T08:21:09.235Z", "lvl": "DEBUG", "cat": "trading", "component": "alpha_breakout", "msg": "Breakout skip: range=115.8pips not in [10.0-80.0]"}
{"ts": "2026-05-11T08:21:09.237Z", "lvl": "DEBUG", "cat": "trading", "component": "strategy_base", "msg": "Strategy 'alpha_breakout' initialized"}
{"ts": "2026-05-11T08:21:09.239Z", "lvl": "DEBUG", "cat": "trading", "component": "strategy_base", "msg": "Strategy 'alpha_breakout' initialized"}
{"ts": "2026-05-11T08:21:09.239Z", "lvl": "INFO", "cat": "trading", "component": "alpha_breakout", "msg": "BUY breakout signal: entry=2366.68 SL=2359.61 TP=2380.82 range=60.1pips ATR=4.71"}
{"ts": "2026-05-11T08:21:09.239Z", "lvl": "INFO", "cat": "trading", "component": "alpha_breakout", "msg": "SELL breakout signal: entry=2359.62 SL=2366.81 TP=2345.24 range=78.3pips ATR=4.79"}
{"ts": "2026-05-11T08:21:09.240Z", "lvl": "INFO", "cat": "trading", "component": "alpha_breakout", "msg": "BUY breakout signal: entry=2366.59 SL=2359.80 TP=2380.17 range=69.3pips ATR=4.53"}
{"ts": "2026-05-11T08:21:09.240Z", "lvl": "INFO", "cat": "trading", "component": "alpha_breakout", "msg": "BUY breakout signal: entry=2383.98 SL=2376.44 TP=2399.05 range=71.8pips ATR=5.02"}
{"ts": "2026-05-11T08:21:09.241Z", "lvl": "DEBUG", "cat": "trading", "component": "alpha_breakout", "msg": "Breakout skip: range=91.4pips not in [10.0-80.0]"}
{"ts": "2026-05-11T08:21:09.241Z", "lvl": "DEBUG", "cat": "trading", "component": "alpha_breakout", "msg": "Breakout skip: range=133.8pips not in [10.0-80.0]"}
{"ts": "2026-05-11T08:21:09.241Z", "lvl": "DEBUG", "cat": "trading", "component": "alpha_breakout", "msg": "Breakout skip: range=116.1pips not in [10.0-80.0]"}
{"ts": "2026-05-11T08:21:09.241Z", "lvl": "DEBUG", "cat": "trading", "component": "alpha_breakout", "msg": "Breakout skip: range=110.8pips not in [10.0-80.0]"}
{"ts": "2026-05-11T08:21:09.241Z", "lvl": "INFO", "cat": "trading", "component": "alpha_breakout", "msg": "SELL breakout signal: entry=2395.97 SL=2402.58 TP=2382.76 range=68.4pips ATR=4.40"}
{"ts": "2026-05-11T08:21:09.242Z", "lvl": "INFO", "cat": "trading", "component": "alpha_breakout", "msg": "BUY breakout signal: entry=2405.77 SL=2399.13 TP=2419.06 range=78.8pips ATR=4.43"}
{"ts": "2026-05-11T08:21:09.242Z", "lvl": "INFO", "cat": "trading", "component": "alpha_breakout", "msg": "BUY breakout signal: entry=2421.86 SL=2415.04 TP=2435.50 range=67.7pips ATR=4.55"}
{"ts": "2026-05-11T08:21:09.242Z", "lvl": "DEBUG", "cat": "trading", "component": "alpha_breakout", "msg": "Breakout skip: range=85.1pips not in [10.0-80.0]"}
{"ts": "2026-05-11T08:21:09.242Z", "lvl": "DEBUG", "cat": "trading", "component": "alpha_breakout", "msg": "Breakout skip: range=119.9pips not in [10.0-80.0]"}
{"ts": "2026-05-11T08:21:09.242Z", "lvl": "DEBUG", "cat": "trading", "component": "alpha_breakout", "msg": "Breakout skip: range=104.9pips not in [10.0-80.0]"}
{"ts": "2026-05-11T08:21:09.243Z", "lvl": "DEBUG", "cat": "trading", "component": "alpha_breakout", "msg": "Breakout skip: range=83.7pips not in [10.0-80.0]"}
{"ts": "2026-05-11T08:21:09.243Z", "lvl": "DEBUG", "cat": "trading", "component": "alpha_breakout", "msg": "Breakout skip: range=120.5pips not in [10.0-80.0]"}
{"ts": "2026-05-11T08:21:09.243Z", "lvl": "DEBUG", "cat": "trading", "component": "alpha_breakout", "msg": "Breakout skip: range=140.8pips not in [10.0-80.0]"}
{"ts": "2026-05-11T08:21:09.243Z", "lvl": "DEBUG", "cat": "trading", "component": "alpha_breakout", "msg": "Breakout skip: range=93.1pips not in [10.0-80.0]"}
{"ts": "2026-05-11T08:21:09.244Z", "lvl": "INFO", "cat": "trading", "component": "alpha_breakout", "msg": "SELL breakout signal: entry=2440.15 SL=2446.95 TP=2426.54 range=67.9pips ATR=4.54"}
{"ts": "2026-05-11T08:21:09.245Z", "lvl": "INFO", "cat": "trading", "component": "alpha_breakout", "msg": "BUY breakout signal: entry=2450.54 SL=2443.79 TP=2464.05 range=66.0pips ATR=4.50"}
{"ts": "2026-05-11T08:21:09.245Z", "lvl": "INFO", "cat": "trading", "component": "alpha_breakout", "msg": "SELL breakout signal: entry=2442.92 SL=2449.47 TP=2429.81 range=68.1pips ATR=4.37"}
{"ts": "2026-05-11T08:21:09.245Z", "lvl": "DEBUG", "cat": "trading", "component": "alpha_breakout", "msg": "Breakout skip: range=80.3pips not in [10.0-80.0]"}
{"ts": "2026-05-11T08:21:09.246Z", "lvl": "DEBUG", "cat": "trading", "component": "alpha_breakout", "msg": "Breakout skip: range=96.2pips not in [10.0-80.0]"}
{"ts": "2026-05-11T08:21:09.246Z", "lvl": "DEBUG", "cat": "trading", "component": "alpha_breakout", "msg": "Breakout skip: range=96.5pips not in [10.0-80.0]"}
{"ts": "2026-05-11T08:21:09.246Z", "lvl": "DEBUG", "cat": "trading", "component": "alpha_breakout", "msg": "Breakout skip: range=113.7pips not in [10.0-80.0]"}
{"ts": "2026-05-11T08:21:09.246Z", "lvl": "DEBUG", "cat": "trading", "component": "alpha_breakout", "msg": "Breakout skip: range=98.3pips not in [10.0-80.0]"}
{"ts": "2026-05-11T08:21:09.246Z", "lvl": "DEBUG", "cat": "trading", "component": "alpha_breakout", "msg": "Breakout skip: range=130.1pips not in [10.0-80.0]"}
{"ts": "2026-05-11T08:21:09.246Z", "lvl": "DEBUG", "cat": "trading", "component": "alpha_breakout", "msg": "Breakout skip: range=115.1pips not in [10.0-80.0]"}
{"ts": "2026-05-11T08:21:09.247Z", "lvl": "INFO", "cat": "trading", "component": "alpha_breakout", "msg": "BUY breakout signal: entry=2474.57 SL=2467.57 TP=2488.56 range=46.0pips ATR=4.66"}
{"ts": "2026-05-11T08:21:09.247Z", "lvl": "INFO", "cat": "trading", "component": "alpha_breakout", "msg": "BUY breakout signal: entry=2474.99 SL=2467.91 TP=2489.16 range=68.3pips ATR=4.72"}
{"ts": "2026-05-11T08:21:09.248Z", "lvl": "DEBUG", "cat": "trading", "component": "alpha_breakout", "msg": "Breakout skip: range=88.6pips not in [10.0-80.0]"}
{"ts": "2026-05-11T08:21:09.248Z", "lvl": "DEBUG", "cat": "trading", "component": "alpha_breakout", "msg": "Breakout skip: range=80.4pips not in [10.0-80.0]"}
{"ts": "2026-05-11T08:21:09.248Z", "lvl": "INFO", "cat": "trading", "component": "alpha_breakout", "msg": "BUY breakout signal: entry=2490.68 SL=2483.41 TP=2505.23 range=48.4pips ATR=4.85"}
{"ts": "2026-05-11T08:21:09.249Z", "lvl": "INFO", "cat": "trading", "component": "alpha_breakout", "msg": "BUY breakout signal: entry=2504.79 SL=2497.60 TP=2519.17 range=54.7pips ATR=4.79"}
{"ts": "2026-05-11T08:21:09.250Z", "lvl": "INFO", "cat": "trading", "component": "alpha_breakout", "msg": "BUY breakout signal: entry=2519.19 SL=2512.12 TP=2533.34 range=76.4pips ATR=4.72"}
{"ts": "2026-05-11T08:21:11.262Z", "lvl": "DEBUG", "cat": "trading", "component": "trade_repository", "msg": "Trade inserted: 98b48f46-5e71-4910-b05f-10ee09ed780d | XAUUSD BUY"}
{"ts": "2026-05-11T08:21:11.358Z", "lvl": "DEBUG", "cat": "trading", "component": "trade_repository", "msg": "Trade inserted: bcbedbd2-2829-4094-8f0c-22b6b36a5bf6 | XAUUSD BUY"}
{"ts": "2026-05-11T08:21:11.441Z", "lvl": "DEBUG", "cat": "trading", "component": "trade_repository", "msg": "Trade inserted: 3c129f8d-fb86-41c2-8d1f-9ebd862ae92f | XAUUSD BUY"}
{"ts": "2026-05-11T08:21:11.441Z", "lvl": "INFO", "cat": "trading", "component": "trade_repository", "msg": "Trade closed: 3c129f8d-fb86-41c2-8d1f-9ebd862ae92f | net_pnl=+145.00 reason=TAKE_PROFIT"}
{"ts": "2026-05-11T08:21:11.525Z", "lvl": "DEBUG", "cat": "trading", "component": "trade_repository", "msg": "Trade inserted: 312551a7-209a-4ed7-a248-f6c8da961083 | XAUUSD BUY"}
{"ts": "2026-05-11T08:21:11.526Z", "lvl": "INFO", "cat": "trading", "component": "trade_repository", "msg": "Trade closed: 312551a7-209a-4ed7-a248-f6c8da961083 | net_pnl=+95.00 reason=TAKE_PROFIT"}
{"ts": "2026-05-11T08:21:26.719Z", "lvl": "DEBUG", "cat": "trading", "component": "strategy_base", "msg": "Strategy 'alpha_breakout' initialized"}
{"ts": "2026-05-11T08:21:26.719Z", "lvl": "INFO", "cat": "trading", "component": "alpha_breakout", "msg": "BUY breakout signal: entry=2347.24 SL=2339.65 TP=2362.43 range=78.4pips ATR=5.06"}
{"ts": "2026-05-11T08:21:26.721Z", "lvl": "INFO", "cat": "trading", "component": "alpha_breakout", "msg": "BUY breakout signal: entry=2365.89 SL=2358.09 TP=2381.49 range=65.6pips ATR=5.20"}
{"ts": "2026-05-11T08:21:26.721Z", "lvl": "DEBUG", "cat": "trading", "component": "alpha_breakout", "msg": "Breakout skip: range=103.5pips not in [10.0-80.0]"}
{"ts": "2026-05-11T08:21:26.721Z", "lvl": "INFO", "cat": "trading", "component": "alpha_breakout", "msg": "BUY breakout signal: entry=2383.31 SL=2375.99 TP=2397.95 range=59.4pips ATR=4.88"}
{"ts": "2026-05-11T08:21:26.722Z", "lvl": "DEBUG", "cat": "trading", "component": "alpha_breakout", "msg": "Breakout skip: range=102.5pips not in [10.0-80.0]"}
{"ts": "2026-05-11T08:21:26.722Z", "lvl": "DEBUG", "cat": "trading", "component": "alpha_breakout", "msg": "Breakout skip: range=98.1pips not in [10.0-80.0]"}
{"ts": "2026-05-11T08:21:26.722Z", "lvl": "INFO", "cat": "trading", "component": "alpha_breakout", "msg": "BUY breakout signal: entry=2402.00 SL=2394.53 TP=2416.93 range=72.5pips ATR=4.98"}
{"ts": "2026-05-11T08:21:26.722Z", "lvl": "INFO", "cat": "trading", "component": "alpha_breakout", "msg": "BUY breakout signal: entry=2419.75 SL=2412.97 TP=2433.30 range=44.5pips ATR=4.52"}
{"ts": "2026-05-11T08:21:26.722Z", "lvl": "DEBUG", "cat": "trading", "component": "alpha_breakout", "msg": "Breakout skip: range=99.8pips not in [10.0-80.0]"}
{"ts": "2026-05-11T08:21:26.722Z", "lvl": "INFO", "cat": "trading", "component": "alpha_breakout", "msg": "BUY breakout signal: entry=2437.97 SL=2430.85 TP=2452.22 range=73.4pips ATR=4.75"}
{"ts": "2026-05-11T08:21:26.723Z", "lvl": "INFO", "cat": "trading", "component": "alpha_breakout", "msg": "BUY breakout signal: entry=2451.03 SL=2444.21 TP=2464.66 range=60.8pips ATR=4.54"}
{"ts": "2026-05-11T08:21:26.723Z", "lvl": "DEBUG", "cat": "trading", "component": "alpha_breakout", "msg": "Breakout skip: range=95.6pips not in [10.0-80.0]"}
{"ts": "2026-05-11T08:21:26.723Z", "lvl": "DEBUG", "cat": "trading", "component": "alpha_breakout", "msg": "Breakout skip: range=139.0pips not in [10.0-80.0]"}
{"ts": "2026-05-11T08:21:26.723Z", "lvl": "DEBUG", "cat": "trading", "component": "alpha_breakout", "msg": "Breakout skip: range=111.0pips not in [10.0-80.0]"}
{"ts": "2026-05-11T08:21:26.723Z", "lvl": "INFO", "cat": "trading", "component": "alpha_breakout", "msg": "SELL breakout signal: entry=2459.95 SL=2467.09 TP=2445.66 range=72.2pips ATR=4.76"}
{"ts": "2026-05-11T08:21:26.724Z", "lvl": "INFO", "cat": "trading", "component": "alpha_breakout", "msg": "BUY breakout signal: entry=2466.16 SL=2459.16 TP=2480.17 range=58.7pips ATR=4.67"}
{"ts": "2026-05-11T08:21:26.724Z", "lvl": "DEBUG", "cat": "trading", "component": "alpha_breakout", "msg": "Breakout skip: range=87.7pips not in [10.0-80.0]"}
{"ts": "2026-05-11T08:21:26.724Z", "lvl": "DEBUG", "cat": "trading", "component": "alpha_breakout", "msg": "Breakout skip: range=107.2pips not in [10.0-80.0]"}
{"ts": "2026-05-11T08:21:26.724Z", "lvl": "DEBUG", "cat": "trading", "component": "alpha_breakout", "msg": "Breakout skip: range=145.8pips not in [10.0-80.0]"}
{"ts": "2026-05-11T08:21:26.724Z", "lvl": "DEBUG", "cat": "trading", "component": "alpha_breakout", "msg": "Breakout skip: range=119.2pips not in [10.0-80.0]"}
{"ts": "2026-05-11T08:21:26.724Z", "lvl": "INFO", "cat": "trading", "component": "alpha_breakout", "msg": "BUY breakout signal: entry=2490.25 SL=2483.01 TP=2504.72 range=63.6pips ATR=4.83"}
{"ts": "2026-05-11T08:21:26.725Z", "lvl": "INFO", "cat": "trading", "component": "alpha_breakout", "msg": "BUY breakout signal: entry=2503.62 SL=2497.10 TP=2516.66 range=66.4pips ATR=4.35"}
{"ts": "2026-05-11T08:21:26.725Z", "lvl": "DEBUG", "cat": "trading", "component": "alpha_breakout", "msg": "Breakout skip: range=152.7pips not in [10.0-80.0]"}
{"ts": "2026-05-11T08:21:26.725Z", "lvl": "DEBUG", "cat": "trading", "component": "alpha_breakout", "msg": "Breakout skip: range=135.5pips not in [10.0-80.0]"}
{"ts": "2026-05-11T08:21:26.725Z", "lvl": "DEBUG", "cat": "trading", "component": "alpha_breakout", "msg": "Breakout skip: range=85.4pips not in [10.0-80.0]"}
{"ts": "2026-05-11T08:21:26.726Z", "lvl": "INFO", "cat": "trading", "component": "alpha_breakout", "msg": "BUY breakout signal: entry=2520.09 SL=2513.01 TP=2534.25 range=76.9pips ATR=4.72"}
{"ts": "2026-05-11T08:21:26.726Z", "lvl": "INFO", "cat": "trading", "component": "alpha_breakout", "msg": "BUY breakout signal: entry=2536.09 SL=2529.03 TP=2550.21 range=73.2pips ATR=4.71"}
{"ts": "2026-05-11T08:21:26.726Z", "lvl": "DEBUG", "cat": "trading", "component": "alpha_breakout", "msg": "Breakout skip: range=103.1pips not in [10.0-80.0]"}
{"ts": "2026-05-11T08:21:26.726Z", "lvl": "DEBUG", "cat": "trading", "component": "alpha_breakout", "msg": "Breakout skip: range=107.1pips not in [10.0-80.0]"}
{"ts": "2026-05-11T08:21:26.727Z", "lvl": "INFO", "cat": "trading", "component": "alpha_breakout", "msg": "SELL breakout signal: entry=2544.44 SL=2551.49 TP=2530.33 range=57.4pips ATR=4.70"}
{"ts": "2026-05-11T08:21:26.727Z", "lvl": "INFO", "cat": "trading", "component": "alpha_breakout", "msg": "BUY breakout signal: entry=2552.07 SL=2545.02 TP=2566.18 range=72.1pips ATR=4.70"}
{"ts": "2026-05-11T08:21:26.727Z", "lvl": "INFO", "cat": "trading", "component": "alpha_breakout", "msg": "BUY breakout signal: entry=2553.32 SL=2546.22 TP=2567.51 range=66.2pips ATR=4.73"}
{"ts": "2026-05-11T08:21:26.728Z", "lvl": "INFO", "cat": "trading", "component": "alpha_breakout", "msg": "BUY breakout signal: entry=2568.80 SL=2561.61 TP=2583.19 range=57.9pips ATR=4.80"}
{"ts": "2026-05-11T08:21:26.728Z", "lvl": "DEBUG", "cat": "trading", "component": "alpha_breakout", "msg": "Breakout skip: range=105.5pips not in [10.0-80.0]"}
{"ts": "2026-05-11T08:21:26.728Z", "lvl": "DEBUG", "cat": "trading", "component": "alpha_breakout", "msg": "Breakout skip: range=135.3pips not in [10.0-80.0]"}
{"ts": "2026-05-11T08:21:26.728Z", "lvl": "DEBUG", "cat": "trading", "component": "alpha_breakout", "msg": "Breakout skip: range=121.6pips not in [10.0-80.0]"}
{"ts": "2026-05-11T08:21:26.729Z", "lvl": "INFO", "cat": "trading", "component": "alpha_breakout", "msg": "BUY breakout signal: entry=2587.55 SL=2579.84 TP=2602.97 range=76.5pips ATR=5.14"}
{"ts": "2026-05-11T08:21:26.729Z", "lvl": "INFO", "cat": "trading", "component": "alpha_breakout", "msg": "BUY breakout signal: entry=2604.45 SL=2597.16 TP=2619.04 range=69.8pips ATR=4.86"}
{"ts": "2026-05-11T08:21:26.906Z", "lvl": "DEBUG", "cat": "trading", "component": "strategy_base", "msg": "Strategy 'alpha_breakout' initialized"}
{"ts": "2026-05-11T08:21:26.907Z", "lvl": "INFO", "cat": "trading", "component": "alpha_breakout", "msg": "BUY breakout signal: entry=2367.98 SL=2360.72 TP=2382.49 range=73.6pips ATR=4.84"}
{"ts": "2026-05-11T08:21:26.907Z", "lvl": "DEBUG", "cat": "trading", "component": "alpha_breakout", "msg": "Breakout skip: range=86.1pips not in [10.0-80.0]"}
{"ts": "2026-05-11T08:21:26.907Z", "lvl": "INFO", "cat": "trading", "component": "alpha_breakout", "msg": "BUY breakout signal: entry=2384.30 SL=2377.56 TP=2397.78 range=51.4pips ATR=4.49"}
{"ts": "2026-05-11T08:21:26.908Z", "lvl": "DEBUG", "cat": "trading", "component": "alpha_breakout", "msg": "Breakout skip: range=100.6pips not in [10.0-80.0]"}
{"ts": "2026-05-11T08:21:26.908Z", "lvl": "DEBUG", "cat": "trading", "component": "alpha_breakout", "msg": "Breakout skip: range=123.3pips not in [10.0-80.0]"}
{"ts": "2026-05-11T08:21:26.908Z", "lvl": "DEBUG", "cat": "trading", "component": "alpha_breakout", "msg": "Breakout skip: range=102.2pips not in [10.0-80.0]"}
{"ts": "2026-05-11T08:21:26.908Z", "lvl": "DEBUG", "cat": "trading", "component": "alpha_breakout", "msg": "Breakout skip: range=84.7pips not in [10.0-80.0]"}
{"ts": "2026-05-11T08:21:26.908Z", "lvl": "DEBUG", "cat": "trading", "component": "alpha_breakout", "msg": "Breakout skip: range=94.1pips not in [10.0-80.0]"}
{"ts": "2026-05-11T08:21:26.908Z", "lvl": "DEBUG", "cat": "trading", "component": "alpha_breakout", "msg": "Breakout skip: range=125.0pips not in [10.0-80.0]"}
{"ts": "2026-05-11T08:21:26.908Z", "lvl": "DEBUG", "cat": "trading", "component": "alpha_breakout", "msg": "Breakout skip: range=97.8pips not in [10.0-80.0]"}
{"ts": "2026-05-11T08:21:26.909Z", "lvl": "DEBUG", "cat": "trading", "component": "alpha_breakout", "msg": "Breakout skip: range=88.6pips not in [10.0-80.0]"}
{"ts": "2026-05-11T08:21:26.909Z", "lvl": "DEBUG", "cat": "trading", "component": "alpha_breakout", "msg": "Breakout skip: range=84.1pips not in [10.0-80.0]"}
{"ts": "2026-05-11T08:21:26.910Z", "lvl": "DEBUG", "cat": "trading", "component": "alpha_breakout", "msg": "Breakout skip: range=81.4pips not in [10.0-80.0]"}
{"ts": "2026-05-11T08:21:26.910Z", "lvl": "DEBUG", "cat": "trading", "component": "alpha_breakout", "msg": "Breakout skip: range=87.7pips not in [10.0-80.0]"}
{"ts": "2026-05-11T08:21:26.910Z", "lvl": "INFO", "cat": "trading", "component": "alpha_breakout", "msg": "BUY breakout signal: entry=2410.21 SL=2403.40 TP=2423.83 range=67.7pips ATR=4.54"}
{"ts": "2026-05-11T08:21:26.910Z", "lvl": "DEBUG", "cat": "trading", "component": "alpha_breakout", "msg": "Breakout skip: range=118.6pips not in [10.0-80.0]"}
{"ts": "2026-05-11T08:21:26.911Z", "lvl": "DEBUG", "cat": "trading", "component": "alpha_breakout", "msg": "Breakout skip: range=107.8pips not in [10.0-80.0]"}
{"ts": "2026-05-11T08:21:26.911Z", "lvl": "DEBUG", "cat": "trading", "component": "alpha_breakout", "msg": "Breakout skip: range=112.0pips not in [10.0-80.0]"}
{"ts": "2026-05-11T08:21:26.911Z", "lvl": "DEBUG", "cat": "trading", "component": "alpha_breakout", "msg": "Breakout skip: range=112.0pips not in [10.0-80.0]"}
{"ts": "2026-05-11T08:21:26.911Z", "lvl": "INFO", "cat": "trading", "component": "alpha_breakout", "msg": "BUY breakout signal: entry=2431.89 SL=2424.00 TP=2447.67 range=71.3pips ATR=5.26"}
{"ts": "2026-05-11T08:21:26.911Z", "lvl": "INFO", "cat": "trading", "component": "alpha_breakout", "msg": "BUY breakout signal: entry=2448.73 SL=2441.57 TP=2463.04 range=63.2pips ATR=4.77"}
{"ts": "2026-05-11T08:21:26.911Z", "lvl": "INFO", "cat": "trading", "component": "alpha_breakout", "msg": "BUY breakout signal: entry=2465.33 SL=2458.06 TP=2479.87 range=62.9pips ATR=4.85"}
{"ts": "2026-05-11T08:21:26.911Z", "lvl": "INFO", "cat": "trading", "component": "alpha_breakout", "msg": "BUY breakout signal: entry=2479.89 SL=2473.15 TP=2493.37 range=64.2pips ATR=4.49"}
{"ts": "2026-05-11T08:21:26.912Z", "lvl": "DEBUG", "cat": "trading", "component": "alpha_breakout", "msg": "Breakout skip: range=111.3pips not in [10.0-80.0]"}
{"ts": "2026-05-11T08:21:26.912Z", "lvl": "DEBUG", "cat": "trading", "component": "alpha_breakout", "msg": "Breakout skip: range=102.9pips not in [10.0-80.0]"}
{"ts": "2026-05-11T08:21:26.912Z", "lvl": "DEBUG", "cat": "trading", "component": "alpha_breakout", "msg": "Breakout skip: range=113.4pips not in [10.0-80.0]"}
{"ts": "2026-05-11T08:21:26.912Z", "lvl": "DEBUG", "cat": "trading", "component": "alpha_breakout", "msg": "Breakout skip: range=118.4pips not in [10.0-80.0]"}
{"ts": "2026-05-11T08:21:26.912Z", "lvl": "DEBUG", "cat": "trading", "component": "alpha_breakout", "msg": "Breakout skip: range=122.1pips not in [10.0-80.0]"}
{"ts": "2026-05-11T08:21:26.913Z", "lvl": "DEBUG", "cat": "trading", "component": "alpha_breakout", "msg": "Breakout skip: range=95.4pips not in [10.0-80.0]"}
{"ts": "2026-05-11T08:21:26.913Z", "lvl": "INFO", "cat": "trading", "component": "alpha_breakout", "msg": "BUY breakout signal: entry=2507.23 SL=2499.71 TP=2522.28 range=67.0pips ATR=5.02"}
{"ts": "2026-05-11T08:21:26.913Z", "lvl": "INFO", "cat": "trading", "component": "alpha_breakout", "msg": "BUY breakout signal: entry=2523.43 SL=2516.47 TP=2537.35 range=59.0pips ATR=4.64"}
{"ts": "2026-05-11T08:21:26.913Z", "lvl": "INFO", "cat": "trading", "component": "alpha_breakout", "msg": "BUY breakout signal: entry=2538.68 SL=2531.09 TP=2553.86 range=74.3pips ATR=5.06"}
{"ts": "2026-05-11T08:21:26.913Z", "lvl": "INFO", "cat": "trading", "component": "alpha_breakout", "msg": "BUY breakout signal: entry=2553.84 SL=2547.14 TP=2567.23 range=77.6pips ATR=4.46"}
{"ts": "2026-05-11T08:21:26.913Z", "lvl": "DEBUG", "cat": "trading", "component": "alpha_breakout", "msg": "Breakout skip: range=90.7pips not in [10.0-80.0]"}
{"ts": "2026-05-11T08:21:26.914Z", "lvl": "INFO", "cat": "trading", "component": "alpha_breakout", "msg": "SELL breakout signal: entry=2564.18 SL=2570.54 TP=2551.46 range=55.2pips ATR=4.24"}
{"ts": "2026-05-11T08:21:26.915Z", "lvl": "INFO", "cat": "trading", "component": "alpha_breakout", "msg": "BUY breakout signal: entry=2570.16 SL=2563.53 TP=2583.42 range=52.6pips ATR=4.42"}
{"ts": "2026-05-11T08:21:26.915Z", "lvl": "INFO", "cat": "trading", "component": "alpha_breakout", "msg": "BUY breakout signal: entry=2584.76 SL=2578.01 TP=2598.27 range=77.6pips ATR=4.50"}
{"ts": "2026-05-11T08:21:26.916Z", "lvl": "DEBUG", "cat": "trading", "component": "alpha_breakout", "msg": "Breakout skip: range=87.3pips not in [10.0-80.0]"}
{"ts": "2026-05-11T08:21:26.916Z", "lvl": "DEBUG", "cat": "trading", "component": "alpha_breakout", "msg": "Breakout skip: range=137.9pips not in [10.0-80.0]"}
{"ts": "2026-05-11T08:21:26.916Z", "lvl": "DEBUG", "cat": "trading", "component": "alpha_breakout", "msg": "Breakout skip: range=141.6pips not in [10.0-80.0]"}
{"ts": "2026-05-11T08:21:26.916Z", "lvl": "DEBUG", "cat": "trading", "component": "alpha_breakout", "msg": "Breakout skip: range=90.4pips not in [10.0-80.0]"}
{"ts": "2026-05-11T08:21:26.916Z", "lvl": "DEBUG", "cat": "trading", "component": "alpha_breakout", "msg": "Breakout skip: range=88.0pips not in [10.0-80.0]"}
{"ts": "2026-05-11T08:21:26.916Z", "lvl": "DEBUG", "cat": "trading", "component": "alpha_breakout", "msg": "Breakout skip: range=97.8pips not in [10.0-80.0]"}
{"ts": "2026-05-11T08:21:26.916Z", "lvl": "DEBUG", "cat": "trading", "component": "alpha_breakout", "msg": "Breakout skip: range=105.0pips not in [10.0-80.0]"}
{"ts": "2026-05-11T08:21:26.917Z", "lvl": "DEBUG", "cat": "trading", "component": "alpha_breakout", "msg": "Breakout skip: range=80.8pips not in [10.0-80.0]"}
{"ts": "2026-05-11T08:21:26.917Z", "lvl": "DEBUG", "cat": "trading", "component": "alpha_breakout", "msg": "Breakout skip: range=104.1pips not in [10.0-80.0]"}
{"ts": "2026-05-11T08:21:26.917Z", "lvl": "DEBUG", "cat": "trading", "component": "alpha_breakout", "msg": "Breakout skip: range=152.7pips not in [10.0-80.0]"}
{"ts": "2026-05-11T08:21:26.917Z", "lvl": "DEBUG", "cat": "trading", "component": "alpha_breakout", "msg": "Breakout skip: range=131.0pips not in [10.0-80.0]"}
{"ts": "2026-05-11T08:21:26.917Z", "lvl": "DEBUG", "cat": "trading", "component": "alpha_breakout", "msg": "Breakout skip: range=119.5pips not in [10.0-80.0]"}
{"ts": "2026-05-11T08:21:26.917Z", "lvl": "DEBUG", "cat": "trading", "component": "alpha_breakout", "msg": "Breakout skip: range=82.7pips not in [10.0-80.0]"}
{"ts": "2026-05-11T08:21:26.917Z", "lvl": "INFO", "cat": "trading", "component": "alpha_breakout", "msg": "BUY breakout signal: entry=2626.03 SL=2618.43 TP=2641.23 range=59.8pips ATR=5.07"}
{"ts": "2026-05-11T08:21:26.918Z", "lvl": "DEBUG", "cat": "trading", "component": "alpha_breakout", "msg": "Breakout skip: range=105.3pips not in [10.0-80.0]"}
{"ts": "2026-05-11T08:21:26.918Z", "lvl": "DEBUG", "cat": "trading", "component": "alpha_breakout", "msg": "Breakout skip: range=119.2pips not in [10.0-80.0]"}
{"ts": "2026-05-11T08:21:26.918Z", "lvl": "DEBUG", "cat": "trading", "component": "alpha_breakout", "msg": "Breakout skip: range=107.4pips not in [10.0-80.0]"}
{"ts": "2026-05-11T08:21:26.919Z", "lvl": "INFO", "cat": "trading", "component": "alpha_breakout", "msg": "BUY breakout signal: entry=2645.08 SL=2638.10 TP=2659.05 range=49.5pips ATR=4.66"}
{"ts": "2026-05-11T08:21:26.919Z", "lvl": "INFO", "cat": "trading", "component": "alpha_breakout", "msg": "BUY breakout signal: entry=2658.32 SL=2651.71 TP=2671.55 range=72.6pips ATR=4.41"}
{"ts": "2026-05-11T08:21:26.922Z", "lvl": "DEBUG", "cat": "trading", "component": "strategy_base", "msg": "Strategy 'alpha_breakout' initialized"}
{"ts": "2026-05-11T08:21:26.923Z", "lvl": "INFO", "cat": "trading", "component": "alpha_breakout", "msg": "SELL breakout signal: entry=2330.78 SL=2337.32 TP=2317.70 range=52.9pips ATR=4.36"}
{"ts": "2026-05-11T08:21:26.923Z", "lvl": "INFO", "cat": "trading", "component": "alpha_breakout", "msg": "BUY breakout signal: entry=2338.98 SL=2332.33 TP=2352.28 range=78.1pips ATR=4.43"}
{"ts": "2026-05-11T08:21:26.923Z", "lvl": "DEBUG", "cat": "trading", "component": "alpha_breakout", "msg": "Breakout skip: range=80.9pips not in [10.0-80.0]"}
{"ts": "2026-05-11T08:21:26.923Z", "lvl": "DEBUG", "cat": "trading", "component": "alpha_breakout", "msg": "Breakout skip: range=86.6pips not in [10.0-80.0]"}
{"ts": "2026-05-11T08:21:26.923Z", "lvl": "INFO", "cat": "trading", "component": "alpha_breakout", "msg": "BUY breakout signal: entry=2340.38 SL=2333.50 TP=2354.14 range=62.7pips ATR=4.59"}
{"ts": "2026-05-11T08:21:26.923Z", "lvl": "DEBUG", "cat": "trading", "component": "alpha_breakout", "msg": "Breakout skip: range=100.8pips not in [10.0-80.0]"}
{"ts": "2026-05-11T08:21:26.923Z", "lvl": "DEBUG", "cat": "trading", "component": "alpha_breakout", "msg": "Breakout skip: range=91.0pips not in [10.0-80.0]"}
{"ts": "2026-05-11T08:21:26.923Z", "lvl": "INFO", "cat": "trading", "component": "alpha_breakout", "msg": "BUY breakout signal: entry=2357.71 SL=2350.82 TP=2371.49 range=65.5pips ATR=4.59"}
{"ts": "2026-05-11T08:21:26.924Z", "lvl": "INFO", "cat": "trading", "component": "alpha_breakout", "msg": "BUY breakout signal: entry=2373.37 SL=2366.27 TP=2387.57 range=66.2pips ATR=4.73"}
{"ts": "2026-05-11T08:21:26.925Z", "lvl": "INFO", "cat": "trading", "component": "alpha_breakout", "msg": "BUY breakout signal: entry=2388.93 SL=2381.68 TP=2403.44 range=76.6pips ATR=4.84"}
{"ts": "2026-05-11T08:21:26.925Z", "lvl": "INFO", "cat": "trading", "component": "alpha_breakout", "msg": "BUY breakout signal: entry=2402.75 SL=2396.40 TP=2415.44 range=47.5pips ATR=4.23"}
{"ts": "2026-05-11T08:21:26.925Z", "lvl": "INFO", "cat": "trading", "component": "alpha_breakout", "msg": "BUY breakout signal: entry=2416.35 SL=2408.98 TP=2431.09 range=69.9pips ATR=4.91"}
{"ts": "2026-05-11T08:21:26.925Z", "lvl": "INFO", "cat": "trading", "component": "alpha_breakout", "msg": "BUY breakout signal: entry=2432.26 SL=2424.60 TP=2447.57 range=49.9pips ATR=5.10"}
{"ts": "2026-05-11T08:21:26.926Z", "lvl": "DEBUG", "cat": "trading", "component": "alpha_breakout", "msg": "Breakout skip: range=128.3pips not in [10.0-80.0]"}
{"ts": "2026-05-11T08:21:26.926Z", "lvl": "DEBUG", "cat": "trading", "component": "alpha_breakout", "msg": "Breakout skip: range=93.5pips not in [10.0-80.0]"}
{"ts": "2026-05-11T08:21:26.927Z", "lvl": "INFO", "cat": "trading", "component": "alpha_breakout", "msg": "SELL breakout signal: entry=2439.37 SL=2446.75 TP=2424.62 range=51.6pips ATR=4.92"}
{"ts": "2026-05-11T08:21:26.927Z", "lvl": "INFO", "cat": "trading", "component": "alpha_breakout", "msg": "BUY breakout signal: entry=2450.86 SL=2444.63 TP=2463.33 range=50.4pips ATR=4.16"}
{"ts": "2026-05-11T08:21:26.927Z", "lvl": "INFO", "cat": "trading", "component": "alpha_breakout", "msg": "BUY breakout signal: entry=2464.70 SL=2458.46 TP=2477.17 range=77.7pips ATR=4.16"}
{"ts": "2026-05-11T08:21:26.928Z", "lvl": "INFO", "cat": "trading", "component": "alpha_breakout", "msg": "BUY breakout signal: entry=2476.93 SL=2470.41 TP=2489.98 range=42.0pips ATR=4.35"}
{"ts": "2026-05-11T08:21:26.928Z", "lvl": "DEBUG", "cat": "trading", "component": "alpha_breakout", "msg": "Breakout skip: range=89.4pips not in [10.0-80.0]"}
{"ts": "2026-05-11T08:21:26.928Z", "lvl": "DEBUG", "cat": "trading", "component": "alpha_breakout", "msg": "Breakout skip: range=114.3pips not in [10.0-80.0]"}
{"ts": "2026-05-11T08:21:26.928Z", "lvl": "DEBUG", "cat": "trading", "component": "alpha_breakout", "msg": "Breakout skip: range=105.3pips not in [10.0-80.0]"}
{"ts": "2026-05-11T08:21:26.928Z", "lvl": "DEBUG", "cat": "trading", "component": "alpha_breakout", "msg": "Breakout skip: range=86.9pips not in [10.0-80.0]"}
{"ts": "2026-05-11T08:21:26.928Z", "lvl": "INFO", "cat": "trading", "component": "alpha_breakout", "msg": "SELL breakout signal: entry=2487.25 SL=2494.13 TP=2473.48 range=62.9pips ATR=4.59"}
{"ts": "2026-05-11T08:21:26.929Z", "lvl": "INFO", "cat": "trading", "component": "alpha_breakout", "msg": "BUY breakout signal: entry=2496.91 SL=2490.04 TP=2510.65 range=60.8pips ATR=4.58"}
{"ts": "2026-05-11T08:21:26.929Z", "lvl": "INFO", "cat": "trading", "component": "alpha_breakout", "msg": "BUY breakout signal: entry=2511.87 SL=2504.80 TP=2526.01 range=74.8pips ATR=4.71"}
{"ts": "2026-05-11T08:21:26.931Z", "lvl": "DEBUG", "cat": "trading", "component": "strategy_base", "msg": "Strategy 'alpha_breakout' initialized"}
{"ts": "2026-05-11T08:21:26.934Z", "lvl": "DEBUG", "cat": "trading", "component": "strategy_base", "msg": "Strategy 'alpha_breakout' initialized"}
{"ts": "2026-05-11T08:21:26.935Z", "lvl": "INFO", "cat": "trading", "component": "alpha_breakout", "msg": "BUY breakout signal: entry=2334.08 SL=2327.69 TP=2346.87 range=44.9pips ATR=4.26"}
{"ts": "2026-05-11T08:21:26.935Z", "lvl": "INFO", "cat": "trading", "component": "alpha_breakout", "msg": "BUY breakout signal: entry=2346.95 SL=2340.68 TP=2359.49 range=47.4pips ATR=4.18"}
{"ts": "2026-05-11T08:21:26.936Z", "lvl": "INFO", "cat": "trading", "component": "alpha_breakout", "msg": "BUY breakout signal: entry=2362.39 SL=2355.77 TP=2375.64 range=63.3pips ATR=4.42"}
{"ts": "2026-05-11T08:21:26.936Z", "lvl": "DEBUG", "cat": "trading", "component": "alpha_breakout", "msg": "Breakout skip: range=80.6pips not in [10.0-80.0]"}
{"ts": "2026-05-11T08:21:26.936Z", "lvl": "INFO", "cat": "trading", "component": "alpha_breakout", "msg": "BUY breakout signal: entry=2380.52 SL=2373.47 TP=2394.62 range=68.7pips ATR=4.70"}
{"ts": "2026-05-11T08:21:26.937Z", "lvl": "INFO", "cat": "trading", "component": "alpha_breakout", "msg": "BUY breakout signal: entry=2395.15 SL=2388.74 TP=2407.98 range=73.9pips ATR=4.28"}
{"ts": "2026-05-11T08:21:26.937Z", "lvl": "INFO", "cat": "trading", "component": "alpha_breakout", "msg": "BUY breakout signal: entry=2407.14 SL=2400.23 TP=2420.97 range=71.4pips ATR=4.61"}
{"ts": "2026-05-11T08:21:26.937Z", "lvl": "INFO", "cat": "trading", "component": "alpha_breakout", "msg": "BUY breakout signal: entry=2420.96 SL=2414.27 TP=2434.34 range=64.7pips ATR=4.46"}
{"ts": "2026-05-11T08:21:26.938Z", "lvl": "DEBUG", "cat": "trading", "component": "alpha_breakout", "msg": "Breakout skip: range=84.1pips not in [10.0-80.0]"}
{"ts": "2026-05-11T08:21:26.938Z", "lvl": "DEBUG", "cat": "trading", "component": "alpha_breakout", "msg": "Breakout skip: range=128.3pips not in [10.0-80.0]"}
{"ts": "2026-05-11T08:21:26.938Z", "lvl": "DEBUG", "cat": "trading", "component": "alpha_breakout", "msg": "Breakout skip: range=94.5pips not in [10.0-80.0]"}
{"ts": "2026-05-11T08:21:26.938Z", "lvl": "DEBUG", "cat": "trading", "component": "alpha_breakout", "msg": "Breakout skip: range=82.5pips not in [10.0-80.0]"}
{"ts": "2026-05-11T08:21:26.938Z", "lvl": "DEBUG", "cat": "trading", "component": "alpha_breakout", "msg": "Breakout skip: range=100.2pips not in [10.0-80.0]"}
{"ts": "2026-05-11T08:21:26.938Z", "lvl": "DEBUG", "cat": "trading", "component": "alpha_breakout", "msg": "Breakout skip: range=89.8pips not in [10.0-80.0]"}
{"ts": "2026-05-11T08:21:26.939Z", "lvl": "INFO", "cat": "trading", "component": "alpha_breakout", "msg": "SELL breakout signal: entry=2432.98 SL=2439.70 TP=2419.53 range=63.9pips ATR=4.48"}
{"ts": "2026-05-11T08:21:26.939Z", "lvl": "DEBUG", "cat": "trading", "component": "alpha_breakout", "msg": "Breakout skip: range=83.0pips not in [10.0-80.0]"}
{"ts": "2026-05-11T08:21:26.939Z", "lvl": "DEBUG", "cat": "trading", "component": "alpha_breakout", "msg": "Breakout skip: range=107.8pips not in [10.0-80.0]"}
{"ts": "2026-05-11T08:21:26.939Z", "lvl": "DEBUG", "cat": "trading", "component": "alpha_breakout", "msg": "Breakout skip: range=103.6pips not in [10.0-80.0]"}
{"ts": "2026-05-11T08:21:26.940Z", "lvl": "INFO", "cat": "trading", "component": "alpha_breakout", "msg": "SELL breakout signal: entry=2437.17 SL=2443.84 TP=2423.84 range=43.4pips ATR=4.45"}
{"ts": "2026-05-11T08:21:26.940Z", "lvl": "INFO", "cat": "trading", "component": "alpha_breakout", "msg": "BUY breakout signal: entry=2445.85 SL=2439.54 TP=2458.46 range=45.0pips ATR=4.20"}
{"ts": "2026-05-11T08:21:26.941Z", "lvl": "INFO", "cat": "trading", "component": "alpha_breakout", "msg": "BUY breakout signal: entry=2457.79 SL=2451.39 TP=2470.60 range=77.5pips ATR=4.27"}
{"ts": "2026-05-11T08:21:26.941Z", "lvl": "DEBUG", "cat": "trading", "component": "alpha_breakout", "msg": "Breakout skip: range=116.0pips not in [10.0-80.0]"}
{"ts": "2026-05-11T08:21:26.941Z", "lvl": "DEBUG", "cat": "trading", "component": "alpha_breakout", "msg": "Breakout skip: range=134.3pips not in [10.0-80.0]"}
{"ts": "2026-05-11T08:21:26.941Z", "lvl": "DEBUG", "cat": "trading", "component": "alpha_breakout", "msg": "Breakout skip: range=138.9pips not in [10.0-80.0]"}
{"ts": "2026-05-11T08:21:26.941Z", "lvl": "DEBUG", "cat": "trading", "component": "alpha_breakout", "msg": "Breakout skip: range=109.4pips not in [10.0-80.0]"}
{"ts": "2026-05-11T08:21:26.941Z", "lvl": "DEBUG", "cat": "trading", "component": "alpha_breakout", "msg": "Breakout skip: range=84.8pips not in [10.0-80.0]"}
{"ts": "2026-05-11T08:21:26.942Z", "lvl": "INFO", "cat": "trading", "component": "alpha_breakout", "msg": "BUY breakout signal: entry=2477.26 SL=2470.16 TP=2491.46 range=60.0pips ATR=4.73"}
{"ts": "2026-05-11T08:21:26.942Z", "lvl": "DEBUG", "cat": "trading", "component": "alpha_breakout", "msg": "Breakout skip: range=88.4pips not in [10.0-80.0]"}
{"ts": "2026-05-11T08:21:26.942Z", "lvl": "DEBUG", "cat": "trading", "component": "alpha_breakout", "msg": "Breakout skip: range=97.3pips not in [10.0-80.0]"}
{"ts": "2026-05-11T08:21:26.943Z", "lvl": "DEBUG", "cat": "trading", "component": "alpha_breakout", "msg": "Breakout skip: range=83.8pips not in [10.0-80.0]"}
{"ts": "2026-05-11T08:21:26.943Z", "lvl": "DEBUG", "cat": "trading", "component": "alpha_breakout", "msg": "Breakout skip: range=105.5pips not in [10.0-80.0]"}
{"ts": "2026-05-11T08:21:26.943Z", "lvl": "INFO", "cat": "trading", "component": "alpha_breakout", "msg": "BUY breakout signal: entry=2503.05 SL=2495.30 TP=2518.56 range=76.3pips ATR=5.17"}
{"ts": "2026-05-11T08:21:26.943Z", "lvl": "INFO", "cat": "trading", "component": "alpha_breakout", "msg": "BUY breakout signal: entry=2523.84 SL=2516.87 TP=2537.78 range=78.0pips ATR=4.65"}
{"ts": "2026-05-11T08:21:26.944Z", "lvl": "INFO", "cat": "trading", "component": "alpha_breakout", "msg": "BUY breakout signal: entry=2538.49 SL=2531.28 TP=2552.92 range=51.7pips ATR=4.81"}
{"ts": "2026-05-11T08:21:26.944Z", "lvl": "DEBUG", "cat": "trading", "component": "alpha_breakout", "msg": "Breakout skip: range=80.2pips not in [10.0-80.0]"}
{"ts": "2026-05-11T08:21:26.944Z", "lvl": "DEBUG", "cat": "trading", "component": "alpha_breakout", "msg": "Breakout skip: range=85.3pips not in [10.0-80.0]"}
{"ts": "2026-05-11T08:21:26.945Z", "lvl": "DEBUG", "cat": "trading", "component": "alpha_breakout", "msg": "Breakout skip: range=85.3pips not in [10.0-80.0]"}
{"ts": "2026-05-11T08:21:26.946Z", "lvl": "INFO", "cat": "trading", "component": "alpha_breakout", "msg": "BUY breakout signal: entry=2553.85 SL=2546.79 TP=2567.97 range=50.9pips ATR=4.71"}
{"ts": "2026-05-11T08:21:26.946Z", "lvl": "INFO", "cat": "trading", "component": "alpha_breakout", "msg": "BUY breakout signal: entry=2571.35 SL=2564.45 TP=2585.15 range=63.2pips ATR=4.60"}
{"ts": "2026-05-11T08:21:28.922Z", "lvl": "DEBUG", "cat": "trading", "component": "trade_repository", "msg": "Trade inserted: 5265aa84-cf7b-47b5-bc5d-0ac7e249faa5 | XAUUSD BUY"}
{"ts": "2026-05-11T08:21:29.001Z", "lvl": "DEBUG", "cat": "trading", "component": "trade_repository", "msg": "Trade inserted: 333574c2-d9cd-46bb-bd16-72e71014deea | XAUUSD BUY"}
{"ts": "2026-05-11T08:21:29.079Z", "lvl": "DEBUG", "cat": "trading", "component": "trade_repository", "msg": "Trade inserted: 38c7547c-7058-4444-b72a-ab2995aaf9f1 | XAUUSD BUY"}
{"ts": "2026-05-11T08:21:29.079Z", "lvl": "INFO", "cat": "trading", "component": "trade_repository", "msg": "Trade closed: 38c7547c-7058-4444-b72a-ab2995aaf9f1 | net_pnl=+145.00 reason=TAKE_PROFIT"}
{"ts": "2026-05-11T08:21:29.159Z", "lvl": "DEBUG", "cat": "trading", "component": "trade_repository", "msg": "Trade inserted: 1978bdc7-4c24-4a2d-b3f4-934f44958a95 | XAUUSD BUY"}
{"ts": "2026-05-11T08:21:29.159Z", "lvl": "INFO", "cat": "trading", "component": "trade_repository", "msg": "Trade closed: 1978bdc7-4c24-4a2d-b3f4-934f44958a95 | net_pnl=+95.00 reason=TAKE_PROFIT"}
{"ts": "2026-05-11T08:22:22.002Z", "lvl": "DEBUG", "cat": "trading", "component": "trade_repository", "msg": "Trade inserted: facc6bf4-2751-49b3-8a07-f52277ffc827 | XAUUSD BUY"}
{"ts": "2026-05-11T08:22:22.045Z", "lvl": "DEBUG", "cat": "trading", "component": "trade_repository", "msg": "Trade inserted: 61c954be-6137-4c65-9250-9546a7691dba | XAUUSD BUY"}
{"ts": "2026-05-11T08:22:22.086Z", "lvl": "DEBUG", "cat": "trading", "component": "trade_repository", "msg": "Trade inserted: a64ad2d3-5ea9-4353-8a49-7801a74bff45 | XAUUSD BUY"}
{"ts": "2026-05-11T08:22:22.086Z", "lvl": "INFO", "cat": "trading", "component": "trade_repository", "msg": "Trade closed: a64ad2d3-5ea9-4353-8a49-7801a74bff45 | net_pnl=+145.00 reason=TAKE_PROFIT"}
{"ts": "2026-05-11T08:22:22.127Z", "lvl": "DEBUG", "cat": "trading", "component": "trade_repository", "msg": "Trade inserted: e66e66e1-6bff-4753-800a-3b4fda236695 | XAUUSD BUY"}
{"ts": "2026-05-11T08:22:22.128Z", "lvl": "INFO", "cat": "trading", "component": "trade_repository", "msg": "Trade closed: e66e66e1-6bff-4753-800a-3b4fda236695 | net_pnl=+95.00 reason=TAKE_PROFIT"}
{"ts": "2026-05-11T08:22:26.372Z", "lvl": "DEBUG", "cat": "trading", "component": "strategy_base", "msg": "Strategy 'alpha_breakout' initialized"}
{"ts": "2026-05-11T08:22:26.373Z", "lvl": "INFO", "cat": "trading", "component": "alpha_breakout", "msg": "BUY breakout signal: entry=2354.33 SL=2347.11 TP=2368.78 range=55.2pips ATR=4.82"}
{"ts": "2026-05-11T08:22:26.373Z", "lvl": "INFO", "cat": "trading", "component": "alpha_breakout", "msg": "SELL breakout signal: entry=2344.39 SL=2350.72 TP=2331.73 range=51.0pips ATR=4.22"}
{"ts": "2026-05-11T08:22:26.374Z", "lvl": "INFO", "cat": "trading", "component": "alpha_breakout", "msg": "BUY breakout signal: entry=2351.00 SL=2344.58 TP=2363.84 range=54.2pips ATR=4.28"}
{"ts": "2026-05-11T08:22:26.375Z", "lvl": "DEBUG", "cat": "trading", "component": "alpha_breakout", "msg": "Breakout skip: range=150.5pips not in [10.0-80.0]"}
{"ts": "2026-05-11T08:22:26.375Z", "lvl": "DEBUG", "cat": "trading", "component": "alpha_breakout", "msg": "Breakout skip: range=128.8pips not in [10.0-80.0]"}
{"ts": "2026-05-11T08:22:26.375Z", "lvl": "DEBUG", "cat": "trading", "component": "alpha_breakout", "msg": "Breakout skip: range=92.0pips not in [10.0-80.0]"}
{"ts": "2026-05-11T08:22:26.375Z", "lvl": "DEBUG", "cat": "trading", "component": "alpha_breakout", "msg": "Breakout skip: range=81.5pips not in [10.0-80.0]"}
{"ts": "2026-05-11T08:22:26.375Z", "lvl": "INFO", "cat": "trading", "component": "alpha_breakout", "msg": "BUY breakout signal: entry=2368.76 SL=2361.85 TP=2382.57 range=59.9pips ATR=4.60"}
{"ts": "2026-05-11T08:22:26.375Z", "lvl": "DEBUG", "cat": "trading", "component": "alpha_breakout", "msg": "Breakout skip: range=87.3pips not in [10.0-80.0]"}
{"ts": "2026-05-11T08:22:26.375Z", "lvl": "DEBUG", "cat": "trading", "component": "alpha_breakout", "msg": "Breakout skip: range=117.6pips not in [10.0-80.0]"}
{"ts": "2026-05-11T08:22:26.375Z", "lvl": "DEBUG", "cat": "trading", "component": "alpha_breakout", "msg": "Breakout skip: range=94.6pips not in [10.0-80.0]"}
{"ts": "2026-05-11T08:22:26.376Z", "lvl": "INFO", "cat": "trading", "component": "alpha_breakout", "msg": "BUY breakout signal: entry=2384.68 SL=2377.83 TP=2398.38 range=31.9pips ATR=4.57"}
{"ts": "2026-05-11T08:22:26.376Z", "lvl": "DEBUG", "cat": "trading", "component": "alpha_breakout", "msg": "Breakout skip: range=84.4pips not in [10.0-80.0]"}
{"ts": "2026-05-11T08:22:26.376Z", "lvl": "DEBUG", "cat": "trading", "component": "alpha_breakout", "msg": "Breakout skip: range=99.0pips not in [10.0-80.0]"}
{"ts": "2026-05-11T08:22:26.376Z", "lvl": "DEBUG", "cat": "trading", "component": "alpha_breakout", "msg": "Breakout skip: range=111.3pips not in [10.0-80.0]"}
{"ts": "2026-05-11T08:22:26.377Z", "lvl": "DEBUG", "cat": "trading", "component": "alpha_breakout", "msg": "Breakout skip: range=123.9pips not in [10.0-80.0]"}
{"ts": "2026-05-11T08:22:26.377Z", "lvl": "DEBUG", "cat": "trading", "component": "alpha_breakout", "msg": "Breakout skip: range=102.7pips not in [10.0-80.0]"}
{"ts": "2026-05-11T08:22:26.377Z", "lvl": "DEBUG", "cat": "trading", "component": "alpha_breakout", "msg": "Breakout skip: range=88.4pips not in [10.0-80.0]"}
{"ts": "2026-05-11T08:22:26.377Z", "lvl": "DEBUG", "cat": "trading", "component": "alpha_breakout", "msg": "Breakout skip: range=105.4pips not in [10.0-80.0]"}
{"ts": "2026-05-11T08:22:26.377Z", "lvl": "INFO", "cat": "trading", "component": "alpha_breakout", "msg": "BUY breakout signal: entry=2413.89 SL=2406.92 TP=2427.84 range=39.1pips ATR=4.65"}
{"ts": "2026-05-11T08:22:26.377Z", "lvl": "DEBUG", "cat": "trading", "component": "alpha_breakout", "msg": "Breakout skip: range=91.1pips not in [10.0-80.0]"}
{"ts": "2026-05-11T08:22:26.378Z", "lvl": "DEBUG", "cat": "trading", "component": "alpha_breakout", "msg": "Breakout skip: range=110.5pips not in [10.0-80.0]"}
{"ts": "2026-05-11T08:22:26.378Z", "lvl": "DEBUG", "cat": "trading", "component": "alpha_breakout", "msg": "Breakout skip: range=98.7pips not in [10.0-80.0]"}
{"ts": "2026-05-11T08:22:26.378Z", "lvl": "DEBUG", "cat": "trading", "component": "alpha_breakout", "msg": "Breakout skip: range=91.6pips not in [10.0-80.0]"}
{"ts": "2026-05-11T08:22:26.378Z", "lvl": "DEBUG", "cat": "trading", "component": "alpha_breakout", "msg": "Breakout skip: range=110.8pips not in [10.0-80.0]"}
{"ts": "2026-05-11T08:22:26.378Z", "lvl": "DEBUG", "cat": "trading", "component": "alpha_breakout", "msg": "Breakout skip: range=137.5pips not in [10.0-80.0]"}
{"ts": "2026-05-11T08:22:26.378Z", "lvl": "DEBUG", "cat": "trading", "component": "alpha_breakout", "msg": "Breakout skip: range=149.6pips not in [10.0-80.0]"}
{"ts": "2026-05-11T08:22:26.378Z", "lvl": "DEBUG", "cat": "trading", "component": "alpha_breakout", "msg": "Breakout skip: range=114.5pips not in [10.0-80.0]"}
{"ts": "2026-05-11T08:22:26.379Z", "lvl": "INFO", "cat": "trading", "component": "alpha_breakout", "msg": "BUY breakout signal: entry=2451.25 SL=2443.28 TP=2467.19 range=69.3pips ATR=5.31"}
{"ts": "2026-05-11T08:22:26.379Z", "lvl": "INFO", "cat": "trading", "component": "alpha_breakout", "msg": "BUY breakout signal: entry=2466.65 SL=2460.22 TP=2479.50 range=60.5pips ATR=4.28"}
{"ts": "2026-05-11T08:22:26.379Z", "lvl": "DEBUG", "cat": "trading", "component": "alpha_breakout", "msg": "Breakout skip: range=86.1pips not in [10.0-80.0]"}
{"ts": "2026-05-11T08:22:26.379Z", "lvl": "DEBUG", "cat": "trading", "component": "alpha_breakout", "msg": "Breakout skip: range=130.3pips not in [10.0-80.0]"}
{"ts": "2026-05-11T08:22:26.380Z", "lvl": "DEBUG", "cat": "trading", "component": "alpha_breakout", "msg": "Breakout skip: range=80.6pips not in [10.0-80.0]"}
{"ts": "2026-05-11T08:22:26.380Z", "lvl": "DEBUG", "cat": "trading", "component": "alpha_breakout", "msg": "Breakout skip: range=90.6pips not in [10.0-80.0]"}
{"ts": "2026-05-11T08:22:26.380Z", "lvl": "INFO", "cat": "trading", "component": "alpha_breakout", "msg": "BUY breakout signal: entry=2485.15 SL=2478.47 TP=2498.52 range=52.6pips ATR=4.46"}
{"ts": "2026-05-11T08:22:26.380Z", "lvl": "DEBUG", "cat": "trading", "component": "alpha_breakout", "msg": "Breakout skip: range=133.2pips not in [10.0-80.0]"}
{"ts": "2026-05-11T08:22:26.380Z", "lvl": "DEBUG", "cat": "trading", "component": "alpha_breakout", "msg": "Breakout skip: range=131.5pips not in [10.0-80.0]"}
{"ts": "2026-05-11T08:22:26.380Z", "lvl": "DEBUG", "cat": "trading", "component": "alpha_breakout", "msg": "Breakout skip: range=148.6pips not in [10.0-80.0]"}
{"ts": "2026-05-11T08:22:26.380Z", "lvl": "DEBUG", "cat": "trading", "component": "alpha_breakout", "msg": "Breakout skip: range=116.5pips not in [10.0-80.0]"}
{"ts": "2026-05-11T08:22:26.380Z", "lvl": "DEBUG", "cat": "trading", "component": "alpha_breakout", "msg": "Breakout skip: range=82.6pips not in [10.0-80.0]"}
{"ts": "2026-05-11T08:22:26.381Z", "lvl": "INFO", "cat": "trading", "component": "alpha_breakout", "msg": "BUY breakout signal: entry=2509.37 SL=2501.55 TP=2525.02 range=63.0pips ATR=5.22"}
{"ts": "2026-05-11T08:22:26.381Z", "lvl": "INFO", "cat": "trading", "component": "alpha_breakout", "msg": "BUY breakout signal: entry=2525.93 SL=2518.13 TP=2541.53 range=75.1pips ATR=5.20"}
{"ts": "2026-05-11T08:22:26.381Z", "lvl": "INFO", "cat": "trading", "component": "alpha_breakout", "msg": "BUY breakout signal: entry=2541.45 SL=2535.16 TP=2554.02 range=40.1pips ATR=4.19"}
{"ts": "2026-05-11T08:22:26.381Z", "lvl": "INFO", "cat": "trading", "component": "alpha_breakout", "msg": "BUY breakout signal: entry=2556.23 SL=2549.70 TP=2569.29 range=58.3pips ATR=4.35"}
{"ts": "2026-05-11T08:22:26.382Z", "lvl": "INFO", "cat": "trading", "component": "alpha_breakout", "msg": "BUY breakout signal: entry=2572.00 SL=2564.96 TP=2586.09 range=69.6pips ATR=4.70"}
{"ts": "2026-05-11T08:22:26.382Z", "lvl": "DEBUG", "cat": "trading", "component": "alpha_breakout", "msg": "Breakout skip: range=111.5pips not in [10.0-80.0]"}
{"ts": "2026-05-11T08:22:26.383Z", "lvl": "DEBUG", "cat": "trading", "component": "alpha_breakout", "msg": "Breakout skip: range=104.2pips not in [10.0-80.0]"}
{"ts": "2026-05-11T08:22:26.383Z", "lvl": "DEBUG", "cat": "trading", "component": "alpha_breakout", "msg": "Breakout skip: range=81.9pips not in [10.0-80.0]"}
{"ts": "2026-05-11T08:22:26.383Z", "lvl": "DEBUG", "cat": "trading", "component": "alpha_breakout", "msg": "Breakout skip: range=122.5pips not in [10.0-80.0]"}
{"ts": "2026-05-11T08:22:26.383Z", "lvl": "DEBUG", "cat": "trading", "component": "alpha_breakout", "msg": "Breakout skip: range=135.6pips not in [10.0-80.0]"}
{"ts": "2026-05-11T08:22:26.383Z", "lvl": "DEBUG", "cat": "trading", "component": "alpha_breakout", "msg": "Breakout skip: range=102.8pips not in [10.0-80.0]"}
{"ts": "2026-05-11T08:22:26.383Z", "lvl": "DEBUG", "cat": "trading", "component": "alpha_breakout", "msg": "Breakout skip: range=90.9pips not in [10.0-80.0]"}
{"ts": "2026-05-11T08:22:26.383Z", "lvl": "DEBUG", "cat": "trading", "component": "alpha_breakout", "msg": "Breakout skip: range=90.9pips not in [10.0-80.0]"}
{"ts": "2026-05-11T08:22:26.383Z", "lvl": "DEBUG", "cat": "trading", "component": "alpha_breakout", "msg": "Breakout skip: range=94.6pips not in [10.0-80.0]"}
{"ts": "2026-05-11T08:22:26.384Z", "lvl": "DEBUG", "cat": "trading", "component": "alpha_breakout", "msg": "Breakout skip: range=98.1pips not in [10.0-80.0]"}
{"ts": "2026-05-11T08:22:26.384Z", "lvl": "DEBUG", "cat": "trading", "component": "alpha_breakout", "msg": "Breakout skip: range=102.6pips not in [10.0-80.0]"}
{"ts": "2026-05-11T08:22:26.566Z", "lvl": "DEBUG", "cat": "trading", "component": "strategy_base", "msg": "Strategy 'alpha_breakout' initialized"}
{"ts": "2026-05-11T08:22:26.567Z", "lvl": "DEBUG", "cat": "trading", "component": "alpha_breakout", "msg": "Breakout skip: range=108.2pips not in [10.0-80.0]"}
{"ts": "2026-05-11T08:22:26.567Z", "lvl": "DEBUG", "cat": "trading", "component": "alpha_breakout", "msg": "Breakout skip: range=82.2pips not in [10.0-80.0]"}
{"ts": "2026-05-11T08:22:26.567Z", "lvl": "INFO", "cat": "trading", "component": "alpha_breakout", "msg": "BUY breakout signal: entry=2326.32 SL=2319.37 TP=2340.23 range=70.0pips ATR=4.64"}
{"ts": "2026-05-11T08:22:26.568Z", "lvl": "INFO", "cat": "trading", "component": "alpha_breakout", "msg": "BUY breakout signal: entry=2344.00 SL=2336.56 TP=2358.87 range=71.2pips ATR=4.96"}
{"ts": "2026-05-11T08:22:26.568Z", "lvl": "DEBUG", "cat": "trading", "component": "alpha_breakout", "msg": "Breakout skip: range=124.2pips not in [10.0-80.0]"}
{"ts": "2026-05-11T08:22:26.568Z", "lvl": "DEBUG", "cat": "trading", "component": "alpha_breakout", "msg": "Breakout skip: range=126.8pips not in [10.0-80.0]"}
{"ts": "2026-05-11T08:22:26.568Z", "lvl": "DEBUG", "cat": "trading", "component": "alpha_breakout", "msg": "Breakout skip: range=93.1pips not in [10.0-80.0]"}
{"ts": "2026-05-11T08:22:26.568Z", "lvl": "INFO", "cat": "trading", "component": "alpha_breakout", "msg": "BUY breakout signal: entry=2364.17 SL=2356.15 TP=2380.22 range=62.3pips ATR=5.35"}
{"ts": "2026-05-11T08:22:26.568Z", "lvl": "INFO", "cat": "trading", "component": "alpha_breakout", "msg": "BUY breakout signal: entry=2381.49 SL=2374.88 TP=2394.71 range=76.4pips ATR=4.41"}
{"ts": "2026-05-11T08:22:26.569Z", "lvl": "DEBUG", "cat": "trading", "component": "alpha_breakout", "msg": "Breakout skip: range=84.8pips not in [10.0-80.0]"}
{"ts": "2026-05-11T08:22:26.569Z", "lvl": "DEBUG", "cat": "trading", "component": "alpha_breakout", "msg": "Breakout skip: range=84.4pips not in [10.0-80.0]"}
{"ts": "2026-05-11T08:22:26.569Z", "lvl": "DEBUG", "cat": "trading", "component": "alpha_breakout", "msg": "Breakout skip: range=90.1pips not in [10.0-80.0]"}
{"ts": "2026-05-11T08:22:26.570Z", "lvl": "DEBUG", "cat": "trading", "component": "alpha_breakout", "msg": "Breakout skip: range=120.9pips not in [10.0-80.0]"}
{"ts": "2026-05-11T08:22:26.570Z", "lvl": "DEBUG", "cat": "trading", "component": "alpha_breakout", "msg": "Breakout skip: range=142.7pips not in [10.0-80.0]"}
{"ts": "2026-05-11T08:22:26.570Z", "lvl": "DEBUG", "cat": "trading", "component": "alpha_breakout", "msg": "Breakout skip: range=151.8pips not in [10.0-80.0]"}
{"ts": "2026-05-11T08:22:26.570Z", "lvl": "DEBUG", "cat": "trading", "component": "alpha_breakout", "msg": "Breakout skip: range=125.6pips not in [10.0-80.0]"}
{"ts": "2026-05-11T08:22:26.570Z", "lvl": "DEBUG", "cat": "trading", "component": "alpha_breakout", "msg": "Breakout skip: range=94.1pips not in [10.0-80.0]"}
{"ts": "2026-05-11T08:22:26.570Z", "lvl": "INFO", "cat": "trading", "component": "alpha_breakout", "msg": "BUY breakout signal: entry=2414.11 SL=2406.42 TP=2429.49 range=74.3pips ATR=5.13"}
{"ts": "2026-05-11T08:22:26.571Z", "lvl": "DEBUG", "cat": "trading", "component": "alpha_breakout", "msg": "Breakout skip: range=101.4pips not in [10.0-80.0]"}
{"ts": "2026-05-11T08:22:26.571Z", "lvl": "DEBUG", "cat": "trading", "component": "alpha_breakout", "msg": "Breakout skip: range=103.9pips not in [10.0-80.0]"}
{"ts": "2026-05-11T08:22:26.571Z", "lvl": "DEBUG", "cat": "trading", "component": "alpha_breakout", "msg": "Breakout skip: range=125.8pips not in [10.0-80.0]"}
{"ts": "2026-05-11T08:22:26.571Z", "lvl": "DEBUG", "cat": "trading", "component": "alpha_breakout", "msg": "Breakout skip: range=104.4pips not in [10.0-80.0]"}
{"ts": "2026-05-11T08:22:26.571Z", "lvl": "DEBUG", "cat": "trading", "component": "alpha_breakout", "msg": "Breakout skip: range=80.7pips not in [10.0-80.0]"}
{"ts": "2026-05-11T08:22:26.572Z", "lvl": "INFO", "cat": "trading", "component": "alpha_breakout", "msg": "BUY breakout signal: entry=2438.57 SL=2431.57 TP=2452.56 range=63.2pips ATR=4.66"}
{"ts": "2026-05-11T08:22:26.573Z", "lvl": "DEBUG", "cat": "trading", "component": "alpha_breakout", "msg": "Breakout skip: range=111.7pips not in [10.0-80.0]"}
{"ts": "2026-05-11T08:22:26.573Z", "lvl": "DEBUG", "cat": "trading", "component": "alpha_breakout", "msg": "Breakout skip: range=120.7pips not in [10.0-80.0]"}
{"ts": "2026-05-11T08:22:26.573Z", "lvl": "DEBUG", "cat": "trading", "component": "alpha_breakout", "msg": "Breakout skip: range=100.5pips not in [10.0-80.0]"}
{"ts": "2026-05-11T08:22:26.573Z", "lvl": "DEBUG", "cat": "trading", "component": "alpha_breakout", "msg": "Breakout skip: range=111.9pips not in [10.0-80.0]"}
{"ts": "2026-05-11T08:22:26.573Z", "lvl": "INFO", "cat": "trading", "component": "alpha_breakout", "msg": "BUY breakout signal: entry=2462.55 SL=2455.20 TP=2477.25 range=73.1pips ATR=4.90"}
{"ts": "2026-05-11T08:22:26.574Z", "lvl": "DEBUG", "cat": "trading", "component": "alpha_breakout", "msg": "Breakout skip: range=80.3pips not in [10.0-80.0]"}
{"ts": "2026-05-11T08:22:26.574Z", "lvl": "DEBUG", "cat": "trading", "component": "alpha_breakout", "msg": "Breakout skip: range=83.9pips not in [10.0-80.0]"}
{"ts": "2026-05-11T08:22:26.575Z", "lvl": "INFO", "cat": "trading", "component": "alpha_breakout", "msg": "BUY breakout signal: entry=2475.51 SL=2469.16 TP=2488.21 range=48.9pips ATR=4.23"}
{"ts": "2026-05-11T08:22:26.576Z", "lvl": "DEBUG", "cat": "trading", "component": "alpha_breakout", "msg": "Breakout skip: range=135.4pips not in [10.0-80.0]"}
{"ts": "2026-05-11T08:22:26.576Z", "lvl": "DEBUG", "cat": "trading", "component": "alpha_breakout", "msg": "Breakout skip: range=137.7pips not in [10.0-80.0]"}
{"ts": "2026-05-11T08:22:26.576Z", "lvl": "DEBUG", "cat": "trading", "component": "alpha_breakout", "msg": "Breakout skip: range=120.6pips not in [10.0-80.0]"}
{"ts": "2026-05-11T08:22:26.576Z", "lvl": "DEBUG", "cat": "trading", "component": "alpha_breakout", "msg": "Breakout skip: range=127.1pips not in [10.0-80.0]"}
{"ts": "2026-05-11T08:22:26.576Z", "lvl": "DEBUG", "cat": "trading", "component": "alpha_breakout", "msg": "Breakout skip: range=106.9pips not in [10.0-80.0]"}
{"ts": "2026-05-11T08:22:26.576Z", "lvl": "DEBUG", "cat": "trading", "component": "alpha_breakout", "msg": "Breakout skip: range=92.2pips not in [10.0-80.0]"}
{"ts": "2026-05-11T08:22:26.578Z", "lvl": "INFO", "cat": "trading", "component": "alpha_breakout", "msg": "BUY breakout signal: entry=2503.34 SL=2496.26 TP=2517.50 range=46.3pips ATR=4.72"}
{"ts": "2026-05-11T08:22:26.579Z", "lvl": "INFO", "cat": "trading", "component": "alpha_breakout", "msg": "SELL breakout signal: entry=2490.09 SL=2496.60 TP=2477.07 range=47.8pips ATR=4.34"}
{"ts": "2026-05-11T08:22:26.579Z", "lvl": "DEBUG", "cat": "trading", "component": "alpha_breakout", "msg": "Breakout skip: range=103.7pips not in [10.0-80.0]"}
{"ts": "2026-05-11T08:22:26.579Z", "lvl": "DEBUG", "cat": "trading", "component": "alpha_breakout", "msg": "Breakout skip: range=120.4pips not in [10.0-80.0]"}
{"ts": "2026-05-11T08:22:26.579Z", "lvl": "DEBUG", "cat": "trading", "component": "alpha_breakout", "msg": "Breakout skip: range=135.8pips not in [10.0-80.0]"}
{"ts": "2026-05-11T08:22:26.579Z", "lvl": "DEBUG", "cat": "trading", "component": "alpha_breakout", "msg": "Breakout skip: range=129.9pips not in [10.0-80.0]"}
{"ts": "2026-05-11T08:22:26.579Z", "lvl": "DEBUG", "cat": "trading", "component": "alpha_breakout", "msg": "Breakout skip: range=97.3pips not in [10.0-80.0]"}
{"ts": "2026-05-11T08:22:26.580Z", "lvl": "INFO", "cat": "trading", "component": "alpha_breakout", "msg": "SELL breakout signal: entry=2501.14 SL=2508.30 TP=2486.82 range=53.6pips ATR=4.77"}
{"ts": "2026-05-11T08:22:26.580Z", "lvl": "INFO", "cat": "trading", "component": "alpha_breakout", "msg": "BUY breakout signal: entry=2508.02 SL=2501.12 TP=2521.83 range=74.8pips ATR=4.60"}
{"ts": "2026-05-11T08:22:26.581Z", "lvl": "INFO", "cat": "trading", "component": "alpha_breakout", "msg": "BUY breakout signal: entry=2524.45 SL=2517.01 TP=2539.32 range=74.3pips ATR=4.96"}
{"ts": "2026-05-11T08:22:26.582Z", "lvl": "INFO", "cat": "trading", "component": "alpha_breakout", "msg": "BUY breakout signal: entry=2539.12 SL=2532.02 TP=2553.33 range=66.4pips ATR=4.74"}
{"ts": "2026-05-11T08:22:26.582Z", "lvl": "DEBUG", "cat": "trading", "component": "alpha_breakout", "msg": "Breakout skip: range=101.8pips not in [10.0-80.0]"}
{"ts": "2026-05-11T08:22:26.582Z", "lvl": "DEBUG", "cat": "trading", "component": "alpha_breakout", "msg": "Breakout skip: range=93.4pips not in [10.0-80.0]"}
{"ts": "2026-05-11T08:22:26.582Z", "lvl": "DEBUG", "cat": "trading", "component": "alpha_breakout", "msg": "Breakout skip: range=118.9pips not in [10.0-80.0]"}
{"ts": "2026-05-11T08:22:26.582Z", "lvl": "DEBUG", "cat": "trading", "component": "alpha_breakout", "msg": "Breakout skip: range=115.3pips not in [10.0-80.0]"}
{"ts": "2026-05-11T08:22:26.583Z", "lvl": "DEBUG", "cat": "trading", "component": "alpha_breakout", "msg": "Breakout skip: range=84.7pips not in [10.0-80.0]"}
{"ts": "2026-05-11T08:22:26.584Z", "lvl": "INFO", "cat": "trading", "component": "alpha_breakout", "msg": "BUY breakout signal: entry=2553.50 SL=2546.89 TP=2566.72 range=53.5pips ATR=4.41"}
{"ts": "2026-05-11T08:22:26.587Z", "lvl": "DEBUG", "cat": "trading", "component": "strategy_base", "msg": "Strategy 'alpha_breakout' initialized"}
{"ts": "2026-05-11T08:22:26.588Z", "lvl": "DEBUG", "cat": "trading", "component": "alpha_breakout", "msg": "Breakout skip: range=81.6pips not in [10.0-80.0]"}
{"ts": "2026-05-11T08:22:26.588Z", "lvl": "DEBUG", "cat": "trading", "component": "alpha_breakout", "msg": "Breakout skip: range=94.6pips not in [10.0-80.0]"}
{"ts": "2026-05-11T08:22:26.588Z", "lvl": "DEBUG", "cat": "trading", "component": "alpha_breakout", "msg": "Breakout skip: range=94.4pips not in [10.0-80.0]"}
{"ts": "2026-05-11T08:22:26.588Z", "lvl": "DEBUG", "cat": "trading", "component": "alpha_breakout", "msg": "Breakout skip: range=84.9pips not in [10.0-80.0]"}
{"ts": "2026-05-11T08:22:26.588Z", "lvl": "DEBUG", "cat": "trading", "component": "alpha_breakout", "msg": "Breakout skip: range=84.9pips not in [10.0-80.0]"}
{"ts": "2026-05-11T08:22:26.588Z", "lvl": "DEBUG", "cat": "trading", "component": "alpha_breakout", "msg": "Breakout skip: range=86.9pips not in [10.0-80.0]"}
{"ts": "2026-05-11T08:22:26.589Z", "lvl": "INFO", "cat": "trading", "component": "alpha_breakout", "msg": "BUY breakout signal: entry=2345.73 SL=2338.97 TP=2359.26 range=47.6pips ATR=4.51"}
{"ts": "2026-05-11T08:22:26.589Z", "lvl": "INFO", "cat": "trading", "component": "alpha_breakout", "msg": "BUY breakout signal: entry=2344.80 SL=2337.84 TP=2358.72 range=53.9pips ATR=4.64"}
{"ts": "2026-05-11T08:22:26.589Z", "lvl": "INFO", "cat": "trading", "component": "alpha_breakout", "msg": "BUY breakout signal: entry=2359.68 SL=2352.76 TP=2373.53 range=75.5pips ATR=4.62"}
{"ts": "2026-05-11T08:22:26.589Z", "lvl": "DEBUG", "cat": "trading", "component": "alpha_breakout", "msg": "Breakout skip: range=93.4pips not in [10.0-80.0]"}
{"ts": "2026-05-11T08:22:26.589Z", "lvl": "DEBUG", "cat": "trading", "component": "alpha_breakout", "msg": "Breakout skip: range=81.9pips not in [10.0-80.0]"}
{"ts": "2026-05-11T08:22:26.589Z", "lvl": "DEBUG", "cat": "trading", "component": "alpha_breakout", "msg": "Breakout skip: range=82.7pips not in [10.0-80.0]"}
{"ts": "2026-05-11T08:22:26.590Z", "lvl": "DEBUG", "cat": "trading", "component": "alpha_breakout", "msg": "Breakout skip: range=82.7pips not in [10.0-80.0]"}
{"ts": "2026-05-11T08:22:26.590Z", "lvl": "INFO", "cat": "trading", "component": "alpha_breakout", "msg": "BUY breakout signal: entry=2374.86 SL=2367.47 TP=2389.63 range=60.5pips ATR=4.92"}
{"ts": "2026-05-11T08:22:26.590Z", "lvl": "INFO", "cat": "trading", "component": "alpha_breakout", "msg": "BUY breakout signal: entry=2389.15 SL=2382.23 TP=2402.99 range=45.6pips ATR=4.61"}
{"ts": "2026-05-11T08:22:26.590Z", "lvl": "DEBUG", "cat": "trading", "component": "alpha_breakout", "msg": "Breakout skip: range=83.6pips not in [10.0-80.0]"}
{"ts": "2026-05-11T08:22:26.591Z", "lvl": "INFO", "cat": "trading", "component": "alpha_breakout", "msg": "SELL breakout signal: entry=2379.46 SL=2385.95 TP=2366.48 range=57.9pips ATR=4.33"}
{"ts": "2026-05-11T08:22:26.592Z", "lvl": "DEBUG", "cat": "trading", "component": "alpha_breakout", "msg": "Breakout skip: range=96.9pips not in [10.0-80.0]"}
{"ts": "2026-05-11T08:22:26.592Z", "lvl": "DEBUG", "cat": "trading", "component": "alpha_breakout", "msg": "Breakout skip: range=96.9pips not in [10.0-80.0]"}
{"ts": "2026-05-11T08:22:26.592Z", "lvl": "INFO", "cat": "trading", "component": "alpha_breakout", "msg": "BUY breakout signal: entry=2387.55 SL=2380.99 TP=2400.66 range=46.1pips ATR=4.37"}
{"ts": "2026-05-11T08:22:26.592Z", "lvl": "INFO", "cat": "trading", "component": "alpha_breakout", "msg": "BUY breakout signal: entry=2398.73 SL=2391.80 TP=2412.59 range=67.5pips ATR=4.62"}
{"ts": "2026-05-11T08:22:26.593Z", "lvl": "DEBUG", "cat": "trading", "component": "alpha_breakout", "msg": "Breakout skip: range=91.2pips not in [10.0-80.0]"}
{"ts": "2026-05-11T08:22:26.593Z", "lvl": "DEBUG", "cat": "trading", "component": "alpha_breakout", "msg": "Breakout skip: range=89.4pips not in [10.0-80.0]"}
{"ts": "2026-05-11T08:22:26.593Z", "lvl": "DEBUG", "cat": "trading", "component": "alpha_breakout", "msg": "Breakout skip: range=88.3pips not in [10.0-80.0]"}
{"ts": "2026-05-11T08:22:26.593Z", "lvl": "INFO", "cat": "trading", "component": "alpha_breakout", "msg": "BUY breakout signal: entry=2399.06 SL=2392.35 TP=2412.48 range=58.4pips ATR=4.47"}
{"ts": "2026-05-11T08:22:26.594Z", "lvl": "DEBUG", "cat": "trading", "component": "alpha_breakout", "msg": "Breakout skip: range=93.0pips not in [10.0-80.0]"}
{"ts": "2026-05-11T08:22:26.594Z", "lvl": "DEBUG", "cat": "trading", "component": "alpha_breakout", "msg": "Breakout skip: range=123.5pips not in [10.0-80.0]"}
{"ts": "2026-05-11T08:22:26.594Z", "lvl": "DEBUG", "cat": "trading", "component": "alpha_breakout", "msg": "Breakout skip: range=142.8pips not in [10.0-80.0]"}
{"ts": "2026-05-11T08:22:26.594Z", "lvl": "DEBUG", "cat": "trading", "component": "alpha_breakout", "msg": "Breakout skip: range=96.8pips not in [10.0-80.0]"}
{"ts": "2026-05-11T08:22:26.594Z", "lvl": "INFO", "cat": "trading", "component": "alpha_breakout", "msg": "SELL breakout signal: entry=2413.67 SL=2419.98 TP=2401.04 range=32.7pips ATR=4.21"}
{"ts": "2026-05-11T08:22:26.594Z", "lvl": "INFO", "cat": "trading", "component": "alpha_breakout", "msg": "BUY breakout signal: entry=2420.43 SL=2413.71 TP=2433.87 range=75.7pips ATR=4.48"}
{"ts": "2026-05-11T08:22:26.595Z", "lvl": "INFO", "cat": "trading", "component": "alpha_breakout", "msg": "SELL breakout signal: entry=2427.74 SL=2434.87 TP=2413.47 range=61.6pips ATR=4.76"}
{"ts": "2026-05-11T08:22:26.595Z", "lvl": "DEBUG", "cat": "trading", "component": "alpha_breakout", "msg": "Breakout skip: range=83.9pips not in [10.0-80.0]"}
{"ts": "2026-05-11T08:22:26.595Z", "lvl": "DEBUG", "cat": "trading", "component": "alpha_breakout", "msg": "Breakout skip: range=119.9pips not in [10.0-80.0]"}
{"ts": "2026-05-11T08:22:26.595Z", "lvl": "DEBUG", "cat": "trading", "component": "alpha_breakout", "msg": "Breakout skip: range=130.1pips not in [10.0-80.0]"}
{"ts": "2026-05-11T08:22:26.595Z", "lvl": "DEBUG", "cat": "trading", "component": "alpha_breakout", "msg": "Breakout skip: range=94.0pips not in [10.0-80.0]"}
{"ts": "2026-05-11T08:22:26.595Z", "lvl": "DEBUG", "cat": "trading", "component": "alpha_breakout", "msg": "Breakout skip: range=96.6pips not in [10.0-80.0]"}
{"ts": "2026-05-11T08:22:26.595Z", "lvl": "DEBUG", "cat": "trading", "component": "alpha_breakout", "msg": "Breakout skip: range=90.7pips not in [10.0-80.0]"}
{"ts": "2026-05-11T08:22:26.596Z", "lvl": "DEBUG", "cat": "trading", "component": "alpha_breakout", "msg": "Breakout skip: range=93.8pips not in [10.0-80.0]"}
{"ts": "2026-05-11T08:22:26.597Z", "lvl": "INFO", "cat": "trading", "component": "alpha_breakout", "msg": "BUY breakout signal: entry=2446.93 SL=2439.43 TP=2461.94 range=62.5pips ATR=5.00"}
{"ts": "2026-05-11T08:22:26.597Z", "lvl": "DEBUG", "cat": "trading", "component": "alpha_breakout", "msg": "Breakout skip: range=97.3pips not in [10.0-80.0]"}
{"ts": "2026-05-11T08:22:26.597Z", "lvl": "DEBUG", "cat": "trading", "component": "alpha_breakout", "msg": "Breakout skip: range=132.5pips not in [10.0-80.0]"}
{"ts": "2026-05-11T08:22:26.597Z", "lvl": "DEBUG", "cat": "trading", "component": "alpha_breakout", "msg": "Breakout skip: range=146.0pips not in [10.0-80.0]"}
{"ts": "2026-05-11T08:22:26.598Z", "lvl": "DEBUG", "cat": "trading", "component": "alpha_breakout", "msg": "Breakout skip: range=123.3pips not in [10.0-80.0]"}
{"ts": "2026-05-11T08:22:26.598Z", "lvl": "DEBUG", "cat": "trading", "component": "alpha_breakout", "msg": "Breakout skip: range=101.2pips not in [10.0-80.0]"}
{"ts": "2026-05-11T08:22:26.598Z", "lvl": "DEBUG", "cat": "trading", "component": "alpha_breakout", "msg": "Breakout skip: range=89.3pips not in [10.0-80.0]"}
{"ts": "2026-05-11T08:22:26.598Z", "lvl": "DEBUG", "cat": "trading", "component": "alpha_breakout", "msg": "Breakout skip: range=80.1pips not in [10.0-80.0]"}
{"ts": "2026-05-11T08:22:26.598Z", "lvl": "INFO", "cat": "trading", "component": "alpha_breakout", "msg": "BUY breakout signal: entry=2478.59 SL=2471.45 TP=2492.87 range=60.3pips ATR=4.76"}
{"ts": "2026-05-11T08:22:26.599Z", "lvl": "INFO", "cat": "trading", "component": "alpha_breakout", "msg": "BUY breakout signal: entry=2494.65 SL=2487.19 TP=2509.57 range=69.7pips ATR=4.97"}
{"ts": "2026-05-11T08:22:26.599Z", "lvl": "DEBUG", "cat": "trading", "component": "alpha_breakout", "msg": "Breakout skip: range=93.7pips not in [10.0-80.0]"}
{"ts": "2026-05-11T08:22:26.599Z", "lvl": "INFO", "cat": "trading", "component": "alpha_breakout", "msg": "BUY breakout signal: entry=2512.77 SL=2506.04 TP=2526.24 range=73.1pips ATR=4.49"}
{"ts": "2026-05-11T08:22:26.599Z", "lvl": "DEBUG", "cat": "trading", "component": "alpha_breakout", "msg": "Breakout skip: range=93.9pips not in [10.0-80.0]"}
{"ts": "2026-05-11T08:22:26.599Z", "lvl": "DEBUG", "cat": "trading", "component": "alpha_breakout", "msg": "Breakout skip: range=126.2pips not in [10.0-80.0]"}
{"ts": "2026-05-11T08:22:26.599Z", "lvl": "DEBUG", "cat": "trading", "component": "alpha_breakout", "msg": "Breakout skip: range=108.0pips not in [10.0-80.0]"}
{"ts": "2026-05-11T08:22:26.600Z", "lvl": "DEBUG", "cat": "trading", "component": "alpha_breakout", "msg": "Breakout skip: range=132.8pips not in [10.0-80.0]"}
{"ts": "2026-05-11T08:22:26.600Z", "lvl": "DEBUG", "cat": "trading", "component": "alpha_breakout", "msg": "Breakout skip: range=101.4pips not in [10.0-80.0]"}
{"ts": "2026-05-11T08:22:26.600Z", "lvl": "INFO", "cat": "trading", "component": "alpha_breakout", "msg": "BUY breakout signal: entry=2534.28 SL=2527.20 TP=2548.44 range=56.4pips ATR=4.72"}
{"ts": "2026-05-11T08:22:26.602Z", "lvl": "INFO", "cat": "trading", "component": "alpha_breakout", "msg": "BUY breakout signal: entry=2553.35 SL=2546.10 TP=2567.85 range=70.1pips ATR=4.83"}
{"ts": "2026-05-11T08:22:26.604Z", "lvl": "DEBUG", "cat": "trading", "component": "strategy_base", "msg": "Strategy 'alpha_breakout' initialized"}
{"ts": "2026-05-11T08:22:26.606Z", "lvl": "DEBUG", "cat": "trading", "component": "strategy_base", "msg": "Strategy 'alpha_breakout' initialized"}
{"ts": "2026-05-11T08:22:26.606Z", "lvl": "INFO", "cat": "trading", "component": "alpha_breakout", "msg": "BUY breakout signal: entry=2356.86 SL=2349.46 TP=2371.66 range=73.4pips ATR=4.93"}
{"ts": "2026-05-11T08:22:26.607Z", "lvl": "DEBUG", "cat": "trading", "component": "alpha_breakout", "msg": "Breakout skip: range=86.5pips not in [10.0-80.0]"}
{"ts": "2026-05-11T08:22:26.607Z", "lvl": "INFO", "cat": "trading", "component": "alpha_breakout", "msg": "BUY breakout signal: entry=2373.98 SL=2367.51 TP=2386.92 range=51.7pips ATR=4.31"}
{"ts": "2026-05-11T08:22:26.607Z", "lvl": "DEBUG", "cat": "trading", "component": "alpha_breakout", "msg": "Breakout skip: range=89.2pips not in [10.0-80.0]"}
{"ts": "2026-05-11T08:22:26.608Z", "lvl": "DEBUG", "cat": "trading", "component": "alpha_breakout", "msg": "Breakout skip: range=81.7pips not in [10.0-80.0]"}
{"ts": "2026-05-11T08:22:26.608Z", "lvl": "INFO", "cat": "trading", "component": "alpha_breakout", "msg": "BUY breakout signal: entry=2394.10 SL=2387.41 TP=2407.47 range=64.9pips ATR=4.46"}
{"ts": "2026-05-11T08:22:26.608Z", "lvl": "DEBUG", "cat": "trading", "component": "alpha_breakout", "msg": "Breakout skip: range=80.9pips not in [10.0-80.0]"}
{"ts": "2026-05-11T08:22:26.608Z", "lvl": "DEBUG", "cat": "trading", "component": "alpha_breakout", "msg": "Breakout skip: range=112.2pips not in [10.0-80.0]"}
{"ts": "2026-05-11T08:22:26.608Z", "lvl": "INFO", "cat": "trading", "component": "alpha_breakout", "msg": "SELL breakout signal: entry=2401.02 SL=2407.96 TP=2387.14 range=73.0pips ATR=4.63"}
{"ts": "2026-05-11T08:22:26.609Z", "lvl": "INFO", "cat": "trading", "component": "alpha_breakout", "msg": "BUY breakout signal: entry=2409.62 SL=2402.30 TP=2424.26 range=67.9pips ATR=4.88"}
{"ts": "2026-05-11T08:22:26.609Z", "lvl": "DEBUG", "cat": "trading", "component": "alpha_breakout", "msg": "Breakout skip: range=97.0pips not in [10.0-80.0]"}
{"ts": "2026-05-11T08:22:26.609Z", "lvl": "INFO", "cat": "trading", "component": "alpha_breakout", "msg": "BUY breakout signal: entry=2428.56 SL=2421.72 TP=2442.25 range=66.9pips ATR=4.56"}
{"ts": "2026-05-11T08:22:26.610Z", "lvl": "DEBUG", "cat": "trading", "component": "alpha_breakout", "msg": "Breakout skip: range=82.7pips not in [10.0-80.0]"}
{"ts": "2026-05-11T08:22:26.610Z", "lvl": "DEBUG", "cat": "trading", "component": "alpha_breakout", "msg": "Breakout skip: range=103.2pips not in [10.0-80.0]"}
{"ts": "2026-05-11T08:22:26.610Z", "lvl": "DEBUG", "cat": "trading", "component": "alpha_breakout", "msg": "Breakout skip: range=127.0pips not in [10.0-80.0]"}
{"ts": "2026-05-11T08:22:26.610Z", "lvl": "DEBUG", "cat": "trading", "component": "alpha_breakout", "msg": "Breakout skip: range=93.5pips not in [10.0-80.0]"}
{"ts": "2026-05-11T08:22:26.611Z", "lvl": "INFO", "cat": "trading", "component": "alpha_breakout", "msg": "BUY breakout signal: entry=2452.32 SL=2445.03 TP=2466.91 range=63.1pips ATR=4.86"}
{"ts": "2026-05-11T08:22:26.611Z", "lvl": "INFO", "cat": "trading", "component": "alpha_breakout", "msg": "BUY breakout signal: entry=2465.39 SL=2458.46 TP=2479.25 range=50.8pips ATR=4.62"}
{"ts": "2026-05-11T08:22:26.611Z", "lvl": "INFO", "cat": "trading", "component": "alpha_breakout", "msg": "BUY breakout signal: entry=2481.56 SL=2474.76 TP=2495.17 range=59.1pips ATR=4.54"}
{"ts": "2026-05-11T08:22:26.612Z", "lvl": "DEBUG", "cat": "trading", "component": "alpha_breakout", "msg": "Breakout skip: range=97.7pips not in [10.0-80.0]"}
{"ts": "2026-05-11T08:22:26.612Z", "lvl": "DEBUG", "cat": "trading", "component": "alpha_breakout", "msg": "Breakout skip: range=114.8pips not in [10.0-80.0]"}
{"ts": "2026-05-11T08:22:26.612Z", "lvl": "DEBUG", "cat": "trading", "component": "alpha_breakout", "msg": "Breakout skip: range=80.1pips not in [10.0-80.0]"}
{"ts": "2026-05-11T08:22:26.612Z", "lvl": "INFO", "cat": "trading", "component": "alpha_breakout", "msg": "BUY breakout signal: entry=2499.37 SL=2492.32 TP=2513.47 range=63.2pips ATR=4.70"}
{"ts": "2026-05-11T08:22:26.613Z", "lvl": "INFO", "cat": "trading", "component": "alpha_breakout", "msg": "BUY breakout signal: entry=2516.73 SL=2509.99 TP=2530.20 range=55.8pips ATR=4.49"}
{"ts": "2026-05-11T08:22:26.613Z", "lvl": "DEBUG", "cat": "trading", "component": "alpha_breakout", "msg": "Breakout skip: range=95.4pips not in [10.0-80.0]"}
{"ts": "2026-05-11T08:22:26.613Z", "lvl": "DEBUG", "cat": "trading", "component": "alpha_breakout", "msg": "Breakout skip: range=130.5pips not in [10.0-80.0]"}
{"ts": "2026-05-11T08:22:26.613Z", "lvl": "DEBUG", "cat": "trading", "component": "alpha_breakout", "msg": "Breakout skip: range=111.7pips not in [10.0-80.0]"}
{"ts": "2026-05-11T08:22:26.614Z", "lvl": "DEBUG", "cat": "trading", "component": "alpha_breakout", "msg": "Breakout skip: range=86.2pips not in [10.0-80.0]"}
{"ts": "2026-05-11T08:22:26.614Z", "lvl": "DEBUG", "cat": "trading", "component": "alpha_breakout", "msg": "Breakout skip: range=90.9pips not in [10.0-80.0]"}
{"ts": "2026-05-11T08:22:26.614Z", "lvl": "INFO", "cat": "trading", "component": "alpha_breakout", "msg": "BUY breakout signal: entry=2530.17 SL=2523.11 TP=2544.29 range=61.0pips ATR=4.71"}
{"ts": "2026-05-11T08:22:26.614Z", "lvl": "INFO", "cat": "trading", "component": "alpha_breakout", "msg": "BUY breakout signal: entry=2542.96 SL=2535.66 TP=2557.56 range=73.6pips ATR=4.87"}
{"ts": "2026-05-11T08:22:26.615Z", "lvl": "DEBUG", "cat": "trading", "component": "alpha_breakout", "msg": "Breakout skip: range=96.8pips not in [10.0-80.0]"}
{"ts": "2026-05-11T08:22:26.615Z", "lvl": "DEBUG", "cat": "trading", "component": "alpha_breakout", "msg": "Breakout skip: range=136.7pips not in [10.0-80.0]"}
{"ts": "2026-05-11T08:22:26.615Z", "lvl": "DEBUG", "cat": "trading", "component": "alpha_breakout", "msg": "Breakout skip: range=94.2pips not in [10.0-80.0]"}
{"ts": "2026-05-11T08:22:26.615Z", "lvl": "INFO", "cat": "trading", "component": "alpha_breakout", "msg": "BUY breakout signal: entry=2559.18 SL=2552.26 TP=2573.03 range=43.2pips ATR=4.62"}
{"ts": "2026-05-11T08:22:26.616Z", "lvl": "INFO", "cat": "trading", "component": "alpha_breakout", "msg": "BUY breakout signal: entry=2571.93 SL=2565.07 TP=2585.64 range=72.9pips ATR=4.57"}
{"ts": "2026-05-11T08:22:28.493Z", "lvl": "DEBUG", "cat": "trading", "component": "trade_repository", "msg": "Trade inserted: 733b482a-773d-4925-b132-b2f1296e79e3 | XAUUSD BUY"}
{"ts": "2026-05-11T08:22:28.533Z", "lvl": "DEBUG", "cat": "trading", "component": "trade_repository", "msg": "Trade inserted: 2a697ee0-2437-4fae-b3fc-59284c6aa059 | XAUUSD BUY"}
{"ts": "2026-05-11T08:22:28.574Z", "lvl": "DEBUG", "cat": "trading", "component": "trade_repository", "msg": "Trade inserted: b01eac02-37e4-42e0-b35c-3e53910022c8 | XAUUSD BUY"}
{"ts": "2026-05-11T08:22:28.575Z", "lvl": "INFO", "cat": "trading", "component": "trade_repository", "msg": "Trade closed: b01eac02-37e4-42e0-b35c-3e53910022c8 | net_pnl=+145.00 reason=TAKE_PROFIT"}
{"ts": "2026-05-11T08:22:28.615Z", "lvl": "DEBUG", "cat": "trading", "component": "trade_repository", "msg": "Trade inserted: afaf4a97-48a2-4b24-9637-9bcad7d53743 | XAUUSD BUY"}
{"ts": "2026-05-11T08:22:28.615Z", "lvl": "INFO", "cat": "trading", "component": "trade_repository", "msg": "Trade closed: afaf4a97-48a2-4b24-9637-9bcad7d53743 | net_pnl=+95.00 reason=TAKE_PROFIT"}
{"ts": "2026-05-11T08:26:04.278Z", "lvl": "DEBUG", "cat": "trading", "component": "trade_repository", "msg": "Trade inserted: a151bfc6-b7ec-47de-bced-61c849addb1c | XAUUSD BUY"}
{"ts": "2026-05-11T08:26:04.320Z", "lvl": "DEBUG", "cat": "trading", "component": "trade_repository", "msg": "Trade inserted: 45a50dbf-aa4b-413a-9532-84b8c6942b69 | XAUUSD BUY"}
{"ts": "2026-05-11T08:26:04.361Z", "lvl": "DEBUG", "cat": "trading", "component": "trade_repository", "msg": "Trade inserted: 0934e17b-3686-4cd9-a24c-a4e35f6dc965 | XAUUSD BUY"}
{"ts": "2026-05-11T08:26:04.362Z", "lvl": "INFO", "cat": "trading", "component": "trade_repository", "msg": "Trade closed: 0934e17b-3686-4cd9-a24c-a4e35f6dc965 | net_pnl=+145.00 reason=TAKE_PROFIT"}
{"ts": "2026-05-11T08:26:04.405Z", "lvl": "DEBUG", "cat": "trading", "component": "trade_repository", "msg": "Trade inserted: 6e86107f-2119-4762-97a2-9ffff8b9e2af | XAUUSD BUY"}
{"ts": "2026-05-11T08:26:04.406Z", "lvl": "INFO", "cat": "trading", "component": "trade_repository", "msg": "Trade closed: 6e86107f-2119-4762-97a2-9ffff8b9e2af | net_pnl=+95.00 reason=TAKE_PROFIT"}
{"ts": "2026-05-11T08:28:46.379Z", "lvl": "DEBUG", "cat": "trading", "component": "strategy_base", "msg": "Strategy 'alpha_breakout' initialized"}
{"ts": "2026-05-11T08:28:46.380Z", "lvl": "INFO", "cat": "trading", "component": "alpha_breakout", "msg": "BUY breakout signal: entry=2316.36 SL=2310.02 TP=2329.05 range=61.0pips ATR=4.23"}
{"ts": "2026-05-11T08:28:46.381Z", "lvl": "DEBUG", "cat": "trading", "component": "alpha_breakout", "msg": "Breakout skip: range=101.6pips not in [10.0-80.0]"}
{"ts": "2026-05-11T08:28:46.381Z", "lvl": "DEBUG", "cat": "trading", "component": "alpha_breakout", "msg": "Breakout skip: range=127.4pips not in [10.0-80.0]"}
{"ts": "2026-05-11T08:28:46.381Z", "lvl": "DEBUG", "cat": "trading", "component": "alpha_breakout", "msg": "Breakout skip: range=89.5pips not in [10.0-80.0]"}
{"ts": "2026-05-11T08:28:46.381Z", "lvl": "DEBUG", "cat": "trading", "component": "alpha_breakout", "msg": "Breakout skip: range=82.9pips not in [10.0-80.0]"}
{"ts": "2026-05-11T08:28:46.382Z", "lvl": "INFO", "cat": "trading", "component": "alpha_breakout", "msg": "BUY breakout signal: entry=2335.08 SL=2329.32 TP=2346.60 range=42.0pips ATR=3.84"}
{"ts": "2026-05-11T08:28:46.382Z", "lvl": "DEBUG", "cat": "trading", "component": "alpha_breakout", "msg": "Breakout skip: range=83.1pips not in [10.0-80.0]"}
{"ts": "2026-05-11T08:28:46.382Z", "lvl": "INFO", "cat": "trading", "component": "alpha_breakout", "msg": "BUY breakout signal: entry=2351.10 SL=2344.82 TP=2363.66 range=76.0pips ATR=4.19"}
{"ts": "2026-05-11T08:28:46.383Z", "lvl": "INFO", "cat": "trading", "component": "alpha_breakout", "msg": "BUY breakout signal: entry=2364.63 SL=2358.39 TP=2377.11 range=36.2pips ATR=4.16"}
{"ts": "2026-05-11T08:28:46.383Z", "lvl": "DEBUG", "cat": "trading", "component": "alpha_breakout", "msg": "Breakout skip: range=88.1pips not in [10.0-80.0]"}
{"ts": "2026-05-11T08:28:46.383Z", "lvl": "DEBUG", "cat": "trading", "component": "alpha_breakout", "msg": "Breakout skip: range=110.6pips not in [10.0-80.0]"}
{"ts": "2026-05-11T08:28:46.383Z", "lvl": "DEBUG", "cat": "trading", "component": "alpha_breakout", "msg": "Breakout skip: range=122.6pips not in [10.0-80.0]"}
{"ts": "2026-05-11T08:28:46.383Z", "lvl": "DEBUG", "cat": "trading", "component": "alpha_breakout", "msg": "Breakout skip: range=85.2pips not in [10.0-80.0]"}
{"ts": "2026-05-11T08:28:46.383Z", "lvl": "INFO", "cat": "trading", "component": "alpha_breakout", "msg": "BUY breakout signal: entry=2383.41 SL=2375.90 TP=2398.43 range=69.4pips ATR=5.01"}
{"ts": "2026-05-11T08:28:46.383Z", "lvl": "DEBUG", "cat": "trading", "component": "alpha_breakout", "msg": "Breakout skip: range=111.7pips not in [10.0-80.0]"}
{"ts": "2026-05-11T08:28:46.383Z", "lvl": "DEBUG", "cat": "trading", "component": "alpha_breakout", "msg": "Breakout skip: range=126.8pips not in [10.0-80.0]"}
{"ts": "2026-05-11T08:28:46.384Z", "lvl": "DEBUG", "cat": "trading", "component": "alpha_breakout", "msg": "Breakout skip: range=105.4pips not in [10.0-80.0]"}
{"ts": "2026-05-11T08:28:46.384Z", "lvl": "DEBUG", "cat": "trading", "component": "alpha_breakout", "msg": "Breakout skip: range=119.8pips not in [10.0-80.0]"}
{"ts": "2026-05-11T08:28:46.384Z", "lvl": "DEBUG", "cat": "trading", "component": "alpha_breakout", "msg": "Breakout skip: range=104.6pips not in [10.0-80.0]"}
{"ts": "2026-05-11T08:28:46.384Z", "lvl": "DEBUG", "cat": "trading", "component": "alpha_breakout", "msg": "Breakout skip: range=95.7pips not in [10.0-80.0]"}
{"ts": "2026-05-11T08:28:46.384Z", "lvl": "DEBUG", "cat": "trading", "component": "alpha_breakout", "msg": "Breakout skip: range=81.7pips not in [10.0-80.0]"}
{"ts": "2026-05-11T08:28:46.384Z", "lvl": "DEBUG", "cat": "trading", "component": "alpha_breakout", "msg": "Breakout skip: range=96.4pips not in [10.0-80.0]"}
{"ts": "2026-05-11T08:28:46.384Z", "lvl": "INFO", "cat": "trading", "component": "alpha_breakout", "msg": "BUY breakout signal: entry=2415.93 SL=2408.57 TP=2430.64 range=53.1pips ATR=4.90"}
{"ts": "2026-05-11T08:28:46.385Z", "lvl": "INFO", "cat": "trading", "component": "alpha_breakout", "msg": "BUY breakout signal: entry=2431.52 SL=2424.46 TP=2445.64 range=51.1pips ATR=4.71"}
{"ts": "2026-05-11T08:28:46.386Z", "lvl": "INFO", "cat": "trading", "component": "alpha_breakout", "msg": "BUY breakout signal: entry=2444.74 SL=2438.03 TP=2458.16 range=49.8pips ATR=4.47"}
{"ts": "2026-05-11T08:28:46.386Z", "lvl": "DEBUG", "cat": "trading", "component": "alpha_breakout", "msg": "Breakout skip: range=147.7pips not in [10.0-80.0]"}
{"ts": "2026-05-11T08:28:46.386Z", "lvl": "DEBUG", "cat": "trading", "component": "alpha_breakout", "msg": "Breakout skip: range=135.4pips not in [10.0-80.0]"}
{"ts": "2026-05-11T08:28:46.386Z", "lvl": "DEBUG", "cat": "trading", "component": "alpha_breakout", "msg": "Breakout skip: range=92.1pips not in [10.0-80.0]"}
{"ts": "2026-05-11T08:28:46.386Z", "lvl": "DEBUG", "cat": "trading", "component": "alpha_breakout", "msg": "Breakout skip: range=93.5pips not in [10.0-80.0]"}
{"ts": "2026-05-11T08:28:46.387Z", "lvl": "INFO", "cat": "trading", "component": "alpha_breakout", "msg": "BUY breakout signal: entry=2467.19 SL=2460.05 TP=2481.47 range=57.6pips ATR=4.76"}
{"ts": "2026-05-11T08:28:46.387Z", "lvl": "INFO", "cat": "trading", "component": "alpha_breakout", "msg": "BUY breakout signal: entry=2484.40 SL=2477.35 TP=2498.50 range=49.6pips ATR=4.70"}
{"ts": "2026-05-11T08:28:46.387Z", "lvl": "DEBUG", "cat": "trading", "component": "alpha_breakout", "msg": "Breakout skip: range=98.0pips not in [10.0-80.0]"}
{"ts": "2026-05-11T08:28:46.387Z", "lvl": "INFO", "cat": "trading", "component": "alpha_breakout", "msg": "BUY breakout signal: entry=2501.60 SL=2494.40 TP=2515.99 range=72.7pips ATR=4.80"}
{"ts": "2026-05-11T08:28:46.388Z", "lvl": "INFO", "cat": "trading", "component": "alpha_breakout", "msg": "BUY breakout signal: entry=2516.02 SL=2508.72 TP=2530.61 range=67.4pips ATR=4.86"}
{"ts": "2026-05-11T08:28:46.388Z", "lvl": "INFO", "cat": "trading", "component": "alpha_breakout", "msg": "BUY breakout signal: entry=2534.02 SL=2526.92 TP=2548.23 range=63.3pips ATR=4.74"}
{"ts": "2026-05-11T08:28:46.388Z", "lvl": "DEBUG", "cat": "trading", "component": "alpha_breakout", "msg": "Breakout skip: range=111.2pips not in [10.0-80.0]"}
{"ts": "2026-05-11T08:28:46.388Z", "lvl": "DEBUG", "cat": "trading", "component": "alpha_breakout", "msg": "Breakout skip: range=111.3pips not in [10.0-80.0]"}
{"ts": "2026-05-11T08:28:46.388Z", "lvl": "DEBUG", "cat": "trading", "component": "alpha_breakout", "msg": "Breakout skip: range=83.9pips not in [10.0-80.0]"}
{"ts": "2026-05-11T08:28:46.389Z", "lvl": "INFO", "cat": "trading", "component": "alpha_breakout", "msg": "SELL breakout signal: entry=2547.19 SL=2553.24 TP=2535.09 range=34.8pips ATR=4.03"}
{"ts": "2026-05-11T08:28:46.390Z", "lvl": "INFO", "cat": "trading", "component": "alpha_breakout", "msg": "BUY breakout signal: entry=2553.57 SL=2547.09 TP=2566.54 range=50.4pips ATR=4.32"}
{"ts": "2026-05-11T08:28:46.390Z", "lvl": "INFO", "cat": "trading", "component": "alpha_breakout", "msg": "BUY breakout signal: entry=2567.39 SL=2560.25 TP=2581.67 range=43.0pips ATR=4.76"}
{"ts": "2026-05-11T08:28:46.705Z", "lvl": "DEBUG", "cat": "trading", "component": "strategy_base", "msg": "Strategy 'alpha_breakout' initialized"}
{"ts": "2026-05-11T08:28:46.705Z", "lvl": "DEBUG", "cat": "trading", "component": "alpha_breakout", "msg": "Breakout skip: range=109.1pips not in [10.0-80.0]"}
{"ts": "2026-05-11T08:28:46.705Z", "lvl": "DEBUG", "cat": "trading", "component": "alpha_breakout", "msg": "Breakout skip: range=112.0pips not in [10.0-80.0]"}
{"ts": "2026-05-11T08:28:46.705Z", "lvl": "INFO", "cat": "trading", "component": "alpha_breakout", "msg": "BUY breakout signal: entry=2343.58 SL=2335.42 TP=2359.90 range=71.9pips ATR=5.44"}
{"ts": "2026-05-11T08:28:46.706Z", "lvl": "INFO", "cat": "trading", "component": "alpha_breakout", "msg": "BUY breakout signal: entry=2361.27 SL=2353.71 TP=2376.38 range=59.4pips ATR=5.04"}
{"ts": "2026-05-11T08:28:46.706Z", "lvl": "DEBUG", "cat": "trading", "component": "alpha_breakout", "msg": "Breakout skip: range=110.0pips not in [10.0-80.0]"}
{"ts": "2026-05-11T08:28:46.706Z", "lvl": "DEBUG", "cat": "trading", "component": "alpha_breakout", "msg": "Breakout skip: range=101.3pips not in [10.0-80.0]"}
{"ts": "2026-05-11T08:28:46.706Z", "lvl": "DEBUG", "cat": "trading", "component": "alpha_breakout", "msg": "Breakout skip: range=95.0pips not in [10.0-80.0]"}
{"ts": "2026-05-11T08:28:46.706Z", "lvl": "DEBUG", "cat": "trading", "component": "alpha_breakout", "msg": "Breakout skip: range=97.9pips not in [10.0-80.0]"}
{"ts": "2026-05-11T08:28:46.707Z", "lvl": "DEBUG", "cat": "trading", "component": "alpha_breakout", "msg": "Breakout skip: range=80.4pips not in [10.0-80.0]"}
{"ts": "2026-05-11T08:28:46.707Z", "lvl": "DEBUG", "cat": "trading", "component": "alpha_breakout", "msg": "Breakout skip: range=93.4pips not in [10.0-80.0]"}
{"ts": "2026-05-11T08:28:46.707Z", "lvl": "INFO", "cat": "trading", "component": "alpha_breakout", "msg": "BUY breakout signal: entry=2373.39 SL=2366.97 TP=2386.23 range=61.8pips ATR=4.28"}
{"ts": "2026-05-11T08:28:46.707Z", "lvl": "DEBUG", "cat": "trading", "component": "alpha_breakout", "msg": "Breakout skip: range=113.3pips not in [10.0-80.0]"}
{"ts": "2026-05-11T08:28:46.707Z", "lvl": "DEBUG", "cat": "trading", "component": "alpha_breakout", "msg": "Breakout skip: range=134.0pips not in [10.0-80.0]"}
{"ts": "2026-05-11T08:28:46.708Z", "lvl": "DEBUG", "cat": "trading", "component": "alpha_breakout", "msg": "Breakout skip: range=93.7pips not in [10.0-80.0]"}
{"ts": "2026-05-11T08:28:46.708Z", "lvl": "INFO", "cat": "trading", "component": "alpha_breakout", "msg": "BUY breakout signal: entry=2391.34 SL=2384.59 TP=2404.85 range=42.6pips ATR=4.50"}
{"ts": "2026-05-11T08:28:46.708Z", "lvl": "DEBUG", "cat": "trading", "component": "alpha_breakout", "msg": "Breakout skip: range=137.4pips not in [10.0-80.0]"}
{"ts": "2026-05-11T08:28:46.708Z", "lvl": "DEBUG", "cat": "trading", "component": "alpha_breakout", "msg": "Breakout skip: range=129.2pips not in [10.0-80.0]"}
{"ts": "2026-05-11T08:28:46.708Z", "lvl": "DEBUG", "cat": "trading", "component": "alpha_breakout", "msg": "Breakout skip: range=98.4pips not in [10.0-80.0]"}
{"ts": "2026-05-11T08:28:46.709Z", "lvl": "INFO", "cat": "trading", "component": "alpha_breakout", "msg": "BUY breakout signal: entry=2410.31 SL=2403.11 TP=2424.70 range=75.8pips ATR=4.80"}
{"ts": "2026-05-11T08:28:46.709Z", "lvl": "INFO", "cat": "trading", "component": "alpha_breakout", "msg": "BUY breakout signal: entry=2425.38 SL=2419.16 TP=2437.82 range=44.7pips ATR=4.15"}
{"ts": "2026-05-11T08:28:46.709Z", "lvl": "DEBUG", "cat": "trading", "component": "alpha_breakout", "msg": "Breakout skip: range=103.4pips not in [10.0-80.0]"}
{"ts": "2026-05-11T08:28:46.710Z", "lvl": "DEBUG", "cat": "trading", "component": "alpha_breakout", "msg": "Breakout skip: range=100.1pips not in [10.0-80.0]"}
{"ts": "2026-05-11T08:28:46.710Z", "lvl": "DEBUG", "cat": "trading", "component": "alpha_breakout", "msg": "Breakout skip: range=83.7pips not in [10.0-80.0]"}
{"ts": "2026-05-11T08:28:46.710Z", "lvl": "DEBUG", "cat": "trading", "component": "alpha_breakout", "msg": "Breakout skip: range=81.5pips not in [10.0-80.0]"}
{"ts": "2026-05-11T08:28:46.710Z", "lvl": "DEBUG", "cat": "trading", "component": "alpha_breakout", "msg": "Breakout skip: range=140.9pips not in [10.0-80.0]"}
{"ts": "2026-05-11T08:28:46.710Z", "lvl": "DEBUG", "cat": "trading", "component": "alpha_breakout", "msg": "Breakout skip: range=136.8pips not in [10.0-80.0]"}
{"ts": "2026-05-11T08:28:46.710Z", "lvl": "DEBUG", "cat": "trading", "component": "alpha_breakout", "msg": "Breakout skip: range=112.1pips not in [10.0-80.0]"}
{"ts": "2026-05-11T08:28:46.711Z", "lvl": "DEBUG", "cat": "trading", "component": "alpha_breakout", "msg": "Breakout skip: range=86.6pips not in [10.0-80.0]"}
{"ts": "2026-05-11T08:28:46.712Z", "lvl": "INFO", "cat": "trading", "component": "alpha_breakout", "msg": "BUY breakout signal: entry=2461.21 SL=2453.79 TP=2476.04 range=71.4pips ATR=4.94"}
{"ts": "2026-05-11T08:28:46.712Z", "lvl": "DEBUG", "cat": "trading", "component": "alpha_breakout", "msg": "Breakout skip: range=111.2pips not in [10.0-80.0]"}
{"ts": "2026-05-11T08:28:46.712Z", "lvl": "INFO", "cat": "trading", "component": "alpha_breakout", "msg": "BUY breakout signal: entry=2477.51 SL=2470.33 TP=2491.87 range=45.6pips ATR=4.79"}
{"ts": "2026-05-11T08:28:46.712Z", "lvl": "DEBUG", "cat": "trading", "component": "alpha_breakout", "msg": "Breakout skip: range=106.4pips not in [10.0-80.0]"}
{"ts": "2026-05-11T08:28:46.712Z", "lvl": "DEBUG", "cat": "trading", "component": "alpha_breakout", "msg": "Breakout skip: range=139.7pips not in [10.0-80.0]"}
{"ts": "2026-05-11T08:28:46.712Z", "lvl": "DEBUG", "cat": "trading", "component": "alpha_breakout", "msg": "Breakout skip: range=111.8pips not in [10.0-80.0]"}
{"ts": "2026-05-11T08:28:46.713Z", "lvl": "INFO", "cat": "trading", "component": "alpha_breakout", "msg": "BUY breakout signal: entry=2498.28 SL=2490.49 TP=2513.86 range=66.1pips ATR=5.19"}
{"ts": "2026-05-11T08:28:46.713Z", "lvl": "DEBUG", "cat": "trading", "component": "alpha_breakout", "msg": "Breakout skip: range=88.6pips not in [10.0-80.0]"}
{"ts": "2026-05-11T08:28:46.713Z", "lvl": "INFO", "cat": "trading", "component": "alpha_breakout", "msg": "BUY breakout signal: entry=2516.89 SL=2509.12 TP=2532.43 range=77.9pips ATR=5.18"}
{"ts": "2026-05-11T08:28:46.713Z", "lvl": "DEBUG", "cat": "trading", "component": "alpha_breakout", "msg": "Breakout skip: range=83.0pips not in [10.0-80.0]"}
{"ts": "2026-05-11T08:28:46.714Z", "lvl": "DEBUG", "cat": "trading", "component": "alpha_breakout", "msg": "Breakout skip: range=80.3pips not in [10.0-80.0]"}
{"ts": "2026-05-11T08:28:46.714Z", "lvl": "INFO", "cat": "trading", "component": "alpha_breakout", "msg": "SELL breakout signal: entry=2527.02 SL=2534.47 TP=2512.11 range=56.2pips ATR=4.97"}
{"ts": "2026-05-11T08:28:46.714Z", "lvl": "DEBUG", "cat": "trading", "component": "alpha_breakout", "msg": "Breakout skip: range=82.0pips not in [10.0-80.0]"}
{"ts": "2026-05-11T08:28:46.714Z", "lvl": "DEBUG", "cat": "trading", "component": "alpha_breakout", "msg": "Breakout skip: range=123.6pips not in [10.0-80.0]"}
{"ts": "2026-05-11T08:28:46.714Z", "lvl": "DEBUG", "cat": "trading", "component": "alpha_breakout", "msg": "Breakout skip: range=82.9pips not in [10.0-80.0]"}
{"ts": "2026-05-11T08:28:46.714Z", "lvl": "INFO", "cat": "trading", "component": "alpha_breakout", "msg": "SELL breakout signal: entry=2534.48 SL=2541.61 TP=2520.21 range=39.9pips ATR=4.76"}
{"ts": "2026-05-11T08:28:46.715Z", "lvl": "INFO", "cat": "trading", "component": "alpha_breakout", "msg": "BUY breakout signal: entry=2540.90 SL=2534.08 TP=2554.55 range=65.0pips ATR=4.55"}
{"ts": "2026-05-11T08:28:46.716Z", "lvl": "DEBUG", "cat": "trading", "component": "alpha_breakout", "msg": "Breakout skip: range=83.0pips not in [10.0-80.0]"}
{"ts": "2026-05-11T08:28:46.716Z", "lvl": "INFO", "cat": "trading", "component": "alpha_breakout", "msg": "BUY breakout signal: entry=2552.50 SL=2545.73 TP=2566.04 range=72.3pips ATR=4.51"}
{"ts": "2026-05-11T08:28:46.716Z", "lvl": "DEBUG", "cat": "trading", "component": "alpha_breakout", "msg": "Breakout skip: range=89.7pips not in [10.0-80.0]"}
{"ts": "2026-05-11T08:28:46.719Z", "lvl": "DEBUG", "cat": "trading", "component": "strategy_base", "msg": "Strategy 'alpha_breakout' initialized"}
{"ts": "2026-05-11T08:28:46.719Z", "lvl": "DEBUG", "cat": "trading", "component": "alpha_breakout", "msg": "Breakout skip: range=84.7pips not in [10.0-80.0]"}
{"ts": "2026-05-11T08:28:46.719Z", "lvl": "DEBUG", "cat": "trading", "component": "alpha_breakout", "msg": "Breakout skip: range=98.6pips not in [10.0-80.0]"}
{"ts": "2026-05-11T08:28:46.719Z", "lvl": "DEBUG", "cat": "trading", "component": "alpha_breakout", "msg": "Breakout skip: range=98.6pips not in [10.0-80.0]"}
{"ts": "2026-05-11T08:28:46.719Z", "lvl": "DEBUG", "cat": "trading", "component": "alpha_breakout", "msg": "Breakout skip: range=81.1pips not in [10.0-80.0]"}
{"ts": "2026-05-11T08:28:46.720Z", "lvl": "DEBUG", "cat": "trading", "component": "alpha_breakout", "msg": "Breakout skip: range=83.2pips not in [10.0-80.0]"}
{"ts": "2026-05-11T08:28:46.720Z", "lvl": "DEBUG", "cat": "trading", "component": "alpha_breakout", "msg": "Breakout skip: range=83.2pips not in [10.0-80.0]"}
{"ts": "2026-05-11T08:28:46.720Z", "lvl": "INFO", "cat": "trading", "component": "alpha_breakout", "msg": "SELL breakout signal: entry=2367.11 SL=2373.53 TP=2354.27 range=32.8pips ATR=4.28"}
{"ts": "2026-05-11T08:28:46.720Z", "lvl": "INFO", "cat": "trading", "component": "alpha_breakout", "msg": "BUY breakout signal: entry=2376.20 SL=2369.24 TP=2390.12 range=73.2pips ATR=4.64"}
{"ts": "2026-05-11T08:28:46.720Z", "lvl": "DEBUG", "cat": "trading", "component": "alpha_breakout", "msg": "Breakout skip: range=98.0pips not in [10.0-80.0]"}
{"ts": "2026-05-11T08:28:46.720Z", "lvl": "DEBUG", "cat": "trading", "component": "alpha_breakout", "msg": "Breakout skip: range=120.7pips not in [10.0-80.0]"}
{"ts": "2026-05-11T08:28:46.721Z", "lvl": "DEBUG", "cat": "trading", "component": "alpha_breakout", "msg": "Breakout skip: range=113.5pips not in [10.0-80.0]"}
{"ts": "2026-05-11T08:28:46.721Z", "lvl": "DEBUG", "cat": "trading", "component": "alpha_breakout", "msg": "Breakout skip: range=123.5pips not in [10.0-80.0]"}
{"ts": "2026-05-11T08:28:46.721Z", "lvl": "DEBUG", "cat": "trading", "component": "alpha_breakout", "msg": "Breakout skip: range=85.1pips not in [10.0-80.0]"}
{"ts": "2026-05-11T08:28:46.721Z", "lvl": "DEBUG", "cat": "trading", "component": "alpha_breakout", "msg": "Breakout skip: range=87.5pips not in [10.0-80.0]"}
{"ts": "2026-05-11T08:28:46.721Z", "lvl": "DEBUG", "cat": "trading", "component": "alpha_breakout", "msg": "Breakout skip: range=117.9pips not in [10.0-80.0]"}
{"ts": "2026-05-11T08:28:46.721Z", "lvl": "DEBUG", "cat": "trading", "component": "alpha_breakout", "msg": "Breakout skip: range=158.7pips not in [10.0-80.0]"}
{"ts": "2026-05-11T08:28:46.721Z", "lvl": "DEBUG", "cat": "trading", "component": "alpha_breakout", "msg": "Breakout skip: range=155.6pips not in [10.0-80.0]"}
{"ts": "2026-05-11T08:28:46.721Z", "lvl": "DEBUG", "cat": "trading", "component": "alpha_breakout", "msg": "Breakout skip: range=119.0pips not in [10.0-80.0]"}
{"ts": "2026-05-11T08:28:46.721Z", "lvl": "DEBUG", "cat": "trading", "component": "alpha_breakout", "msg": "Breakout skip: range=84.1pips not in [10.0-80.0]"}
{"ts": "2026-05-11T08:28:46.722Z", "lvl": "INFO", "cat": "trading", "component": "alpha_breakout", "msg": "BUY breakout signal: entry=2420.24 SL=2412.23 TP=2436.27 range=72.6pips ATR=5.34"}
{"ts": "2026-05-11T08:28:46.722Z", "lvl": "INFO", "cat": "trading", "component": "alpha_breakout", "msg": "BUY breakout signal: entry=2437.04 SL=2429.29 TP=2452.54 range=61.4pips ATR=5.17"}
{"ts": "2026-05-11T08:28:46.723Z", "lvl": "DEBUG", "cat": "trading", "component": "alpha_breakout", "msg": "Breakout skip: range=107.5pips not in [10.0-80.0]"}
{"ts": "2026-05-11T08:28:46.723Z", "lvl": "DEBUG", "cat": "trading", "component": "alpha_breakout", "msg": "Breakout skip: range=87.3pips not in [10.0-80.0]"}
{"ts": "2026-05-11T08:28:46.723Z", "lvl": "INFO", "cat": "trading", "component": "alpha_breakout", "msg": "BUY breakout signal: entry=2457.37 SL=2450.54 TP=2471.03 range=70.9pips ATR=4.55"}
{"ts": "2026-05-11T08:28:46.723Z", "lvl": "DEBUG", "cat": "trading", "component": "alpha_breakout", "msg": "Breakout skip: range=80.4pips not in [10.0-80.0]"}
{"ts": "2026-05-11T08:28:46.723Z", "lvl": "DEBUG", "cat": "trading", "component": "alpha_breakout", "msg": "Breakout skip: range=116.2pips not in [10.0-80.0]"}
{"ts": "2026-05-11T08:28:46.723Z", "lvl": "DEBUG", "cat": "trading", "component": "alpha_breakout", "msg": "Breakout skip: range=110.6pips not in [10.0-80.0]"}
{"ts": "2026-05-11T08:28:46.723Z", "lvl": "DEBUG", "cat": "trading", "component": "alpha_breakout", "msg": "Breakout skip: range=106.5pips not in [10.0-80.0]"}
{"ts": "2026-05-11T08:28:46.724Z", "lvl": "INFO", "cat": "trading", "component": "alpha_breakout", "msg": "BUY breakout signal: entry=2480.28 SL=2473.16 TP=2494.52 range=43.7pips ATR=4.75"}
{"ts": "2026-05-11T08:28:46.724Z", "lvl": "DEBUG", "cat": "trading", "component": "alpha_breakout", "msg": "Breakout skip: range=107.9pips not in [10.0-80.0]"}
{"ts": "2026-05-11T08:28:46.724Z", "lvl": "DEBUG", "cat": "trading", "component": "alpha_breakout", "msg": "Breakout skip: range=114.5pips not in [10.0-80.0]"}
{"ts": "2026-05-11T08:28:46.724Z", "lvl": "DEBUG", "cat": "trading", "component": "alpha_breakout", "msg": "Breakout skip: range=119.6pips not in [10.0-80.0]"}
{"ts": "2026-05-11T08:28:46.724Z", "lvl": "DEBUG", "cat": "trading", "component": "alpha_breakout", "msg": "Breakout skip: range=99.4pips not in [10.0-80.0]"}
{"ts": "2026-05-11T08:28:46.725Z", "lvl": "INFO", "cat": "trading", "component": "alpha_breakout", "msg": "BUY breakout signal: entry=2505.68 SL=2498.86 TP=2519.33 range=61.2pips ATR=4.55"}
{"ts": "2026-05-11T08:28:46.726Z", "lvl": "DEBUG", "cat": "trading", "component": "alpha_breakout", "msg": "Breakout skip: range=102.3pips not in [10.0-80.0]"}
{"ts": "2026-05-11T08:28:46.726Z", "lvl": "DEBUG", "cat": "trading", "component": "alpha_breakout", "msg": "Breakout skip: range=115.8pips not in [10.0-80.0]"}
{"ts": "2026-05-11T08:28:46.726Z", "lvl": "DEBUG", "cat": "trading", "component": "alpha_breakout", "msg": "Breakout skip: range=83.8pips not in [10.0-80.0]"}
{"ts": "2026-05-11T08:28:46.726Z", "lvl": "DEBUG", "cat": "trading", "component": "alpha_breakout", "msg": "Breakout skip: range=83.8pips not in [10.0-80.0]"}
{"ts": "2026-05-11T08:28:46.727Z", "lvl": "INFO", "cat": "trading", "component": "alpha_breakout", "msg": "BUY breakout signal: entry=2526.67 SL=2519.61 TP=2540.80 range=70.0pips ATR=4.71"}
{"ts": "2026-05-11T08:28:46.727Z", "lvl": "INFO", "cat": "trading", "component": "alpha_breakout", "msg": "BUY breakout signal: entry=2542.23 SL=2535.40 TP=2555.89 range=62.5pips ATR=4.55"}
{"ts": "2026-05-11T08:28:46.727Z", "lvl": "INFO", "cat": "trading", "component": "alpha_breakout", "msg": "BUY breakout signal: entry=2557.25 SL=2551.03 TP=2569.69 range=75.1pips ATR=4.15"}
{"ts": "2026-05-11T08:28:46.728Z", "lvl": "DEBUG", "cat": "trading", "component": "alpha_breakout", "msg": "Breakout skip: range=80.6pips not in [10.0-80.0]"}
{"ts": "2026-05-11T08:28:46.728Z", "lvl": "DEBUG", "cat": "trading", "component": "alpha_breakout", "msg": "Breakout skip: range=91.0pips not in [10.0-80.0]"}
{"ts": "2026-05-11T08:28:46.728Z", "lvl": "INFO", "cat": "trading", "component": "alpha_breakout", "msg": "SELL breakout signal: entry=2567.23 SL=2573.28 TP=2555.14 range=34.6pips ATR=4.03"}
{"ts": "2026-05-11T08:28:46.729Z", "lvl": "INFO", "cat": "trading", "component": "alpha_breakout", "msg": "BUY breakout signal: entry=2571.76 SL=2565.55 TP=2584.17 range=58.0pips ATR=4.14"}
{"ts": "2026-05-11T08:28:46.730Z", "lvl": "INFO", "cat": "trading", "component": "alpha_breakout", "msg": "SELL breakout signal: entry=2565.46 SL=2571.76 TP=2552.86 range=60.8pips ATR=4.20"}
{"ts": "2026-05-11T08:28:46.732Z", "lvl": "DEBUG", "cat": "trading", "component": "strategy_base", "msg": "Strategy 'alpha_breakout' initialized"}
{"ts": "2026-05-11T08:28:46.734Z", "lvl": "DEBUG", "cat": "trading", "component": "strategy_base", "msg": "Strategy 'alpha_breakout' initialized"}
{"ts": "2026-05-11T08:28:46.734Z", "lvl": "DEBUG", "cat": "trading", "component": "alpha_breakout", "msg": "Breakout skip: range=84.5pips not in [10.0-80.0]"}
{"ts": "2026-05-11T08:28:46.734Z", "lvl": "DEBUG", "cat": "trading", "component": "alpha_breakout", "msg": "Breakout skip: range=96.6pips not in [10.0-80.0]"}
{"ts": "2026-05-11T08:28:46.734Z", "lvl": "DEBUG", "cat": "trading", "component": "alpha_breakout", "msg": "Breakout skip: range=105.4pips not in [10.0-80.0]"}
{"ts": "2026-05-11T08:28:46.735Z", "lvl": "DEBUG", "cat": "trading", "component": "alpha_breakout", "msg": "Breakout skip: range=84.1pips not in [10.0-80.0]"}
{"ts": "2026-05-11T08:28:46.735Z", "lvl": "INFO", "cat": "trading", "component": "alpha_breakout", "msg": "BUY breakout signal: entry=2353.66 SL=2347.08 TP=2366.82 range=63.9pips ATR=4.39"}
{"ts": "2026-05-11T08:28:46.735Z", "lvl": "INFO", "cat": "trading", "component": "alpha_breakout", "msg": "BUY breakout signal: entry=2366.94 SL=2359.71 TP=2381.40 range=62.0pips ATR=4.82"}
{"ts": "2026-05-11T08:28:46.735Z", "lvl": "INFO", "cat": "trading", "component": "alpha_breakout", "msg": "BUY breakout signal: entry=2380.31 SL=2372.98 TP=2394.98 range=69.3pips ATR=4.89"}
{"ts": "2026-05-11T08:28:46.735Z", "lvl": "DEBUG", "cat": "trading", "component": "alpha_breakout", "msg": "Breakout skip: range=91.4pips not in [10.0-80.0]"}
{"ts": "2026-05-11T08:28:46.735Z", "lvl": "INFO", "cat": "trading", "component": "alpha_breakout", "msg": "BUY breakout signal: entry=2397.70 SL=2390.35 TP=2412.39 range=69.2pips ATR=4.90"}
{"ts": "2026-05-11T08:28:46.735Z", "lvl": "DEBUG", "cat": "trading", "component": "alpha_breakout", "msg": "Breakout skip: range=95.0pips not in [10.0-80.0]"}
{"ts": "2026-05-11T08:28:46.736Z", "lvl": "INFO", "cat": "trading", "component": "alpha_breakout", "msg": "BUY breakout signal: entry=2418.49 SL=2411.13 TP=2433.20 range=75.1pips ATR=4.90"}
{"ts": "2026-05-11T08:28:46.736Z", "lvl": "DEBUG", "cat": "trading", "component": "alpha_breakout", "msg": "Breakout skip: range=133.1pips not in [10.0-80.0]"}
{"ts": "2026-05-11T08:28:46.736Z", "lvl": "DEBUG", "cat": "trading", "component": "alpha_breakout", "msg": "Breakout skip: range=122.4pips not in [10.0-80.0]"}
{"ts": "2026-05-11T08:28:46.737Z", "lvl": "DEBUG", "cat": "trading", "component": "alpha_breakout", "msg": "Breakout skip: range=118.1pips not in [10.0-80.0]"}
{"ts": "2026-05-11T08:28:46.737Z", "lvl": "DEBUG", "cat": "trading", "component": "alpha_breakout", "msg": "Breakout skip: range=90.6pips not in [10.0-80.0]"}
{"ts": "2026-05-11T08:28:46.737Z", "lvl": "INFO", "cat": "trading", "component": "alpha_breakout", "msg": "BUY breakout signal: entry=2437.07 SL=2430.04 TP=2451.12 range=51.7pips ATR=4.68"}
{"ts": "2026-05-11T08:28:46.738Z", "lvl": "INFO", "cat": "trading", "component": "alpha_breakout", "msg": "BUY breakout signal: entry=2449.83 SL=2443.00 TP=2463.49 range=51.5pips ATR=4.55"}
{"ts": "2026-05-11T08:28:46.738Z", "lvl": "INFO", "cat": "trading", "component": "alpha_breakout", "msg": "BUY breakout signal: entry=2464.61 SL=2458.49 TP=2476.85 range=49.7pips ATR=4.08"}
{"ts": "2026-05-11T08:28:46.739Z", "lvl": "DEBUG", "cat": "trading", "component": "alpha_breakout", "msg": "Breakout skip: range=84.7pips not in [10.0-80.0]"}
{"ts": "2026-05-11T08:28:46.739Z", "lvl": "INFO", "cat": "trading", "component": "alpha_breakout", "msg": "BUY breakout signal: entry=2485.40 SL=2478.62 TP=2498.95 range=73.0pips ATR=4.52"}
{"ts": "2026-05-11T08:28:46.740Z", "lvl": "DEBUG", "cat": "trading", "component": "alpha_breakout", "msg": "Breakout skip: range=100.3pips not in [10.0-80.0]"}
{"ts": "2026-05-11T08:28:46.740Z", "lvl": "DEBUG", "cat": "trading", "component": "alpha_breakout", "msg": "Breakout skip: range=104.1pips not in [10.0-80.0]"}
{"ts": "2026-05-11T08:28:46.741Z", "lvl": "DEBUG", "cat": "trading", "component": "alpha_breakout", "msg": "Breakout skip: range=83.1pips not in [10.0-80.0]"}
{"ts": "2026-05-11T08:28:46.741Z", "lvl": "DEBUG", "cat": "trading", "component": "alpha_breakout", "msg": "Breakout skip: range=84.0pips not in [10.0-80.0]"}
{"ts": "2026-05-11T08:28:46.741Z", "lvl": "DEBUG", "cat": "trading", "component": "alpha_breakout", "msg": "Breakout skip: range=88.4pips not in [10.0-80.0]"}
{"ts": "2026-05-11T08:28:46.741Z", "lvl": "DEBUG", "cat": "trading", "component": "alpha_breakout", "msg": "Breakout skip: range=124.8pips not in [10.0-80.0]"}
{"ts": "2026-05-11T08:28:46.741Z", "lvl": "DEBUG", "cat": "trading", "component": "alpha_breakout", "msg": "Breakout skip: range=91.5pips not in [10.0-80.0]"}
{"ts": "2026-05-11T08:28:46.742Z", "lvl": "DEBUG", "cat": "trading", "component": "alpha_breakout", "msg": "Breakout skip: range=84.8pips not in [10.0-80.0]"}
{"ts": "2026-05-11T08:28:46.742Z", "lvl": "DEBUG", "cat": "trading", "component": "alpha_breakout", "msg": "Breakout skip: range=81.4pips not in [10.0-80.0]"}
{"ts": "2026-05-11T08:28:46.742Z", "lvl": "DEBUG", "cat": "trading", "component": "alpha_breakout", "msg": "Breakout skip: range=119.8pips not in [10.0-80.0]"}
{"ts": "2026-05-11T08:28:46.742Z", "lvl": "INFO", "cat": "trading", "component": "alpha_breakout", "msg": "BUY breakout signal: entry=2504.23 SL=2496.86 TP=2518.96 range=79.9pips ATR=4.91"}
{"ts": "2026-05-11T08:28:46.742Z", "lvl": "INFO", "cat": "trading", "component": "alpha_breakout", "msg": "BUY breakout signal: entry=2518.70 SL=2512.00 TP=2532.10 range=46.2pips ATR=4.47"}
{"ts": "2026-05-11T08:28:46.742Z", "lvl": "DEBUG", "cat": "trading", "component": "alpha_breakout", "msg": "Breakout skip: range=97.0pips not in [10.0-80.0]"}
{"ts": "2026-05-11T08:28:46.742Z", "lvl": "DEBUG", "cat": "trading", "component": "alpha_breakout", "msg": "Breakout skip: range=102.7pips not in [10.0-80.0]"}
{"ts": "2026-05-11T08:28:46.742Z", "lvl": "DEBUG", "cat": "trading", "component": "alpha_breakout", "msg": "Breakout skip: range=118.9pips not in [10.0-80.0]"}
{"ts": "2026-05-11T08:28:46.742Z", "lvl": "INFO", "cat": "trading", "component": "alpha_breakout", "msg": "BUY breakout signal: entry=2538.65 SL=2531.57 TP=2552.81 range=43.4pips ATR=4.72"}
{"ts": "2026-05-11T08:28:46.744Z", "lvl": "INFO", "cat": "trading", "component": "alpha_breakout", "msg": "BUY breakout signal: entry=2552.96 SL=2546.25 TP=2566.38 range=56.5pips ATR=4.47"}
{"ts": "2026-05-11T08:28:46.744Z", "lvl": "INFO", "cat": "trading", "component": "alpha_breakout", "msg": "BUY breakout signal: entry=2567.50 SL=2560.26 TP=2581.98 range=68.7pips ATR=4.83"}
{"ts": "2026-05-11T08:28:46.744Z", "lvl": "INFO", "cat": "trading", "component": "alpha_breakout", "msg": "BUY breakout signal: entry=2581.03 SL=2573.55 TP=2595.98 range=67.6pips ATR=4.98"}
{"ts": "2026-05-11T08:28:46.745Z", "lvl": "INFO", "cat": "trading", "component": "alpha_breakout", "msg": "BUY breakout signal: entry=2594.96 SL=2588.74 TP=2607.40 range=54.7pips ATR=4.15"}
{"ts": "2026-05-11T08:28:46.745Z", "lvl": "DEBUG", "cat": "trading", "component": "alpha_breakout", "msg": "Breakout skip: range=95.1pips not in [10.0-80.0]"}
{"ts": "2026-05-11T08:28:46.745Z", "lvl": "DEBUG", "cat": "trading", "component": "alpha_breakout", "msg": "Breakout skip: range=118.9pips not in [10.0-80.0]"}
{"ts": "2026-05-11T08:28:46.745Z", "lvl": "DEBUG", "cat": "trading", "component": "alpha_breakout", "msg": "Breakout skip: range=85.9pips not in [10.0-80.0]"}
{"ts": "2026-05-11T08:28:46.746Z", "lvl": "INFO", "cat": "trading", "component": "alpha_breakout", "msg": "BUY breakout signal: entry=2612.66 SL=2605.57 TP=2626.84 range=79.1pips ATR=4.73"}
{"ts": "2026-05-11T08:28:46.746Z", "lvl": "DEBUG", "cat": "trading", "component": "alpha_breakout", "msg": "Breakout skip: range=89.1pips not in [10.0-80.0]"}
{"ts": "2026-05-11T08:28:48.614Z", "lvl": "DEBUG", "cat": "trading", "component": "trade_repository", "msg": "Trade inserted: 2fe876a7-9f0d-4ba8-86ea-978005ca7a6f | XAUUSD BUY"}
{"ts": "2026-05-11T08:28:48.655Z", "lvl": "DEBUG", "cat": "trading", "component": "trade_repository", "msg": "Trade inserted: d19fc045-7ad1-4ee5-bbda-7a7d21285090 | XAUUSD BUY"}
{"ts": "2026-05-11T08:28:48.693Z", "lvl": "DEBUG", "cat": "trading", "component": "trade_repository", "msg": "Trade inserted: 472867f5-6bac-4aa2-8713-10bbe2b3da84 | XAUUSD BUY"}
{"ts": "2026-05-11T08:28:48.693Z", "lvl": "INFO", "cat": "trading", "component": "trade_repository", "msg": "Trade closed: 472867f5-6bac-4aa2-8713-10bbe2b3da84 | net_pnl=+145.00 reason=TAKE_PROFIT"}
{"ts": "2026-05-11T08:28:48.735Z", "lvl": "DEBUG", "cat": "trading", "component": "trade_repository", "msg": "Trade inserted: 4905726f-84da-4555-9bfd-3446f1b111c3 | XAUUSD BUY"}
{"ts": "2026-05-11T08:28:48.736Z", "lvl": "INFO", "cat": "trading", "component": "trade_repository", "msg": "Trade closed: 4905726f-84da-4555-9bfd-3446f1b111c3 | net_pnl=+95.00 reason=TAKE_PROFIT"}
{"ts": "2026-05-11T08:29:34.890Z", "lvl": "DEBUG", "cat": "trading", "component": "strategy_base", "msg": "Strategy 'alpha_breakout' initialized"}
{"ts": "2026-05-11T08:37:42.616Z", "lvl": "DEBUG", "cat": "trading", "component": "strategy_base", "msg": "Strategy 'alpha_breakout' initialized"}
{"ts": "2026-05-11T08:38:13.702Z", "lvl": "DEBUG", "cat": "trading", "component": "strategy_base", "msg": "Strategy 'alpha_breakout' initialized"}
{"ts": "2026-05-11T08:50:12.978Z", "lvl": "DEBUG", "cat": "trading", "component": "strategy_base", "msg": "Strategy 'alpha_breakout' initialized"}
{"ts": "2026-05-11T08:50:12.979Z", "lvl": "INFO", "cat": "trading", "component": "alpha_breakout", "msg": "BUY breakout signal: entry=2370.49 SL=2363.65 TP=2384.17 range=55.5pips ATR=4.56"}
{"ts": "2026-05-11T08:50:12.979Z", "lvl": "DEBUG", "cat": "trading", "component": "alpha_breakout", "msg": "Breakout skip: range=122.0pips not in [10.0-80.0]"}
{"ts": "2026-05-11T08:50:12.979Z", "lvl": "DEBUG", "cat": "trading", "component": "alpha_breakout", "msg": "Breakout skip: range=142.4pips not in [10.0-80.0]"}
{"ts": "2026-05-11T08:50:12.979Z", "lvl": "DEBUG", "cat": "trading", "component": "alpha_breakout", "msg": "Breakout skip: range=95.2pips not in [10.0-80.0]"}
{"ts": "2026-05-11T08:50:12.980Z", "lvl": "DEBUG", "cat": "trading", "component": "alpha_breakout", "msg": "Breakout skip: range=87.7pips not in [10.0-80.0]"}
{"ts": "2026-05-11T08:50:12.980Z", "lvl": "INFO", "cat": "trading", "component": "alpha_breakout", "msg": "BUY breakout signal: entry=2388.08 SL=2380.64 TP=2402.96 range=68.7pips ATR=4.96"}
{"ts": "2026-05-11T08:50:12.980Z", "lvl": "INFO", "cat": "trading", "component": "alpha_breakout", "msg": "BUY breakout signal: entry=2401.89 SL=2394.70 TP=2416.27 range=61.4pips ATR=4.79"}
{"ts": "2026-05-11T08:50:12.980Z", "lvl": "DEBUG", "cat": "trading", "component": "alpha_breakout", "msg": "Breakout skip: range=105.8pips not in [10.0-80.0]"}
{"ts": "2026-05-11T08:50:12.981Z", "lvl": "DEBUG", "cat": "trading", "component": "alpha_breakout", "msg": "Breakout skip: range=117.7pips not in [10.0-80.0]"}
{"ts": "2026-05-11T08:50:12.981Z", "lvl": "DEBUG", "cat": "trading", "component": "alpha_breakout", "msg": "Breakout skip: range=119.4pips not in [10.0-80.0]"}
{"ts": "2026-05-11T08:50:12.981Z", "lvl": "INFO", "cat": "trading", "component": "alpha_breakout", "msg": "BUY breakout signal: entry=2421.66 SL=2413.90 TP=2437.19 range=77.2pips ATR=5.18"}
{"ts": "2026-05-11T08:50:12.981Z", "lvl": "DEBUG", "cat": "trading", "component": "alpha_breakout", "msg": "Breakout skip: range=109.8pips not in [10.0-80.0]"}
{"ts": "2026-05-11T08:50:12.981Z", "lvl": "DEBUG", "cat": "trading", "component": "alpha_breakout", "msg": "Breakout skip: range=149.6pips not in [10.0-80.0]"}
{"ts": "2026-05-11T08:50:12.981Z", "lvl": "DEBUG", "cat": "trading", "component": "alpha_breakout", "msg": "Breakout skip: range=119.9pips not in [10.0-80.0]"}
{"ts": "2026-05-11T08:50:12.981Z", "lvl": "DEBUG", "cat": "trading", "component": "alpha_breakout", "msg": "Breakout skip: range=87.6pips not in [10.0-80.0]"}
{"ts": "2026-05-11T08:50:12.982Z", "lvl": "DEBUG", "cat": "trading", "component": "alpha_breakout", "msg": "Breakout skip: range=88.4pips not in [10.0-80.0]"}
{"ts": "2026-05-11T08:50:12.982Z", "lvl": "INFO", "cat": "trading", "component": "alpha_breakout", "msg": "BUY breakout signal: entry=2443.71 SL=2435.96 TP=2459.22 range=79.6pips ATR=5.17"}
{"ts": "2026-05-11T08:50:12.983Z", "lvl": "INFO", "cat": "trading", "component": "alpha_breakout", "msg": "BUY breakout signal: entry=2459.93 SL=2452.34 TP=2475.10 range=74.1pips ATR=5.06"}
{"ts": "2026-05-11T08:50:12.983Z", "lvl": "INFO", "cat": "trading", "component": "alpha_breakout", "msg": "BUY breakout signal: entry=2481.03 SL=2474.17 TP=2494.74 range=66.4pips ATR=4.57"}
{"ts": "2026-05-11T08:50:12.984Z", "lvl": "INFO", "cat": "trading", "component": "alpha_breakout", "msg": "BUY breakout signal: entry=2492.81 SL=2485.24 TP=2507.95 range=76.9pips ATR=5.05"}
{"ts": "2026-05-11T08:50:12.984Z", "lvl": "INFO", "cat": "trading", "component": "alpha_breakout", "msg": "BUY breakout signal: entry=2510.27 SL=2502.26 TP=2526.28 range=65.0pips ATR=5.34"}
{"ts": "2026-05-11T08:50:12.985Z", "lvl": "INFO", "cat": "trading", "component": "alpha_breakout", "msg": "BUY breakout signal: entry=2529.01 SL=2521.61 TP=2543.80 range=64.8pips ATR=4.93"}
{"ts": "2026-05-11T08:50:12.985Z", "lvl": "INFO", "cat": "trading", "component": "alpha_breakout", "msg": "BUY breakout signal: entry=2544.29 SL=2537.09 TP=2558.68 range=61.9pips ATR=4.80"}
{"ts": "2026-05-11T08:50:12.986Z", "lvl": "DEBUG", "cat": "trading", "component": "alpha_breakout", "msg": "Breakout skip: range=148.1pips not in [10.0-80.0]"}
{"ts": "2026-05-11T08:50:12.986Z", "lvl": "DEBUG", "cat": "trading", "component": "alpha_breakout", "msg": "Breakout skip: range=124.8pips not in [10.0-80.0]"}
{"ts": "2026-05-11T08:50:12.986Z", "lvl": "DEBUG", "cat": "trading", "component": "alpha_breakout", "msg": "Breakout skip: range=133.1pips not in [10.0-80.0]"}
{"ts": "2026-05-11T08:50:12.986Z", "lvl": "DEBUG", "cat": "trading", "component": "alpha_breakout", "msg": "Breakout skip: range=105.9pips not in [10.0-80.0]"}
{"ts": "2026-05-11T08:50:12.986Z", "lvl": "DEBUG", "cat": "trading", "component": "alpha_breakout", "msg": "Breakout skip: range=125.3pips not in [10.0-80.0]"}
{"ts": "2026-05-11T08:50:12.986Z", "lvl": "DEBUG", "cat": "trading", "component": "alpha_breakout", "msg": "Breakout skip: range=131.6pips not in [10.0-80.0]"}
{"ts": "2026-05-11T08:50:12.986Z", "lvl": "DEBUG", "cat": "trading", "component": "alpha_breakout", "msg": "Breakout skip: range=164.2pips not in [10.0-80.0]"}
{"ts": "2026-05-11T08:50:12.986Z", "lvl": "DEBUG", "cat": "trading", "component": "alpha_breakout", "msg": "Breakout skip: range=119.8pips not in [10.0-80.0]"}
{"ts": "2026-05-11T08:50:12.987Z", "lvl": "DEBUG", "cat": "trading", "component": "alpha_breakout", "msg": "Breakout skip: range=98.1pips not in [10.0-80.0]"}
{"ts": "2026-05-11T08:50:12.987Z", "lvl": "INFO", "cat": "trading", "component": "alpha_breakout", "msg": "BUY breakout signal: entry=2582.78 SL=2574.37 TP=2599.59 range=63.9pips ATR=5.60"}
{"ts": "2026-05-11T08:50:12.987Z", "lvl": "DEBUG", "cat": "trading", "component": "alpha_breakout", "msg": "Breakout skip: range=112.6pips not in [10.0-80.0]"}
{"ts": "2026-05-11T08:50:12.987Z", "lvl": "DEBUG", "cat": "trading", "component": "alpha_breakout", "msg": "Breakout skip: range=112.1pips not in [10.0-80.0]"}
{"ts": "2026-05-11T08:50:12.987Z", "lvl": "INFO", "cat": "trading", "component": "alpha_breakout", "msg": "BUY breakout signal: entry=2601.09 SL=2593.00 TP=2617.27 range=77.9pips ATR=5.39"}
{"ts": "2026-05-11T08:50:12.988Z", "lvl": "INFO", "cat": "trading", "component": "alpha_breakout", "msg": "BUY breakout signal: entry=2618.75 SL=2611.51 TP=2633.23 range=62.7pips ATR=4.83"}
{"ts": "2026-05-11T08:50:12.989Z", "lvl": "DEBUG", "cat": "trading", "component": "alpha_breakout", "msg": "Breakout skip: range=90.9pips not in [10.0-80.0]"}
{"ts": "2026-05-11T08:50:12.989Z", "lvl": "DEBUG", "cat": "trading", "component": "alpha_breakout", "msg": "Breakout skip: range=129.2pips not in [10.0-80.0]"}
{"ts": "2026-05-11T08:50:12.989Z", "lvl": "DEBUG", "cat": "trading", "component": "alpha_breakout", "msg": "Breakout skip: range=138.3pips not in [10.0-80.0]"}
{"ts": "2026-05-11T08:50:12.989Z", "lvl": "DEBUG", "cat": "trading", "component": "alpha_breakout", "msg": "Breakout skip: range=114.1pips not in [10.0-80.0]"}
{"ts": "2026-05-11T08:50:12.989Z", "lvl": "INFO", "cat": "trading", "component": "alpha_breakout", "msg": "BUY breakout signal: entry=2639.87 SL=2632.72 TP=2654.18 range=62.4pips ATR=4.77"}
{"ts": "2026-05-11T08:50:12.990Z", "lvl": "INFO", "cat": "trading", "component": "alpha_breakout", "msg": "BUY breakout signal: entry=2639.34 SL=2632.52 TP=2652.97 range=53.0pips ATR=4.54"}
{"ts": "2026-05-11T08:50:12.991Z", "lvl": "DEBUG", "cat": "trading", "component": "alpha_breakout", "msg": "Breakout skip: range=107.8pips not in [10.0-80.0]"}
{"ts": "2026-05-11T08:50:12.991Z", "lvl": "DEBUG", "cat": "trading", "component": "alpha_breakout", "msg": "Breakout skip: range=116.3pips not in [10.0-80.0]"}
{"ts": "2026-05-11T08:50:12.991Z", "lvl": "DEBUG", "cat": "trading", "component": "alpha_breakout", "msg": "Breakout skip: range=104.3pips not in [10.0-80.0]"}
{"ts": "2026-05-11T08:50:12.991Z", "lvl": "DEBUG", "cat": "trading", "component": "alpha_breakout", "msg": "Breakout skip: range=113.2pips not in [10.0-80.0]"}
{"ts": "2026-05-11T08:50:12.992Z", "lvl": "INFO", "cat": "trading", "component": "alpha_breakout", "msg": "BUY breakout signal: entry=2661.28 SL=2654.72 TP=2674.39 range=66.8pips ATR=4.37"}
{"ts": "2026-05-11T08:50:13.082Z", "lvl": "DEBUG", "cat": "trading", "component": "strategy_base", "msg": "Strategy 'alpha_breakout' initialized"}
{"ts": "2026-05-11T08:50:13.083Z", "lvl": "INFO", "cat": "trading", "component": "alpha_breakout", "msg": "BUY breakout signal: entry=2358.90 SL=2352.49 TP=2371.72 range=63.1pips ATR=4.27"}
{"ts": "2026-05-11T08:50:13.083Z", "lvl": "INFO", "cat": "trading", "component": "alpha_breakout", "msg": "SELL breakout signal: entry=2352.39 SL=2358.54 TP=2340.09 range=66.7pips ATR=4.10"}
{"ts": "2026-05-11T08:50:13.083Z", "lvl": "DEBUG", "cat": "trading", "component": "alpha_breakout", "msg": "Breakout skip: range=108.6pips not in [10.0-80.0]"}
{"ts": "2026-05-11T08:50:13.083Z", "lvl": "DEBUG", "cat": "trading", "component": "alpha_breakout", "msg": "Breakout skip: range=97.3pips not in [10.0-80.0]"}
{"ts": "2026-05-11T08:50:13.083Z", "lvl": "DEBUG", "cat": "trading", "component": "alpha_breakout", "msg": "Breakout skip: range=130.6pips not in [10.0-80.0]"}
{"ts": "2026-05-11T08:50:13.083Z", "lvl": "DEBUG", "cat": "trading", "component": "alpha_breakout", "msg": "Breakout skip: range=109.9pips not in [10.0-80.0]"}
{"ts": "2026-05-11T08:50:13.083Z", "lvl": "DEBUG", "cat": "trading", "component": "alpha_breakout", "msg": "Breakout skip: range=101.6pips not in [10.0-80.0]"}
{"ts": "2026-05-11T08:50:13.084Z", "lvl": "INFO", "cat": "trading", "component": "alpha_breakout", "msg": "BUY breakout signal: entry=2371.85 SL=2364.35 TP=2386.84 range=77.5pips ATR=5.00"}
{"ts": "2026-05-11T08:50:13.084Z", "lvl": "DEBUG", "cat": "trading", "component": "alpha_breakout", "msg": "Breakout skip: range=119.3pips not in [10.0-80.0]"}
{"ts": "2026-05-11T08:50:13.084Z", "lvl": "DEBUG", "cat": "trading", "component": "alpha_breakout", "msg": "Breakout skip: range=90.6pips not in [10.0-80.0]"}
{"ts": "2026-05-11T08:50:13.085Z", "lvl": "DEBUG", "cat": "trading", "component": "alpha_breakout", "msg": "Breakout skip: range=90.8pips not in [10.0-80.0]"}
{"ts": "2026-05-11T08:50:13.085Z", "lvl": "DEBUG", "cat": "trading", "component": "alpha_breakout", "msg": "Breakout skip: range=96.7pips not in [10.0-80.0]"}
{"ts": "2026-05-11T08:50:13.085Z", "lvl": "DEBUG", "cat": "trading", "component": "alpha_breakout", "msg": "Breakout skip: range=105.5pips not in [10.0-80.0]"}
{"ts": "2026-05-11T08:50:13.085Z", "lvl": "DEBUG", "cat": "trading", "component": "alpha_breakout", "msg": "Breakout skip: range=85.6pips not in [10.0-80.0]"}
{"ts": "2026-05-11T08:50:13.085Z", "lvl": "INFO", "cat": "trading", "component": "alpha_breakout", "msg": "BUY breakout signal: entry=2397.58 SL=2390.26 TP=2412.23 range=75.1pips ATR=4.88"}
{"ts": "2026-05-11T08:50:13.085Z", "lvl": "INFO", "cat": "trading", "component": "alpha_breakout", "msg": "SELL breakout signal: entry=2390.80 SL=2397.27 TP=2377.86 range=72.9pips ATR=4.31"}
{"ts": "2026-05-11T08:50:13.086Z", "lvl": "INFO", "cat": "trading", "component": "alpha_breakout", "msg": "BUY breakout signal: entry=2395.79 SL=2389.12 TP=2409.12 range=51.8pips ATR=4.44"}
{"ts": "2026-05-11T08:50:13.086Z", "lvl": "INFO", "cat": "trading", "component": "alpha_breakout", "msg": "BUY breakout signal: entry=2410.95 SL=2404.17 TP=2424.50 range=74.0pips ATR=4.52"}
{"ts": "2026-05-11T08:50:13.086Z", "lvl": "INFO", "cat": "trading", "component": "alpha_breakout", "msg": "BUY breakout signal: entry=2424.41 SL=2417.94 TP=2437.35 range=52.6pips ATR=4.31"}
{"ts": "2026-05-11T08:50:13.086Z", "lvl": "DEBUG", "cat": "trading", "component": "alpha_breakout", "msg": "Breakout skip: range=95.9pips not in [10.0-80.0]"}
{"ts": "2026-05-11T08:50:13.087Z", "lvl": "DEBUG", "cat": "trading", "component": "alpha_breakout", "msg": "Breakout skip: range=119.0pips not in [10.0-80.0]"}
{"ts": "2026-05-11T08:50:13.087Z", "lvl": "DEBUG", "cat": "trading", "component": "alpha_breakout", "msg": "Breakout skip: range=85.2pips not in [10.0-80.0]"}
{"ts": "2026-05-11T08:50:13.088Z", "lvl": "INFO", "cat": "trading", "component": "alpha_breakout", "msg": "BUY breakout signal: entry=2442.17 SL=2435.61 TP=2455.28 range=79.1pips ATR=4.37"}
{"ts": "2026-05-11T08:50:13.088Z", "lvl": "DEBUG", "cat": "trading", "component": "alpha_breakout", "msg": "Breakout skip: range=83.9pips not in [10.0-80.0]"}
{"ts": "2026-05-11T08:50:13.088Z", "lvl": "DEBUG", "cat": "trading", "component": "alpha_breakout", "msg": "Breakout skip: range=94.8pips not in [10.0-80.0]"}
{"ts": "2026-05-11T08:50:13.088Z", "lvl": "DEBUG", "cat": "trading", "component": "alpha_breakout", "msg": "Breakout skip: range=94.6pips not in [10.0-80.0]"}
{"ts": "2026-05-11T08:50:13.088Z", "lvl": "DEBUG", "cat": "trading", "component": "alpha_breakout", "msg": "Breakout skip: range=94.6pips not in [10.0-80.0]"}
{"ts": "2026-05-11T08:50:13.088Z", "lvl": "INFO", "cat": "trading", "component": "alpha_breakout", "msg": "SELL breakout signal: entry=2454.79 SL=2461.27 TP=2441.84 range=55.9pips ATR=4.32"}
{"ts": "2026-05-11T08:50:13.088Z", "lvl": "INFO", "cat": "trading", "component": "alpha_breakout", "msg": "BUY breakout signal: entry=2461.99 SL=2454.93 TP=2476.10 range=59.7pips ATR=4.70"}
{"ts": "2026-05-11T08:50:13.089Z", "lvl": "INFO", "cat": "trading", "component": "alpha_breakout", "msg": "BUY breakout signal: entry=2459.98 SL=2453.76 TP=2472.42 range=40.1pips ATR=4.15"}
{"ts": "2026-05-11T08:50:13.089Z", "lvl": "DEBUG", "cat": "trading", "component": "alpha_breakout", "msg": "Breakout skip: range=80.6pips not in [10.0-80.0]"}
{"ts": "2026-05-11T08:50:13.090Z", "lvl": "DEBUG", "cat": "trading", "component": "alpha_breakout", "msg": "Breakout skip: range=98.3pips not in [10.0-80.0]"}
{"ts": "2026-05-11T08:50:13.090Z", "lvl": "DEBUG", "cat": "trading", "component": "alpha_breakout", "msg": "Breakout skip: range=98.3pips not in [10.0-80.0]"}
{"ts": "2026-05-11T08:50:13.090Z", "lvl": "INFO", "cat": "trading", "component": "alpha_breakout", "msg": "BUY breakout signal: entry=2476.74 SL=2470.15 TP=2489.93 range=53.8pips ATR=4.40"}
{"ts": "2026-05-11T08:50:13.090Z", "lvl": "INFO", "cat": "trading", "component": "alpha_breakout", "msg": "BUY breakout signal: entry=2490.77 SL=2484.13 TP=2504.05 range=55.9pips ATR=4.43"}
{"ts": "2026-05-11T08:50:13.091Z", "lvl": "DEBUG", "cat": "trading", "component": "alpha_breakout", "msg": "Breakout skip: range=87.5pips not in [10.0-80.0]"}
{"ts": "2026-05-11T08:50:13.091Z", "lvl": "DEBUG", "cat": "trading", "component": "alpha_breakout", "msg": "Breakout skip: range=90.0pips not in [10.0-80.0]"}
{"ts": "2026-05-11T08:50:13.091Z", "lvl": "DEBUG", "cat": "trading", "component": "alpha_breakout", "msg": "Breakout skip: range=83.4pips not in [10.0-80.0]"}
{"ts": "2026-05-11T08:50:13.092Z", "lvl": "INFO", "cat": "trading", "component": "alpha_breakout", "msg": "BUY breakout signal: entry=2515.56 SL=2508.06 TP=2530.56 range=74.9pips ATR=5.00"}
{"ts": "2026-05-11T08:50:13.093Z", "lvl": "INFO", "cat": "trading", "component": "alpha_breakout", "msg": "BUY breakout signal: entry=2528.99 SL=2521.34 TP=2544.30 range=65.6pips ATR=5.10"}
{"ts": "2026-05-11T08:50:13.093Z", "lvl": "DEBUG", "cat": "trading", "component": "alpha_breakout", "msg": "Breakout skip: range=119.8pips not in [10.0-80.0]"}
{"ts": "2026-05-11T08:50:13.093Z", "lvl": "DEBUG", "cat": "trading", "component": "alpha_breakout", "msg": "Breakout skip: range=120.6pips not in [10.0-80.0]"}
{"ts": "2026-05-11T08:50:13.093Z", "lvl": "DEBUG", "cat": "trading", "component": "alpha_breakout", "msg": "Breakout skip: range=81.5pips not in [10.0-80.0]"}
{"ts": "2026-05-11T08:50:13.093Z", "lvl": "INFO", "cat": "trading", "component": "alpha_breakout", "msg": "SELL breakout signal: entry=2538.36 SL=2545.51 TP=2524.06 range=47.0pips ATR=4.77"}
{"ts": "2026-05-11T08:50:13.094Z", "lvl": "DEBUG", "cat": "trading", "component": "alpha_breakout", "msg": "Breakout skip: range=95.1pips not in [10.0-80.0]"}
{"ts": "2026-05-11T08:50:13.095Z", "lvl": "INFO", "cat": "trading", "component": "alpha_breakout", "msg": "BUY breakout signal: entry=2550.07 SL=2543.19 TP=2563.84 range=62.3pips ATR=4.59"}
{"ts": "2026-05-11T08:50:13.095Z", "lvl": "INFO", "cat": "trading", "component": "alpha_breakout", "msg": "BUY breakout signal: entry=2563.64 SL=2557.23 TP=2576.46 range=45.4pips ATR=4.27"}
{"ts": "2026-05-11T08:50:13.100Z", "lvl": "DEBUG", "cat": "trading", "component": "strategy_base", "msg": "Strategy 'alpha_breakout' initialized"}
{"ts": "2026-05-11T08:50:13.101Z", "lvl": "DEBUG", "cat": "trading", "component": "alpha_breakout", "msg": "Breakout skip: range=92.5pips not in [10.0-80.0]"}
{"ts": "2026-05-11T08:50:13.101Z", "lvl": "INFO", "cat": "trading", "component": "alpha_breakout", "msg": "BUY breakout signal: entry=2400.72 SL=2393.47 TP=2415.21 range=68.3pips ATR=4.83"}
{"ts": "2026-05-11T08:50:13.102Z", "lvl": "DEBUG", "cat": "trading", "component": "alpha_breakout", "msg": "Breakout skip: range=98.5pips not in [10.0-80.0]"}
{"ts": "2026-05-11T08:50:13.102Z", "lvl": "DEBUG", "cat": "trading", "component": "alpha_breakout", "msg": "Breakout skip: range=109.7pips not in [10.0-80.0]"}
{"ts": "2026-05-11T08:50:13.102Z", "lvl": "INFO", "cat": "trading", "component": "alpha_breakout", "msg": "BUY breakout signal: entry=2419.16 SL=2412.36 TP=2432.75 range=59.3pips ATR=4.53"}
{"ts": "2026-05-11T08:50:13.102Z", "lvl": "DEBUG", "cat": "trading", "component": "alpha_breakout", "msg": "Breakout skip: range=89.3pips not in [10.0-80.0]"}
{"ts": "2026-05-11T08:50:13.102Z", "lvl": "DEBUG", "cat": "trading", "component": "alpha_breakout", "msg": "Breakout skip: range=88.8pips not in [10.0-80.0]"}
{"ts": "2026-05-11T08:50:13.102Z", "lvl": "DEBUG", "cat": "trading", "component": "alpha_breakout", "msg": "Breakout skip: range=120.1pips not in [10.0-80.0]"}
{"ts": "2026-05-11T08:50:13.102Z", "lvl": "DEBUG", "cat": "trading", "component": "alpha_breakout", "msg": "Breakout skip: range=132.1pips not in [10.0-80.0]"}
{"ts": "2026-05-11T08:50:13.103Z", "lvl": "DEBUG", "cat": "trading", "component": "alpha_breakout", "msg": "Breakout skip: range=108.5pips not in [10.0-80.0]"}
{"ts": "2026-05-11T08:50:13.103Z", "lvl": "DEBUG", "cat": "trading", "component": "alpha_breakout", "msg": "Breakout skip: range=91.2pips not in [10.0-80.0]"}
{"ts": "2026-05-11T08:50:13.103Z", "lvl": "INFO", "cat": "trading", "component": "alpha_breakout", "msg": "BUY breakout signal: entry=2446.50 SL=2439.34 TP=2460.82 range=75.2pips ATR=4.77"}
{"ts": "2026-05-11T08:50:13.104Z", "lvl": "DEBUG", "cat": "trading", "component": "alpha_breakout", "msg": "Breakout skip: range=127.9pips not in [10.0-80.0]"}
{"ts": "2026-05-11T08:50:13.104Z", "lvl": "DEBUG", "cat": "trading", "component": "alpha_breakout", "msg": "Breakout skip: range=90.0pips not in [10.0-80.0]"}
{"ts": "2026-05-11T08:50:13.104Z", "lvl": "INFO", "cat": "trading", "component": "alpha_breakout", "msg": "BUY breakout signal: entry=2468.92 SL=2461.68 TP=2483.39 range=56.6pips ATR=4.82"}
{"ts": "2026-05-11T08:50:13.104Z", "lvl": "INFO", "cat": "trading", "component": "alpha_breakout", "msg": "BUY breakout signal: entry=2481.65 SL=2474.96 TP=2495.03 range=66.9pips ATR=4.46"}
{"ts": "2026-05-11T08:50:13.104Z", "lvl": "INFO", "cat": "trading", "component": "alpha_breakout", "msg": "BUY breakout signal: entry=2496.20 SL=2489.06 TP=2510.47 range=75.0pips ATR=4.76"}
{"ts": "2026-05-11T08:50:13.105Z", "lvl": "INFO", "cat": "trading", "component": "alpha_breakout", "msg": "SELL breakout signal: entry=2488.56 SL=2495.49 TP=2474.71 range=73.9pips ATR=4.62"}
{"ts": "2026-05-11T08:50:13.105Z", "lvl": "INFO", "cat": "trading", "component": "alpha_breakout", "msg": "BUY breakout signal: entry=2497.28 SL=2490.26 TP=2511.31 range=45.3pips ATR=4.68"}
{"ts": "2026-05-11T08:50:13.106Z", "lvl": "DEBUG", "cat": "trading", "component": "alpha_breakout", "msg": "Breakout skip: range=110.8pips not in [10.0-80.0]"}
{"ts": "2026-05-11T08:50:13.106Z", "lvl": "DEBUG", "cat": "trading", "component": "alpha_breakout", "msg": "Breakout skip: range=111.9pips not in [10.0-80.0]"}
{"ts": "2026-05-11T08:50:13.106Z", "lvl": "DEBUG", "cat": "trading", "component": "alpha_breakout", "msg": "Breakout skip: range=136.5pips not in [10.0-80.0]"}
{"ts": "2026-05-11T08:50:13.106Z", "lvl": "DEBUG", "cat": "trading", "component": "alpha_breakout", "msg": "Breakout skip: range=152.1pips not in [10.0-80.0]"}
{"ts": "2026-05-11T08:50:13.106Z", "lvl": "DEBUG", "cat": "trading", "component": "alpha_breakout", "msg": "Breakout skip: range=111.5pips not in [10.0-80.0]"}
{"ts": "2026-05-11T08:50:13.106Z", "lvl": "INFO", "cat": "trading", "component": "alpha_breakout", "msg": "BUY breakout signal: entry=2519.88 SL=2512.64 TP=2534.37 range=48.3pips ATR=4.83"}
{"ts": "2026-05-11T08:50:13.107Z", "lvl": "DEBUG", "cat": "trading", "component": "alpha_breakout", "msg": "Breakout skip: range=138.6pips not in [10.0-80.0]"}
{"ts": "2026-05-11T08:50:13.107Z", "lvl": "DEBUG", "cat": "trading", "component": "alpha_breakout", "msg": "Breakout skip: range=133.8pips not in [10.0-80.0]"}
{"ts": "2026-05-11T08:50:13.107Z", "lvl": "DEBUG", "cat": "trading", "component": "alpha_breakout", "msg": "Breakout skip: range=99.7pips not in [10.0-80.0]"}
{"ts": "2026-05-11T08:50:13.107Z", "lvl": "DEBUG", "cat": "trading", "component": "alpha_breakout", "msg": "Breakout skip: range=81.5pips not in [10.0-80.0]"}
{"ts": "2026-05-11T08:50:13.108Z", "lvl": "DEBUG", "cat": "trading", "component": "alpha_breakout", "msg": "Breakout skip: range=85.2pips not in [10.0-80.0]"}
{"ts": "2026-05-11T08:50:13.108Z", "lvl": "DEBUG", "cat": "trading", "component": "alpha_breakout", "msg": "Breakout skip: range=83.2pips not in [10.0-80.0]"}
{"ts": "2026-05-11T08:50:13.108Z", "lvl": "DEBUG", "cat": "trading", "component": "alpha_breakout", "msg": "Breakout skip: range=97.5pips not in [10.0-80.0]"}
{"ts": "2026-05-11T08:50:13.108Z", "lvl": "DEBUG", "cat": "trading", "component": "alpha_breakout", "msg": "Breakout skip: range=113.2pips not in [10.0-80.0]"}
{"ts": "2026-05-11T08:50:13.108Z", "lvl": "DEBUG", "cat": "trading", "component": "alpha_breakout", "msg": "Breakout skip: range=112.6pips not in [10.0-80.0]"}
{"ts": "2026-05-11T08:50:13.108Z", "lvl": "INFO", "cat": "trading", "component": "alpha_breakout", "msg": "BUY breakout signal: entry=2554.03 SL=2547.15 TP=2567.79 range=39.4pips ATR=4.59"}
{"ts": "2026-05-11T08:50:13.109Z", "lvl": "INFO", "cat": "trading", "component": "alpha_breakout", "msg": "BUY breakout signal: entry=2568.22 SL=2560.87 TP=2582.91 range=74.2pips ATR=4.90"}
{"ts": "2026-05-11T08:50:13.109Z", "lvl": "INFO", "cat": "trading", "component": "alpha_breakout", "msg": "BUY breakout signal: entry=2583.33 SL=2575.91 TP=2598.17 range=75.3pips ATR=4.95"}
{"ts": "2026-05-11T08:50:13.109Z", "lvl": "DEBUG", "cat": "trading", "component": "alpha_breakout", "msg": "Breakout skip: range=85.2pips not in [10.0-80.0]"}
{"ts": "2026-05-11T08:50:13.109Z", "lvl": "DEBUG", "cat": "trading", "component": "alpha_breakout", "msg": "Breakout skip: range=104.9pips not in [10.0-80.0]"}
{"ts": "2026-05-11T08:50:13.110Z", "lvl": "INFO", "cat": "trading", "component": "alpha_breakout", "msg": "BUY breakout signal: entry=2599.62 SL=2593.66 TP=2611.55 range=32.5pips ATR=3.98"}
{"ts": "2026-05-11T08:50:13.111Z", "lvl": "INFO", "cat": "trading", "component": "alpha_breakout", "msg": "BUY breakout signal: entry=2602.84 SL=2596.45 TP=2615.63 range=71.2pips ATR=4.26"}
{"ts": "2026-05-11T08:50:13.111Z", "lvl": "INFO", "cat": "trading", "component": "alpha_breakout", "msg": "BUY breakout signal: entry=2614.27 SL=2607.82 TP=2627.18 range=36.2pips ATR=4.30"}
{"ts": "2026-05-11T08:50:13.111Z", "lvl": "INFO", "cat": "trading", "component": "alpha_breakout", "msg": "BUY breakout signal: entry=2631.32 SL=2624.94 TP=2644.09 range=55.2pips ATR=4.26"}
{"ts": "2026-05-11T08:50:13.112Z", "lvl": "DEBUG", "cat": "trading", "component": "alpha_breakout", "msg": "Breakout skip: range=112.9pips not in [10.0-80.0]"}
{"ts": "2026-05-11T08:50:13.112Z", "lvl": "DEBUG", "cat": "trading", "component": "alpha_breakout", "msg": "Breakout skip: range=143.5pips not in [10.0-80.0]"}
{"ts": "2026-05-11T08:50:13.112Z", "lvl": "DEBUG", "cat": "trading", "component": "alpha_breakout", "msg": "Breakout skip: range=135.5pips not in [10.0-80.0]"}
{"ts": "2026-05-11T08:50:13.112Z", "lvl": "DEBUG", "cat": "trading", "component": "alpha_breakout", "msg": "Breakout skip: range=85.3pips not in [10.0-80.0]"}
{"ts": "2026-05-11T08:50:13.112Z", "lvl": "DEBUG", "cat": "trading", "component": "alpha_breakout", "msg": "Breakout skip: range=91.2pips not in [10.0-80.0]"}
{"ts": "2026-05-11T08:50:13.112Z", "lvl": "DEBUG", "cat": "trading", "component": "alpha_breakout", "msg": "Breakout skip: range=105.5pips not in [10.0-80.0]"}
{"ts": "2026-05-11T08:50:13.113Z", "lvl": "DEBUG", "cat": "trading", "component": "alpha_breakout", "msg": "Breakout skip: range=116.1pips not in [10.0-80.0]"}
{"ts": "2026-05-11T08:50:13.113Z", "lvl": "DEBUG", "cat": "trading", "component": "alpha_breakout", "msg": "Breakout skip: range=111.8pips not in [10.0-80.0]"}
{"ts": "2026-05-11T08:50:13.113Z", "lvl": "DEBUG", "cat": "trading", "component": "alpha_breakout", "msg": "Breakout skip: range=118.9pips not in [10.0-80.0]"}
{"ts": "2026-05-11T08:50:13.113Z", "lvl": "DEBUG", "cat": "trading", "component": "alpha_breakout", "msg": "Breakout skip: range=109.1pips not in [10.0-80.0]"}
{"ts": "2026-05-11T08:50:13.114Z", "lvl": "INFO", "cat": "trading", "component": "alpha_breakout", "msg": "SELL breakout signal: entry=2662.24 SL=2668.50 TP=2649.71 range=43.1pips ATR=4.18"}
{"ts": "2026-05-11T08:50:13.118Z", "lvl": "DEBUG", "cat": "trading", "component": "strategy_base", "msg": "Strategy 'alpha_breakout' initialized"}
{"ts": "2026-05-11T08:50:13.120Z", "lvl": "DEBUG", "cat": "trading", "component": "strategy_base", "msg": "Strategy 'alpha_breakout' initialized"}
{"ts": "2026-05-11T08:50:13.120Z", "lvl": "DEBUG", "cat": "trading", "component": "alpha_breakout", "msg": "Breakout skip: range=98.0pips not in [10.0-80.0]"}
{"ts": "2026-05-11T08:50:13.121Z", "lvl": "INFO", "cat": "trading", "component": "alpha_breakout", "msg": "BUY breakout signal: entry=2374.10 SL=2366.92 TP=2388.47 range=45.8pips ATR=4.79"}
{"ts": "2026-05-11T08:50:13.121Z", "lvl": "DEBUG", "cat": "trading", "component": "alpha_breakout", "msg": "Breakout skip: range=125.4pips not in [10.0-80.0]"}
{"ts": "2026-05-11T08:50:13.121Z", "lvl": "DEBUG", "cat": "trading", "component": "alpha_breakout", "msg": "Breakout skip: range=94.7pips not in [10.0-80.0]"}
{"ts": "2026-05-11T08:50:13.121Z", "lvl": "DEBUG", "cat": "trading", "component": "alpha_breakout", "msg": "Breakout skip: range=95.9pips not in [10.0-80.0]"}
{"ts": "2026-05-11T08:50:13.121Z", "lvl": "DEBUG", "cat": "trading", "component": "alpha_breakout", "msg": "Breakout skip: range=102.3pips not in [10.0-80.0]"}
{"ts": "2026-05-11T08:50:13.121Z", "lvl": "DEBUG", "cat": "trading", "component": "alpha_breakout", "msg": "Breakout skip: range=83.3pips not in [10.0-80.0]"}
{"ts": "2026-05-11T08:50:13.121Z", "lvl": "DEBUG", "cat": "trading", "component": "alpha_breakout", "msg": "Breakout skip: range=82.9pips not in [10.0-80.0]"}
{"ts": "2026-05-11T08:50:13.121Z", "lvl": "DEBUG", "cat": "trading", "component": "alpha_breakout", "msg": "Breakout skip: range=104.1pips not in [10.0-80.0]"}
{"ts": "2026-05-11T08:50:13.122Z", "lvl": "DEBUG", "cat": "trading", "component": "alpha_breakout", "msg": "Breakout skip: range=111.6pips not in [10.0-80.0]"}
{"ts": "2026-05-11T08:50:13.122Z", "lvl": "DEBUG", "cat": "trading", "component": "alpha_breakout", "msg": "Breakout skip: range=94.1pips not in [10.0-80.0]"}
{"ts": "2026-05-11T08:50:13.123Z", "lvl": "INFO", "cat": "trading", "component": "alpha_breakout", "msg": "BUY breakout signal: entry=2400.40 SL=2393.18 TP=2414.83 range=66.6pips ATR=4.81"}
{"ts": "2026-05-11T08:50:13.123Z", "lvl": "DEBUG", "cat": "trading", "component": "alpha_breakout", "msg": "Breakout skip: range=91.1pips not in [10.0-80.0]"}
{"ts": "2026-05-11T08:50:13.123Z", "lvl": "INFO", "cat": "trading", "component": "alpha_breakout", "msg": "BUY breakout signal: entry=2418.52 SL=2411.16 TP=2433.24 range=50.7pips ATR=4.91"}
{"ts": "2026-05-11T08:50:13.124Z", "lvl": "INFO", "cat": "trading", "component": "alpha_breakout", "msg": "BUY breakout signal: entry=2434.20 SL=2426.72 TP=2449.15 range=70.4pips ATR=4.98"}
{"ts": "2026-05-11T08:50:13.124Z", "lvl": "DEBUG", "cat": "trading", "component": "alpha_breakout", "msg": "Breakout skip: range=122.2pips not in [10.0-80.0]"}
{"ts": "2026-05-11T08:50:13.124Z", "lvl": "DEBUG", "cat": "trading", "component": "alpha_breakout", "msg": "Breakout skip: range=141.2pips not in [10.0-80.0]"}
{"ts": "2026-05-11T08:50:13.124Z", "lvl": "DEBUG", "cat": "trading", "component": "alpha_breakout", "msg": "Breakout skip: range=107.9pips not in [10.0-80.0]"}
{"ts": "2026-05-11T08:50:13.124Z", "lvl": "DEBUG", "cat": "trading", "component": "alpha_breakout", "msg": "Breakout skip: range=81.6pips not in [10.0-80.0]"}
{"ts": "2026-05-11T08:50:13.124Z", "lvl": "DEBUG", "cat": "trading", "component": "alpha_breakout", "msg": "Breakout skip: range=87.5pips not in [10.0-80.0]"}
{"ts": "2026-05-11T08:50:13.125Z", "lvl": "DEBUG", "cat": "trading", "component": "alpha_breakout", "msg": "Breakout skip: range=106.3pips not in [10.0-80.0]"}
{"ts": "2026-05-11T08:50:13.125Z", "lvl": "DEBUG", "cat": "trading", "component": "alpha_breakout", "msg": "Breakout skip: range=108.0pips not in [10.0-80.0]"}
{"ts": "2026-05-11T08:50:13.125Z", "lvl": "DEBUG", "cat": "trading", "component": "alpha_breakout", "msg": "Breakout skip: range=80.8pips not in [10.0-80.0]"}
{"ts": "2026-05-11T08:50:13.125Z", "lvl": "INFO", "cat": "trading", "component": "alpha_breakout", "msg": "BUY breakout signal: entry=2459.54 SL=2452.41 TP=2473.79 range=66.7pips ATR=4.75"}
{"ts": "2026-05-11T08:50:13.126Z", "lvl": "DEBUG", "cat": "trading", "component": "alpha_breakout", "msg": "Breakout skip: range=115.9pips not in [10.0-80.0]"}
{"ts": "2026-05-11T08:50:13.126Z", "lvl": "DEBUG", "cat": "trading", "component": "alpha_breakout", "msg": "Breakout skip: range=103.5pips not in [10.0-80.0]"}
{"ts": "2026-05-11T08:50:13.126Z", "lvl": "INFO", "cat": "trading", "component": "alpha_breakout", "msg": "BUY breakout signal: entry=2481.91 SL=2474.78 TP=2496.18 range=55.6pips ATR=4.76"}
{"ts": "2026-05-11T08:50:13.126Z", "lvl": "DEBUG", "cat": "trading", "component": "alpha_breakout", "msg": "Breakout skip: range=92.1pips not in [10.0-80.0]"}
{"ts": "2026-05-11T08:50:13.127Z", "lvl": "INFO", "cat": "trading", "component": "alpha_breakout", "msg": "BUY breakout signal: entry=2498.56 SL=2491.59 TP=2512.50 range=45.7pips ATR=4.65"}
{"ts": "2026-05-11T08:50:13.127Z", "lvl": "INFO", "cat": "trading", "component": "alpha_breakout", "msg": "BUY breakout signal: entry=2514.32 SL=2507.59 TP=2527.78 range=77.2pips ATR=4.49"}
{"ts": "2026-05-11T08:50:13.127Z", "lvl": "INFO", "cat": "trading", "component": "alpha_breakout", "msg": "BUY breakout signal: entry=2527.53 SL=2520.50 TP=2541.59 range=42.8pips ATR=4.69"}
{"ts": "2026-05-11T08:50:13.127Z", "lvl": "DEBUG", "cat": "trading", "component": "alpha_breakout", "msg": "Breakout skip: range=83.6pips not in [10.0-80.0]"}
{"ts": "2026-05-11T08:50:13.127Z", "lvl": "DEBUG", "cat": "trading", "component": "alpha_breakout", "msg": "Breakout skip: range=108.2pips not in [10.0-80.0]"}
{"ts": "2026-05-11T08:50:13.127Z", "lvl": "DEBUG", "cat": "trading", "component": "alpha_breakout", "msg": "Breakout skip: range=98.4pips not in [10.0-80.0]"}
{"ts": "2026-05-11T08:50:13.127Z", "lvl": "DEBUG", "cat": "trading", "component": "alpha_breakout", "msg": "Breakout skip: range=82.5pips not in [10.0-80.0]"}
{"ts": "2026-05-11T08:50:13.128Z", "lvl": "INFO", "cat": "trading", "component": "alpha_breakout", "msg": "BUY breakout signal: entry=2550.60 SL=2543.20 TP=2565.40 range=77.4pips ATR=4.93"}
{"ts": "2026-05-11T08:50:13.129Z", "lvl": "INFO", "cat": "trading", "component": "alpha_breakout", "msg": "BUY breakout signal: entry=2564.97 SL=2558.13 TP=2578.64 range=54.5pips ATR=4.56"}
{"ts": "2026-05-11T08:50:13.129Z", "lvl": "INFO", "cat": "trading", "component": "alpha_breakout", "msg": "BUY breakout signal: entry=2581.79 SL=2575.08 TP=2595.21 range=69.3pips ATR=4.47"}
{"ts": "2026-05-11T08:50:13.129Z", "lvl": "INFO", "cat": "trading", "component": "alpha_breakout", "msg": "BUY breakout signal: entry=2595.90 SL=2588.82 TP=2610.06 range=69.3pips ATR=4.72"}
{"ts": "2026-05-11T08:50:13.130Z", "lvl": "INFO", "cat": "trading", "component": "alpha_breakout", "msg": "BUY breakout signal: entry=2611.79 SL=2604.59 TP=2626.18 range=54.1pips ATR=4.80"}
{"ts": "2026-05-11T08:50:15.017Z", "lvl": "DEBUG", "cat": "trading", "component": "trade_repository", "msg": "Trade inserted: 052a3650-0055-48aa-a11c-64c7611e294d | XAUUSD BUY"}
{"ts": "2026-05-11T08:50:15.070Z", "lvl": "DEBUG", "cat": "trading", "component": "trade_repository", "msg": "Trade inserted: 94640ef6-96ec-4ee3-8cc8-25a4af6bc453 | XAUUSD BUY"}
{"ts": "2026-05-11T08:50:15.119Z", "lvl": "DEBUG", "cat": "trading", "component": "trade_repository", "msg": "Trade inserted: 9357cec0-f175-4cb8-9a6a-a005459f4a35 | XAUUSD BUY"}
{"ts": "2026-05-11T08:50:15.120Z", "lvl": "INFO", "cat": "trading", "component": "trade_repository", "msg": "Trade closed: 9357cec0-f175-4cb8-9a6a-a005459f4a35 | net_pnl=+145.00 reason=TAKE_PROFIT"}
{"ts": "2026-05-11T08:50:15.169Z", "lvl": "DEBUG", "cat": "trading", "component": "trade_repository", "msg": "Trade inserted: b78cd7de-0d14-4552-a3e0-ba0af36e7df8 | XAUUSD BUY"}
{"ts": "2026-05-11T08:50:15.169Z", "lvl": "INFO", "cat": "trading", "component": "trade_repository", "msg": "Trade closed: b78cd7de-0d14-4552-a3e0-ba0af36e7df8 | net_pnl=+95.00 reason=TAKE_PROFIT"}
{"ts": "2026-05-11T08:56:41.913Z", "lvl": "DEBUG", "cat": "trading", "component": "strategy_base", "msg": "Strategy 'alpha_breakout' initialized"}
{"ts": "2026-05-11T08:56:43.989Z", "lvl": "DEBUG", "cat": "trading", "component": "strategy_base", "msg": "Strategy 'alpha_breakout' initialized"}
{"ts": "2026-05-11T08:56:46.066Z", "lvl": "DEBUG", "cat": "trading", "component": "strategy_base", "msg": "Strategy 'alpha_breakout' initialized"}
{"ts": "2026-05-11T08:56:47.056Z", "lvl": "DEBUG", "cat": "trading", "component": "strategy_base", "msg": "Strategy 'alpha_breakout' initialized"}
{"ts": "2026-05-11T08:57:12.888Z", "lvl": "DEBUG", "cat": "trading", "component": "strategy_base", "msg": "Strategy 'alpha_breakout' initialized"}
{"ts": "2026-05-11T08:59:42.453Z", "lvl": "DEBUG", "cat": "trading", "component": "strategy_base", "msg": "Strategy 'alpha_breakout' initialized"}
{"ts": "2026-05-11T08:59:44.854Z", "lvl": "DEBUG", "cat": "trading", "component": "strategy_base", "msg": "Strategy 'alpha_breakout' initialized"}
{"ts": "2026-05-11T09:12:20.945Z", "lvl": "DEBUG", "cat": "trading", "component": "strategy_base", "msg": "Strategy 'alpha_breakout' initialized"}
{"ts": "2026-05-11T09:30:23.558Z", "lvl": "DEBUG", "cat": "trading", "component": "trade_repository", "msg": "Trade inserted: df2da788-7cf7-410f-beb0-5c40ce190fdf | XAUUSD BUY"}
{"ts": "2026-05-11T09:30:23.611Z", "lvl": "DEBUG", "cat": "trading", "component": "trade_repository", "msg": "Trade inserted: f17a4675-e371-4890-ac81-ed921a4b859d | XAUUSD BUY"}
{"ts": "2026-05-11T09:30:23.660Z", "lvl": "DEBUG", "cat": "trading", "component": "trade_repository", "msg": "Trade inserted: b71b76b2-70df-401c-8324-16d25c8975ba | XAUUSD BUY"}
{"ts": "2026-05-11T09:30:23.662Z", "lvl": "INFO", "cat": "trading", "component": "trade_repository", "msg": "Trade closed: b71b76b2-70df-401c-8324-16d25c8975ba | net_pnl=+145.00 reason=TAKE_PROFIT"}
{"ts": "2026-05-11T09:30:23.720Z", "lvl": "DEBUG", "cat": "trading", "component": "trade_repository", "msg": "Trade inserted: 4aea6b79-7983-4737-9f7c-dc5af4a50048 | XAUUSD BUY"}
{"ts": "2026-05-11T09:30:23.722Z", "lvl": "INFO", "cat": "trading", "component": "trade_repository", "msg": "Trade closed: 4aea6b79-7983-4737-9f7c-dc5af4a50048 | net_pnl=+95.00 reason=TAKE_PROFIT"}
{"ts": "2026-05-11T09:44:14.272Z", "lvl": "DEBUG", "cat": "trading", "component": "trade_repository", "msg": "Trade inserted: 12dbb4e8-5ebc-4576-80ed-6502368d30ad | XAUUSD BUY"}
{"ts": "2026-05-11T09:44:14.325Z", "lvl": "DEBUG", "cat": "trading", "component": "trade_repository", "msg": "Trade inserted: 02abf885-d781-4a9f-8b4a-78a5e20044d9 | XAUUSD BUY"}
{"ts": "2026-05-11T09:44:14.372Z", "lvl": "DEBUG", "cat": "trading", "component": "trade_repository", "msg": "Trade inserted: 5f67e1b3-c600-43fe-8547-c114019b8298 | XAUUSD BUY"}
{"ts": "2026-05-11T09:44:14.374Z", "lvl": "INFO", "cat": "trading", "component": "trade_repository", "msg": "Trade closed: 5f67e1b3-c600-43fe-8547-c114019b8298 | net_pnl=+145.00 reason=TAKE_PROFIT"}
{"ts": "2026-05-11T09:44:14.420Z", "lvl": "DEBUG", "cat": "trading", "component": "trade_repository", "msg": "Trade inserted: aa3b440f-06cf-4a5f-a0a5-df8dfd11cb9a | XAUUSD BUY"}
{"ts": "2026-05-11T09:44:14.422Z", "lvl": "INFO", "cat": "trading", "component": "trade_repository", "msg": "Trade closed: aa3b440f-06cf-4a5f-a0a5-df8dfd11cb9a | net_pnl=+95.00 reason=TAKE_PROFIT"}
{"ts": "2026-05-11T09:48:28.780Z", "lvl": "DEBUG", "cat": "trading", "component": "trade_repository", "msg": "Trade inserted: c60c2545-6381-404c-894e-d980423815bb | XAUUSD BUY"}
{"ts": "2026-05-11T09:48:28.837Z", "lvl": "DEBUG", "cat": "trading", "component": "trade_repository", "msg": "Trade inserted: 340b1977-8d27-4496-b7af-eedf6281f554 | XAUUSD BUY"}
{"ts": "2026-05-11T09:48:28.896Z", "lvl": "DEBUG", "cat": "trading", "component": "trade_repository", "msg": "Trade inserted: 69314c51-8cb8-4a5d-ae80-2165f4cc0d0f | XAUUSD BUY"}
{"ts": "2026-05-11T09:48:28.898Z", "lvl": "INFO", "cat": "trading", "component": "trade_repository", "msg": "Trade closed: 69314c51-8cb8-4a5d-ae80-2165f4cc0d0f | net_pnl=+145.00 reason=TAKE_PROFIT"}
{"ts": "2026-05-11T09:48:28.960Z", "lvl": "DEBUG", "cat": "trading", "component": "trade_repository", "msg": "Trade inserted: 332cfb05-487d-4236-935e-fa81d49c0c3e | XAUUSD BUY"}
{"ts": "2026-05-11T09:48:28.962Z", "lvl": "INFO", "cat": "trading", "component": "trade_repository", "msg": "Trade closed: 332cfb05-487d-4236-935e-fa81d49c0c3e | net_pnl=+95.00 reason=TAKE_PROFIT"}
